# Feature / Sample,Validation|UMCGIBD00126,Validation|UMCGIBD00371,Validation|UMCGIBD00485,Validation|UMCGIBD00238,Validation|UMCGIBD00269,Validation|UMCGIBD00053,Validation|UMCGIBD00613,Validation|UMCGIBD00347,Validation|UMCGIBD00208,Validation|UMCGIBD00027,Validation|UMCGIBD00072,Validation|LLDeep_0010,Validation|LLDeep_0027,ae_Validation|UMCGIBD00126,ae_Validation|UMCGIBD00371,ae_Validation|UMCGIBD00485,ae_Validation|UMCGIBD00238,ae_Validation|UMCGIBD00269,ae_Validation|UMCGIBD00053,ae_Validation|UMCGIBD00613,ae_Validation|UMCGIBD00347,ae_Validation|UMCGIBD00208,ae_Validation|UMCGIBD00027,ae_Validation|UMCGIBD00072,ae_Validation|LLDeep_0010,ae_Validation|LLDeep_0027,denoised_Validation|UMCGIBD00126,denoised_Validation|UMCGIBD00371,denoised_Validation|UMCGIBD00485,denoised_Validation|UMCGIBD00238,denoised_Validation|UMCGIBD00269,denoised_Validation|UMCGIBD00053,denoised_Validation|UMCGIBD00613,denoised_Validation|UMCGIBD00347,denoised_Validation|UMCGIBD00208,denoised_Validation|UMCGIBD00027,denoised_Validation|UMCGIBD00072,denoised_Validation|LLDeep_0010,denoised_Validation|LLDeep_0027
Methanosphaera_stadtmanae,0.0,0.0,0.0,0.0,0.0,0.0,0.0,0.0,0.0,0.0,0.0,0.0,0.0,0.0097,0.009463,0.013029,0.010182,0.009964,0.009922,0.009932,0.009689,0.010505,0.009429,0.009135,0.010279,0.009777,0.001694,0.001728,0.002479,0.001827,0.001688,0.001724,0.001791,0.001678,0.002845,0.001734,0.001688,0.001813,0.001706
Rothia_mucilaginosa,0.0,0.0,0.0,0.0,0.0,0.0,0.0,0.0,0.0,0.0,0.0,0.0,0.0,0.006154,0.006418,0.008064,0.006778,0.006366,0.006568,0.006605,0.006754,0.007052,0.006366,0.006188,0.006444,0.006492,0.005751,0.00547,0.004267,0.005214,0.005759,0.005587,0.005212,0.00557,0.004846,0.005551,0.005693,0.005261,0.005586
Propionibacterium_freudenreichii,0.0,0.0,0.0,0.0,0.0,0.0,0.0,0.0,0.0,0.0,0.0,0.0,0.0,0.011524,0.012267,0.011445,0.011637,0.011257,0.011459,0.011115,0.011988,0.01222,0.011627,0.011038,0.011213,0.011177,0.003266,0.003134,0.003456,0.003232,0.003229,0.003196,0.003116,0.003149,0.003666,0.003199,0.003189,0.003059,0.003121
Bifidobacterium_adolescentis,0.0,1.36e-05,0.0,0.0621243,0.19441,0.176097,0.0477856,0.19145,0.0,0.0,0.173768,0.0001422,0.0,0.062167,0.061768,0.046425,0.056198,0.061281,0.068299,0.063714,0.064595,0.058875,0.065646,0.067029,0.062468,0.070239,0.085044,0.069651,0.016564,0.047288,0.085656,0.077334,0.052632,0.072776,0.014984,0.072303,0.07922,0.046382,0.073889
Bifidobacterium_animalis,0.0,2.37e-05,0.0,0.0,0.0,0.0003968,0.0511327,0.0,0.0,0.0,0.0,0.0,0.0,0.000607,0.000616,0.000869,0.00066,0.000616,0.000622,0.000577,0.000616,0.000654,0.000585,0.000561,0.000624,0.000603,0.000538,0.000537,0.000747,0.000572,0.000537,0.000534,0.000563,0.000547,0.000915,0.000539,0.000546,0.00059,0.000539
Bifidobacterium_bifidum,0.122417,0.0,0.0,0.030159,0.122971,0.0627258,0.0211483,0.0,0.0,0.0,0.0148215,0.0,0.0,0.02637,0.024891,0.023605,0.023495,0.024721,0.024249,0.024737,0.02468,0.024153,0.024756,0.024408,0.024792,0.024427,0.03327,0.028904,0.011709,0.023379,0.033389,0.031746,0.024407,0.030057,0.010364,0.030393,0.031538,0.02285,0.03032
Bifidobacterium_breve,0.0,0.0,0.0,0.0,0.0,0.0,0.0,0.0,0.0,0.0,0.0,0.0,0.0,0.001892,0.001993,0.002309,0.002126,0.001796,0.001691,0.001759,0.001953,0.002065,0.001905,0.001774,0.001781,0.001722,0.002957,0.002838,0.002687,0.002823,0.002919,0.002866,0.002752,0.002898,0.003003,0.002838,0.002897,0.002797,0.002789
Bifidobacterium_catenulatum,0.0,0.0,0.0,0.0004026,0.0,0.0001685,0.0028113,0.0,0.0,0.0,0.0004208,0.0,0.0,0.003334,0.002977,0.003465,0.00305,0.003087,0.003175,0.003262,0.003129,0.003158,0.003183,0.003138,0.003249,0.003222,0.003716,0.003578,0.003403,0.003381,0.003707,0.003594,0.003528,0.003506,0.003636,0.003592,0.003646,0.003359,0.003591
Bifidobacterium_dentium,0.0002807,0.0,0.0,0.0,0.0002811,0.0007675,0.0,0.0,0.0,0.0,0.0,0.001759,0.0,0.001555,0.001406,0.001572,0.001366,0.001433,0.0014,0.001315,0.001388,0.001352,0.001329,0.001356,0.001443,0.001364,0.001808,0.001716,0.001615,0.00161,0.001806,0.001783,0.00164,0.001768,0.001715,0.001732,0.001782,0.001585,0.001725
Bifidobacterium_longum,0.520842,0.166352,0.114689,0.0974422,0.220273,0.152545,0.0112252999999999,0.0939021999999999,0.0,0.0,0.0731087,0.201164,0.0970997,0.047445,0.045433,0.044966,0.045218,0.045537,0.046194,0.047786,0.047306,0.04512,0.046934,0.047209,0.045449,0.045058,0.056887,0.052697,0.027885,0.045103,0.056911,0.05435,0.047185,0.053293,0.025338,0.052869,0.055325,0.042946,0.052748
Bifidobacterium_pseudocatenulatum,0.0,0.0,0.0,0.0101792,0.0,0.0,0.0,0.0,0.0,0.0,0.0026644,0.0,0.0,0.005627,0.005612,0.005751,0.00554,0.005479,0.005529,0.00548,0.005711,0.005396,0.00549,0.005422,0.005469,0.005506,0.005525,0.005393,0.005235,0.005206,0.005492,0.005327,0.005315,0.005359,0.005083,0.005401,0.005492,0.0051,0.005303
Adlercreutzia_equolifaciens,0.0,0.0,0.0,0.0004769,0.0,0.0,0.0002378,0.0083584,0.0009457,0.0113682,1.9e-06,0.0,0.002043,0.001163,0.001083,0.001217,0.001089,0.001077,0.001054,0.001043,0.001075,0.001096,0.001076,0.001031,0.001075,0.001074,0.001208,0.001136,0.000884,0.001055,0.001213,0.00118,0.001052,0.001169,0.000966,0.001158,0.001183,0.001042,0.001154
Collinsella_aerofaciens,0.0,0.0629983,0.0,0.0,0.134067,0.0,0.0310332,0.0,0.0,0.0,0.0421439,0.0,0.0164875,0.040144,0.038477,0.032569,0.036173,0.038737,0.041906,0.040179,0.039361,0.038609,0.040529,0.039146,0.040191,0.041862,0.045929,0.041866,0.021048,0.035865,0.045969,0.044688,0.037259,0.042177,0.019035,0.043136,0.044246,0.034045,0.043089
Collinsella_intestinalis,0.0,0.0,0.0,0.0,0.0,0.0,0.0,0.0,0.0,0.0,0.0,0.0,0.0,0.006498,0.006372,0.006809,0.006416,0.005995,0.006291,0.006428,0.006422,0.006673,0.006653,0.006055,0.006141,0.006039,0.001578,0.001531,0.001556,0.00156,0.001575,0.001546,0.001518,0.001531,0.001845,0.001565,0.001553,0.001528,0.001554
Collinsella_unclassified,0.0,0.0,0.0,0.0,0.0,0.0,0.0,0.0,0.0,0.0,0.0,0.0,0.0,0.003041,0.00335,0.003441,0.003367,0.003003,0.003164,0.003225,0.003385,0.0035,0.003265,0.003046,0.003057,0.003216,0.00849,0.007901,0.005455,0.00699,0.00854,0.008362,0.007199,0.008089,0.00542,0.008015,0.008286,0.006991,0.008048
Eggerthella_lenta,0.0,0.0,0.0008932,0.0036093,0.0012364,0.0021758,0.0,0.0,8.5e-06,5.04e-05,1.8e-05,0.0204,5.5e-06,0.001069,0.00099,0.001101,0.000966,0.001019,0.000979,0.001015,0.001014,0.001016,0.001057,0.000976,0.001034,0.001043,0.000886,0.000849,0.000721,0.000816,0.000881,0.00087,0.000819,0.000863,0.000778,0.000867,0.000872,0.000797,0.000854
Eggerthella_sp_1_3_56FAA,0.0,0.0,0.0,0.0,0.0,0.0,0.0,0.0,0.0,0.0,0.0,0.0,0.0,0.001767,0.001785,0.002223,0.001986,0.001815,0.001713,0.001776,0.001882,0.001903,0.001768,0.00173,0.001754,0.001718,0.001973,0.001931,0.001827,0.001942,0.001946,0.001911,0.001904,0.001923,0.002095,0.001945,0.001948,0.001881,0.001906
Eggerthella_unclassified,0.0269657,0.0057034,0.007026,0.0102952999999999,0.0083669,0.0052683,0.000244,0.0027233,0.0,0.0005788,0.0,0.0125554,0.0005267,0.006766,0.006546,0.007833,0.006971,0.006649,0.006474,0.006661,0.006647,0.006697,0.006576,0.006477,0.006764,0.006438,0.006692,0.006307,0.004833,0.00586,0.006718,0.006576,0.005929,0.00635,0.004826,0.006403,0.006489,0.005559,0.006379
Gordonibacter_pamelaeae,0.0,0.0,0.0003727,0.0004662,0.0016787,0.0042801,0.0,0.0005001,0.0001416,0.0056275,0.0,0.0161932,0.0005075,0.00118,0.001174,0.001579,0.001236,0.0011,0.001136,0.001217,0.001176,0.001284,0.001168,0.001077,0.001152,0.001097,0.001108,0.00105,0.001004,0.001047,0.001106,0.001065,0.001038,0.001064,0.001146,0.001072,0.00109,0.001006,0.001052
Slackia_piriformis,0.0,0.0,0.0,0.0,0.0,0.0,0.0,0.0,0.0,0.0,0.0,0.0,0.0,0.000585,0.000606,0.000854,0.000651,0.000585,0.000565,0.000582,0.000625,0.00064,0.000584,0.000562,0.000586,0.000561,0.000551,0.00053,0.000548,0.000526,0.000548,0.000533,0.00053,0.000538,0.000655,0.000531,0.000543,0.000513,0.000526
Bacteroides_caccae,0.0,0.0,0.0,0.0118449,0.0,0.0039414,0.0052733999999999,0.0,0.006617,0.0,0.0,0.0167044999999999,0.0008336,0.005712,0.005367,0.006882,0.005375,0.005609,0.005471,0.005443,0.005794,0.005693,0.005515,0.005615,0.005732,0.005781,0.006292,0.005887,0.004198,0.005391,0.006314,0.006136,0.005604,0.006061,0.004614,0.005989,0.006156,0.005363,0.006032
Bacteroides_cellulosilyticus,0.0,0.0,0.0,0.0,0.0,0.0,0.0,0.0,0.0,0.0,0.0,0.0471223,0.0,0.000662,0.000635,0.000904,0.000691,0.000652,0.000633,0.000658,0.000667,0.000694,0.000634,0.00065,0.000651,0.000654,0.000742,0.000693,0.000483,0.00061,0.000745,0.000723,0.00063,0.000695,0.000569,0.000712,0.000721,0.000619,0.000712
Bacteroides_dorei,0.0,2.25e-05,0.0,0.0576004,0.0,0.0,0.0,0.0159277,0.0025889,0.0163585,3.6000000000000003e-06,0.0,0.0005283,0.006928,0.006484,0.007273,0.006681,0.006812,0.006423,0.006195,0.006491,0.006511,0.006329,0.006282,0.006822,0.00654,0.00678,0.006624,0.006154,0.006492,0.006775,0.006684,0.006538,0.006624,0.006571,0.006647,0.006673,0.006525,0.006645
Bacteroides_eggerthii,0.0,0.0,0.0,0.0,0.0,0.0,0.0,0.0,0.0,0.0,0.0,0.0,0.0,0.002443,0.002644,0.003228,0.002726,0.002454,0.002686,0.00248,0.002632,0.002831,0.002455,0.002389,0.002543,0.002537,0.002898,0.002735,0.002331,0.002672,0.002877,0.002792,0.002769,0.002751,0.002788,0.002735,0.002793,0.00256,0.002722
Bacteroides_faecis,0.0,0.0,0.0,6.790000000000001e-05,0.0,0.0,0.0,0.0,0.0,0.0,0.0,0.0,0.0,0.000596,0.000696,0.000824,0.000749,0.000605,0.000671,0.000674,0.000696,0.000754,0.000652,0.0006,0.000618,0.000621,0.000676,0.000622,0.000468,0.000539,0.000679,0.000653,0.000558,0.000629,0.000516,0.000635,0.000658,0.000553,0.000644
Bacteroides_finegoldii,0.0,0.0,0.0,0.0,0.0,0.0,0.0,0.0,0.0,0.0,0.0,0.0,0.0,0.011066,0.010636,0.012062,0.010736,0.010572,0.011033,0.010875,0.010603,0.010808,0.010702,0.010235,0.010816,0.010486,0.004784,0.004632,0.004034,0.004412,0.00479,0.004703,0.004508,0.004628,0.004621,0.004588,0.00473,0.004338,0.004665
Bacteroides_fragilis,0.0,0.0266695,0.32101,0.034675,0.0,0.0018847999999999,0.0,0.0173421,0.0,0.0,0.0,0.0,0.0007765,0.003551,0.003431,0.00491,0.003519,0.00371,0.003517,0.003474,0.00354,0.003723,0.003315,0.003381,0.003732,0.003402,0.003337,0.003321,0.00382,0.003457,0.003327,0.003299,0.003401,0.003298,0.004262,0.003355,0.003319,0.003414,0.003283
Bacteroides_intestinalis,0.0,0.0,0.0,0.0,0.0,0.0,0.0,0.0,0.0,0.0,0.0,0.0,0.0,0.005581,0.005568,0.006479,0.005837,0.005263,0.005709,0.005408,0.005614,0.00582,0.005509,0.005387,0.005604,0.005567,0.002071,0.002002,0.002183,0.002037,0.002058,0.002031,0.00202,0.002053,0.002461,0.002023,0.002041,0.002052,0.002007
Bacteroides_massiliensis,0.0,0.0,0.0,0.0,0.0,0.0,0.0,0.0,0.0015708,0.0,0.0,0.0208888,0.0,0.001498,0.001598,0.001779,0.001629,0.001504,0.001628,0.001606,0.001623,0.001649,0.001609,0.001556,0.001559,0.001629,0.001648,0.001594,0.001539,0.001546,0.001644,0.001634,0.00155,0.001641,0.001696,0.001612,0.001644,0.001556,0.001598
Bacteroides_ovatus,0.0,0.0,0.0,0.0043126999999999,0.004224,0.0027984,0.0,0.0040615,0.0002215,0.0108192,1.92e-05,0.0033162,0.0077382,0.003142,0.003119,0.003772,0.003216,0.003057,0.003033,0.003006,0.003039,0.003176,0.003026,0.0029,0.003114,0.003001,0.003309,0.003204,0.002616,0.003,0.00329,0.003283,0.002968,0.003164,0.002724,0.003249,0.003263,0.00297,0.003254
Bacteroides_salyersiae,0.0,0.0,0.0,0.0,0.0,0.0,0.0,0.0,0.0,0.0,0.0,0.0,0.0,0.004289,0.004388,0.004962,0.004696,0.004572,0.004405,0.004657,0.004822,0.004642,0.004517,0.004591,0.004614,0.004601,0.003667,0.003393,0.002876,0.003255,0.003639,0.003547,0.003308,0.003545,0.003203,0.003422,0.003568,0.003103,0.003393
Bacteroides_sp_2_1_22,0.0,0.0,0.0,0.0,0.0,0.0,0.0,0.0,0.0,0.0,0.0,0.0,0.0,0.006418,0.006044,0.007333,0.006115,0.006016,0.006253,0.006282,0.006343,0.00644,0.006164,0.006109,0.006233,0.006387,0.002669,0.002535,0.001827,0.002397,0.002688,0.002591,0.002463,0.002542,0.002153,0.00259,0.0026,0.002404,0.002561
Bacteroides_stercoris,0.0,0.0,0.0,0.0,0.0,0.0,0.0,0.0,0.0,0.0,0.0016719999999999,0.0,0.0,0.00604,0.006046,0.00589,0.005603,0.005696,0.006492,0.006036,0.00613,0.006081,0.006164,0.006026,0.005938,0.006233,0.007251,0.006505,0.002954,0.005309,0.007378,0.007072,0.005796,0.006707,0.003057,0.006734,0.00704,0.005372,0.006855
Bacteroides_thetaiotaomicron,0.0,0.0,0.0,0.0052571,0.0079098,0.0054166,0.0014624,0.0,2.55e-05,0.0,0.0,0.0058446,0.003196,0.005844,0.005604,0.00745,0.006139,0.005773,0.005394,0.005482,0.005498,0.005843,0.005429,0.005361,0.005741,0.005506,0.003206,0.003394,0.00694,0.004091,0.003166,0.003274,0.00378,0.003354,0.008423,0.003415,0.003269,0.003972,0.003315
Bacteroides_uniformis,0.0,0.101352,0.0,0.0197672,0.0174114,0.062903,0.015619,0.0696377,0.0272223999999999,0.0265017,9.38e-05,0.0234227999999999,0.0158391,0.011179,0.011802,0.01239,0.011597,0.011278,0.012159,0.011759,0.012009,0.012245,0.011849,0.011381,0.011468,0.012075,0.013273,0.012231,0.007157,0.011106,0.013397,0.012995,0.01152,0.012555,0.006905,0.012684,0.012943,0.01062,0.01257
Bacteroides_vulgatus,0.0,0.0823057,0.0,0.0046731,0.0,0.0125926,0.0159318,0.0022616,0.0079353,0.0326858,0.01063,0.0249252,0.0124651,0.014889,0.015474,0.019075,0.016795,0.014746,0.014025,0.014608,0.014663,0.015773,0.014443,0.01369,0.014637,0.013469,0.009888,0.010418,0.02303,0.012263,0.009882,0.010173,0.011506,0.010381,0.027577,0.010343,0.010221,0.012273,0.010261
Bacteroides_xylanisolvens,0.0,0.0,0.0,0.0,0.0,0.0,0.0005367999999999,5.629999999999999e-05,0.0,0.0,0.0,0.0016574,0.0,0.000711,0.000692,0.000821,0.000725,0.000669,0.000693,0.000686,0.00069,0.000747,0.000694,0.000619,0.000704,0.000664,0.000799,0.000718,0.000502,0.000672,0.000797,0.000761,0.00068,0.000762,0.000648,0.000738,0.000773,0.000655,0.000741
Bacteroidales_bacterium_ph8,0.0,0.0155110999999999,0.0,5.28e-05,0.0,0.0,0.0039356,0.0024785,0.0036116,0.0045489,0.0,0.0,0.0003911999999999,0.001047,0.001146,0.001292,0.001244,0.001015,0.001162,0.001148,0.001163,0.001218,0.001113,0.001089,0.00107,0.00114,0.001098,0.001035,0.000949,0.001002,0.001099,0.001077,0.001022,0.001084,0.001056,0.001046,0.001085,0.000985,0.001046
Barnesiella_intestinihominis,0.0,0.0464661,0.0096901,0.0100025,0.0,0.0,0.0044192,0.0114291,0.0153537999999999,0.0,0.0,0.0109015,0.0002294,0.003352,0.0037,0.003944,0.003719,0.003302,0.003451,0.003536,0.003784,0.003864,0.003615,0.003424,0.003384,0.003408,0.003674,0.003387,0.002221,0.003112,0.003695,0.003577,0.00319,0.003433,0.002385,0.003519,0.003556,0.002987,0.003523
Odoribacter_laneus,0.0,0.0,0.0,0.0,0.0,0.0,0.0,0.0,0.0,0.0,0.0,0.0,0.0,0.011863,0.010532,0.012085,0.010237,0.01101,0.010629,0.010722,0.010762,0.01101,0.011251,0.010489,0.011022,0.010591,0.004251,0.003893,0.00254,0.003404,0.004256,0.004044,0.003536,0.00388,0.002775,0.003976,0.004078,0.003266,0.00397
Odoribacter_splanchnicus,0.0,0.0,0.0,0.0,0.0,0.0025763,0.0,0.0,0.0086887999999999,0.0,0.0,0.0,0.0,0.000412,0.000407,0.000602,0.000467,0.000396,0.000398,0.000432,0.00042,0.000459,0.000415,0.000393,0.000408,0.000402,0.000425,0.000414,0.000393,0.000408,0.000422,0.000417,0.000407,0.000419,0.000473,0.00041,0.000422,0.000397,0.000407
Parabacteroides_distasonis,0.0056513,0.0,0.0,0.0001898,0.0090462,0.0032209,0.0001281,0.0,0.0011110999999999,0.0,0.0,0.0002026999999999,9.01e-05,0.001068,0.001158,0.001351,0.001209,0.001063,0.001185,0.001112,0.001115,0.001202,0.001088,0.001013,0.001101,0.001116,0.001132,0.001078,0.000947,0.001027,0.001134,0.001113,0.001027,0.001086,0.001011,0.00111,0.001119,0.001003,0.001098
Parabacteroides_goldsteinii,0.0,0.0,0.0,0.0,0.0,0.0,0.0,0.0,0.0,0.0,0.0,0.0,0.0,0.008683,0.008581,0.008753,0.008893,0.008638,0.008543,0.008639,0.008287,0.009014,0.008805,0.008242,0.008712,0.008414,0.006009,0.005574,0.004301,0.00521,0.006004,0.00588,0.005307,0.005658,0.004644,0.005744,0.005777,0.005117,0.005751
Parabacteroides_merdae,0.0,0.0,0.0,0.0,0.0,0.0079644,0.0121397,0.0033309,0.0,0.0072069999999999,0.0,0.0040852,0.0,0.001945,0.002078,0.00192,0.002021,0.001805,0.002005,0.001858,0.001954,0.00199,0.001989,0.001852,0.001827,0.001944,0.001903,0.00176,0.001353,0.001634,0.001905,0.001816,0.001694,0.001759,0.001541,0.001813,0.001834,0.001611,0.001799
Parabacteroides_unclassified,0.0032178,0.0,0.0,0.0067363,0.0127971,0.0,0.0,0.0,0.0003404,0.0,0.0,0.0057982,0.0002299,0.002144,0.002255,0.002747,0.002415,0.00216,0.002167,0.002232,0.00229,0.002379,0.002283,0.002136,0.002204,0.00219,0.002036,0.002052,0.002638,0.002099,0.002028,0.002009,0.00215,0.002064,0.003175,0.002036,0.002052,0.002169,0.002037
Paraprevotella_clara,0.0,0.0,0.0,0.0,0.0,0.0,0.0021388,0.0,0.0,0.0,0.0001831,0.0,0.0,0.000596,0.000575,0.000723,0.000641,0.000579,0.000543,0.000563,0.000601,0.000613,0.000571,0.000575,0.000582,0.000575,0.000413,0.000414,0.00056,0.000436,0.000412,0.000411,0.000423,0.000408,0.000711,0.000412,0.00041,0.000417,0.000405
Paraprevotella_unclassified,0.0,0.0,0.0,0.0,0.0,0.0,0.0040799,0.0,0.0,0.0,0.0005309,0.0,0.0,0.001149,0.001119,0.001305,0.001173,0.001085,0.001117,0.001131,0.001107,0.00115,0.00109,0.001053,0.001104,0.001096,0.000937,0.000913,0.001005,0.000895,0.000928,0.00092,0.00088,0.000895,0.001169,0.00092,0.000915,0.000857,0.000901
Prevotella_copri,0.0,0.0,0.0,0.0,0.0,0.0,0.0404731999999999,0.0,0.0,0.0,0.0,0.0,0.0,0.008931,0.008255,0.008682,0.007921,0.00831,0.00847,0.008189,0.008518,0.008339,0.008336,0.008517,0.008589,0.008827,0.014504,0.012471,0.004338,0.009492,0.014687,0.013632,0.010555,0.01273,0.004217,0.012788,0.013702,0.009236,0.013066
Alistipes_finegoldii,0.0,0.0,0.0029505,0.0010692,0.0002318,0.0018942,0.0002676,0.0,0.0004147999999999,0.0,0.0,0.0073181,5.24e-05,0.000776,0.000769,0.001097,0.000865,0.000768,0.000736,0.000778,0.000793,0.000843,0.000762,0.000714,0.000774,0.000723,0.000632,0.000623,0.000728,0.000635,0.000629,0.000635,0.00062,0.00062,0.000832,0.000628,0.000624,0.000625,0.000624
Alistipes_indistinctus,0.0,0.0,0.0,0.0,0.001572,0.0,0.0,0.0,0.0003128999999999,0.0,0.0,0.0,0.0001758,0.000579,0.00059,0.000694,0.000581,0.000541,0.000588,0.000562,0.000586,0.00063,0.000581,0.000529,0.000565,0.000554,0.00054,0.000523,0.000518,0.000516,0.000538,0.000537,0.000519,0.000536,0.000587,0.000537,0.000534,0.000533,0.00053
Alistipes_onderdonkii,0.0,0.0,0.0,0.0,0.0052986,0.0064531,0.0,0.0054753,0.0081703,0.0,0.0,0.0033137,0.0013335999999999,0.004372,0.00469,0.005098,0.004897,0.004531,0.004763,0.004652,0.004736,0.004878,0.004639,0.004451,0.004654,0.004734,0.004579,0.004349,0.003559,0.004105,0.004572,0.004522,0.004097,0.004518,0.003761,0.004462,0.004537,0.004135,0.004454
Alistipes_putredinis,0.0,0.0,0.0,0.0386123,0.0,0.0,0.0,0.0382165999999999,0.0221694999999999,0.0,1.39e-05,0.0,0.0048481,0.009062,0.009626,0.008753,0.009276,0.008286,0.0088,0.009217,0.009725,0.009516,0.009544,0.009143,0.008438,0.009211,0.008684,0.00845,0.008063,0.008478,0.008653,0.008504,0.0085,0.008766,0.009192,0.008469,0.008683,0.008468,0.008403
Alistipes_senegalensis,0.0,0.0,0.0,0.0,0.0,0.0,0.0,0.0,0.0,0.0,0.0,0.0,0.0,0.002783,0.003023,0.003484,0.003294,0.002755,0.002928,0.002941,0.002974,0.003228,0.00287,0.002614,0.002787,0.002789,0.015859,0.015668,0.015749,0.015302,0.015778,0.01564,0.015401,0.015427,0.015377,0.015763,0.015733,0.015225,0.015564
Alistipes_shahii,0.0,0.0,0.0024010999999999,0.0029917,0.0,0.0,0.0028318,0.0,0.0087872,0.0,0.0,0.0057969,0.0004246999999999,0.001237,0.001134,0.001325,0.001123,0.001182,0.001178,0.001105,0.001132,0.001165,0.001158,0.001122,0.001191,0.001147,0.001142,0.001096,0.001019,0.001025,0.001132,0.001114,0.001059,0.001095,0.001172,0.001095,0.00112,0.001024,0.001093
Alistipes_sp_AP11,0.0,0.0,0.0,0.0,0.0,0.0,0.0,0.0,0.0,0.0,0.0,0.0,0.0,0.000532,0.000566,0.000672,0.000581,0.000512,0.000584,0.000547,0.000573,0.0006,0.000563,0.000533,0.000523,0.000542,0.000532,0.000515,0.000613,0.000541,0.000531,0.000524,0.000529,0.000524,0.000714,0.000523,0.000528,0.000519,0.000514
Alistipes_sp_HGB5,0.0,0.0,0.0,0.0,0.0,0.0,0.0,0.0,0.0,0.0,0.0,0.0,0.0,0.009055,0.008528,0.011178,0.009204,0.008688,0.008387,0.008291,0.008709,0.00885,0.008256,0.008273,0.008733,0.008126,0.002636,0.002542,0.00235,0.002502,0.002618,0.002566,0.002517,0.002548,0.002781,0.002564,0.002595,0.002464,0.002532
Alistipes_unclassified,0.0,0.0004832,0.0057875,0.0,0.0,0.0,0.0,0.0,0.0,0.0174299,1.6800000000000002e-05,0.0336503,0.0,0.002268,0.002428,0.003187,0.00265,0.002288,0.00244,0.002305,0.002312,0.002592,0.002236,0.002134,0.002319,0.002146,0.002056,0.00213,0.003706,0.002366,0.002016,0.002034,0.002261,0.0021,0.005135,0.002089,0.002072,0.002408,0.002056
Enterococcus_avium,0.0,0.0,0.0,0.0,0.0,0.0,0.0,0.0,0.0,0.0,0.0,0.0,0.0,0.009753,0.010157,0.011347,0.010403,0.009811,0.009809,0.009137,0.009982,0.010377,0.009693,0.009564,0.009853,0.009732,0.003469,0.003378,0.003905,0.003571,0.003465,0.00345,0.003391,0.003346,0.004184,0.003501,0.003408,0.003421,0.00346
Enterococcus_faecalis,0.0,0.0,0.0,0.0,0.0,0.0,0.0,0.0,0.0,0.0,0.0,0.0,0.0,0.00352,0.003977,0.004485,0.004288,0.003382,0.003692,0.003581,0.003834,0.00416,0.00372,0.003439,0.003459,0.003521,0.004552,0.004348,0.00337,0.004203,0.004544,0.004436,0.004221,0.004352,0.003757,0.004411,0.004443,0.004011,0.004334
Enterococcus_faecium,0.0,0.0,0.0,0.0,0.0,0.0,0.0,0.0,0.0,0.0,0.0,0.0,0.0,0.005812,0.005431,0.006542,0.005475,0.005568,0.00519,0.005434,0.005653,0.005728,0.005477,0.005038,0.005679,0.00539,0.005256,0.005055,0.004371,0.004837,0.005225,0.005067,0.005024,0.005154,0.004928,0.004971,0.005189,0.004758,0.004992
Lactobacillus_acidophilus,0.0,0.0,0.0,0.0,0.0,0.0,0.0,0.0,0.0,0.0,0.0,0.0,0.0,0.002976,0.003104,0.004127,0.003141,0.00315,0.003086,0.00302,0.003194,0.003314,0.002921,0.002912,0.003158,0.003143,0.003571,0.003545,0.003983,0.00376,0.003579,0.0036,0.003624,0.003624,0.004767,0.00364,0.003614,0.003905,0.003637
Lactobacillus_casei_paracasei,0.0,0.0,0.0,0.0,0.0,0.0,0.0,0.0,0.0,0.0,0.0,0.0,0.0,0.002208,0.002259,0.002908,0.002464,0.002242,0.002422,0.002346,0.002309,0.002471,0.002298,0.002178,0.002325,0.002287,0.001729,0.001711,0.002282,0.001736,0.001723,0.001729,0.00171,0.001724,0.002644,0.001718,0.001734,0.001772,0.00172
Lactobacillus_fermentum,0.0,0.0,0.0,0.0,0.0,0.0,0.0,0.0,0.0,0.0,0.0,0.0,0.0,0.004986,0.004954,0.005354,0.004867,0.004628,0.004941,0.004855,0.004893,0.005109,0.005061,0.004727,0.004827,0.004985,0.00298,0.002907,0.003115,0.002893,0.002975,0.002976,0.002845,0.002861,0.003501,0.002999,0.002942,0.002945,0.002988
Lactobacillus_gasseri,0.0,0.0,0.0,0.0,0.0,0.0,0.0,0.0,0.0,0.0,0.0,0.0,0.0,0.020008,0.019788,0.0225,0.019987,0.019002,0.019193,0.020223,0.02089,0.020871,0.020087,0.019414,0.019508,0.019035,0.013483,0.013423,0.011882,0.013405,0.013413,0.013253,0.013348,0.013349,0.012919,0.013549,0.01352,0.013214,0.013344
Lactobacillus_plantarum,0.0,0.0,0.0,0.0,0.0,0.0,0.0,0.0,0.0,0.0,0.0,0.0,0.0,0.001223,0.001228,0.001591,0.001341,0.001191,0.001123,0.001166,0.001239,0.001299,0.001186,0.001126,0.001183,0.001136,0.012072,0.011426,0.009305,0.011016,0.012082,0.011729,0.010909,0.011371,0.010336,0.01167,0.011779,0.010583,0.011592
Lactobacillus_rhamnosus,0.0,0.0,0.0,0.0,0.0,0.0,0.0,0.0,0.0,0.0,0.0,0.0,0.0,0.002524,0.002505,0.002409,0.00229,0.002328,0.002609,0.002424,0.002473,0.002493,0.002535,0.002466,0.002482,0.002625,0.003678,0.003429,0.002393,0.003249,0.003664,0.003552,0.003215,0.003458,0.002571,0.003518,0.003565,0.003098,0.003476
Lactobacillus_salivarius,0.0,0.0,0.0,0.0,0.0,0.0,0.0,0.0,0.0,0.0,0.0,0.0,0.0,0.003543,0.003779,0.004208,0.00382,0.003416,0.003546,0.003675,0.003685,0.003979,0.003786,0.003417,0.003512,0.003635,0.001458,0.001389,0.001259,0.001352,0.001445,0.001425,0.001356,0.001371,0.001444,0.001413,0.001422,0.00131,0.001397
Pediococcus_acidilactici,0.0,0.0,0.0,0.0,0.0,0.0,0.0,0.0,0.0,0.0,0.0,0.0,0.0,0.005982,0.006234,0.007167,0.006679,0.006312,0.006616,0.006095,0.006054,0.006333,0.005734,0.005885,0.006269,0.006257,0.001745,0.001702,0.002137,0.001818,0.001738,0.001712,0.001759,0.001715,0.002493,0.001743,0.001731,0.001774,0.001715
Pediococcus_lolii,0.0,0.0,0.0,0.0,0.0,0.0,0.0,0.0,0.0,0.0,0.0,0.0,0.0,0.001854,0.001905,0.002333,0.002076,0.001986,0.002011,0.002002,0.002013,0.001991,0.001901,0.001911,0.001959,0.001981,0.003905,0.003938,0.004608,0.004138,0.003885,0.003883,0.004176,0.003923,0.005194,0.003947,0.003927,0.004057,0.003911
Pediococcus_unclassified,0.0,0.0,0.0,0.0,0.0,0.0,0.0,0.0,0.0,0.0,0.0,0.0,0.0,0.00238,0.002254,0.002911,0.002354,0.002336,0.002094,0.002244,0.002337,0.002368,0.002158,0.002102,0.002355,0.002104,0.004618,0.004317,0.00376,0.004256,0.004626,0.004432,0.004378,0.004549,0.004378,0.004345,0.004567,0.004119,0.004329
Leuconostoc_citreum,0.0,0.0,0.0,0.0,0.0,0.0,0.0,0.0,0.0,0.0,0.0,0.0,0.0,0.004216,0.004556,0.004745,0.004533,0.004188,0.004483,0.004532,0.004657,0.004571,0.004582,0.004301,0.004253,0.004451,0.001346,0.001327,0.001507,0.001367,0.001345,0.00135,0.001367,0.001345,0.001743,0.00132,0.001341,0.001348,0.001311
Lactococcus_lactis,0.0,0.0,0.0,0.0,0.0,0.0,0.0,0.0,0.0,0.0,0.0,0.0,0.0,0.008329,0.009521,0.00959,0.009765,0.008881,0.01039,0.009578,0.009608,0.009724,0.009189,0.009297,0.009031,0.00971,0.004306,0.004181,0.00375,0.00391,0.004305,0.004221,0.004051,0.004071,0.004188,0.004149,0.004176,0.003771,0.004137
Streptococcus_australis,0.0,0.0,0.0,0.0,0.0,0.0,0.0,0.0,0.0,0.0,0.0,0.0,0.0,0.012386,0.012112,0.012393,0.011644,0.012201,0.012657,0.011539,0.01211,0.012216,0.012092,0.011815,0.012363,0.012125,0.002131,0.002082,0.002424,0.002124,0.002124,0.00209,0.002153,0.002114,0.002866,0.002076,0.002115,0.002103,0.002059
Streptococcus_lutetiensis,0.0,0.0,0.0,0.0,0.0,0.0,0.0,0.0,0.0,0.0,0.0,0.0,0.0,0.004724,0.004859,0.006771,0.005309,0.004839,0.004992,0.004799,0.004878,0.005317,0.00457,0.00466,0.004898,0.004679,0.00731,0.007231,0.006982,0.007038,0.007345,0.007261,0.007139,0.007228,0.007629,0.007282,0.007328,0.007135,0.007312
Streptococcus_mutans,0.0001262999999999,0.0,0.0002055,0.0,0.0002379999999999,0.0,0.0,0.0,0.0,0.0,0.0,0.0,0.0,0.000486,0.000485,0.000627,0.00052,0.000459,0.000471,0.000446,0.000456,0.00051,0.000448,0.00042,0.000466,0.000451,0.000456,0.000444,0.000547,0.000468,0.000454,0.000451,0.000457,0.000455,0.000661,0.000452,0.000451,0.000453,0.000445
Streptococcus_parasanguinis,0.000723,0.0022389,0.0003992,0.000301,0.0007647,0.0005116,0.0006322,0.0009869,5.67e-05,0.0003764,0.0008496,0.0002186999999999,0.0001164,0.005508,0.00548,0.006159,0.005421,0.005264,0.005946,0.005733,0.005717,0.005765,0.00558,0.005696,0.005563,0.005784,0.0059,0.00574,0.005223,0.005656,0.00593,0.005835,0.005708,0.005789,0.006535,0.005872,0.005871,0.005961,0.005942
Streptococcus_salivarius,0.0006939,0.0025818,0.0075213,0.0007115,0.0248457,0.0010352,0.0142947,0.0048696999999999,9.1e-06,0.0016061,0.0034978,0.0037243,0.0012422,0.015428,0.014378,0.016674,0.014409,0.014734,0.014488,0.014734,0.014838,0.014922,0.014658,0.014676,0.014983,0.014352,0.013203,0.013685,0.022607,0.015339,0.013253,0.013566,0.015011,0.013679,0.026172,0.013661,0.013558,0.015229,0.013602
Streptococcus_sanguinis,0.0,0.0,0.0,0.0,0.0,0.0,0.0,0.0,0.0,0.0,0.0,0.0,0.0,0.006368,0.006337,0.008003,0.006605,0.00627,0.006242,0.006411,0.006574,0.006768,0.00626,0.006199,0.006349,0.006416,0.000871,0.000863,0.001186,0.000927,0.000865,0.000866,0.000875,0.000869,0.001385,0.000879,0.000869,0.000929,0.000864
Streptococcus_thermophilus,0.0,0.0681638999999999,0.0,0.0,0.0014265999999999,0.0327392,0.0121428,0.0311765,0.0014423,0.034298,0.0,0.000296,0.0006538,0.007637,0.006709,0.006845,0.006529,0.00743,0.006876,0.007041,0.007142,0.006959,0.007152,0.007195,0.007516,0.007389,0.007046,0.006652,0.005092,0.006151,0.007034,0.006915,0.0061,0.006744,0.005177,0.006773,0.006913,0.00607,0.006738
Streptococcus_vestibularis,0.0,0.0,0.0002032,0.0,0.0010147,0.0,0.0,0.0001710999999999,0.0,0.0,6.37e-05,0.0,0.0,0.001593,0.001695,0.001667,0.001707,0.001537,0.001651,0.001591,0.001676,0.00168,0.00163,0.001544,0.001568,0.001653,0.001449,0.001392,0.00141,0.001381,0.001447,0.001445,0.001344,0.00141,0.001575,0.001429,0.001431,0.001374,0.001422
Butyricicoccus_pullicaecorum,0.0,0.0,0.0,0.0,0.0,0.0,0.0,0.0,0.0,0.0,0.0,0.0,0.0,0.002777,0.002911,0.003362,0.002892,0.002746,0.00279,0.002635,0.002829,0.002989,0.002691,0.002601,0.002774,0.00262,0.00673,0.006488,0.005879,0.006336,0.006676,0.006523,0.006358,0.006558,0.007003,0.006495,0.00661,0.006247,0.00647
Clostridiaceae_bacterium_JC118,0.0,0.0,0.0,0.0,0.0,0.0,0.0,0.0,0.0,0.0,0.0,0.0,0.0,0.002022,0.002085,0.002134,0.001968,0.001884,0.002104,0.001923,0.002119,0.002179,0.002005,0.001979,0.00197,0.002099,0.000642,0.000628,0.000707,0.000615,0.000636,0.000627,0.000625,0.000632,0.000801,0.000626,0.000635,0.000622,0.000626
Clostridium_asparagiforme,0.0,0.0,0.0,0.0,0.0,0.0,0.0,0.0,0.0,0.0,0.0,0.0,0.0,0.006835,0.006604,0.006573,0.006787,0.006754,0.006589,0.006718,0.006955,0.006753,0.006848,0.006794,0.006819,0.007049,0.000931,0.000918,0.001133,0.000976,0.000925,0.000931,0.000939,0.000921,0.001419,0.000936,0.000933,0.000979,0.000931
Clostridium_bolteae,0.0029264,0.0013276,0.0152662,0.0,0.0001010999999999,3.570000000000001e-05,0.0,0.0002771,9.79e-05,0.0007865,0.0,0.0013107999999999,0.0,0.001021,0.001051,0.001356,0.001092,0.001009,0.001043,0.001099,0.001095,0.001158,0.001099,0.001039,0.001059,0.001035,0.000938,0.000909,0.001068,0.000981,0.000933,0.000921,0.000943,0.000921,0.001417,0.000927,0.000923,0.000956,0.000915
Clostridium_butyricum,0.0,0.0,0.0,0.0,0.0,0.0,0.0,0.0,0.0,0.0,0.0,0.0,0.0,0.010077,0.009993,0.010569,0.009778,0.009323,0.009499,0.009755,0.01021,0.01026,0.010014,0.009332,0.009474,0.009602,0.002759,0.002647,0.002317,0.002482,0.002734,0.002685,0.00251,0.002672,0.002484,0.002684,0.002731,0.00252,0.002665
Clostridium_clostridioforme,0.0094616,0.0003978999999999,0.0002045999999999,0.0,0.0,4.3e-06,0.0,0.0,0.0,0.0011290999999999,0.0,0.0029335,0.0,0.002537,0.002669,0.003549,0.002869,0.002447,0.002563,0.002609,0.002665,0.002921,0.00251,0.00228,0.002483,0.002387,0.002023,0.002141,0.004048,0.002464,0.002031,0.002105,0.002363,0.002081,0.00542,0.002152,0.002078,0.002486,0.002127
Clostridium_hathewayi,0.0,0.0006152999999999,0.0163918,0.0,0.0,9.7e-05,0.0,0.0012933,0.0017902,5.15e-05,0.0,0.0028259,0.0,0.000119,0.000132,0.000166,0.000138,0.000113,0.000132,0.000126,0.000132,0.000145,0.000126,0.000119,0.000119,0.000125,0.000126,0.00012,0.000126,0.000123,0.000127,0.000123,0.000124,0.000121,0.000144,0.000122,0.000124,0.000117,0.000122
Clostridium_leptum,2.28e-05,0.0489089,0.0050808,0.0,0.012579,0.023143,0.0,0.0011082,7.32e-05,0.0008033,0.0001952,0.0022083,8.590000000000001e-05,0.00134,0.001317,0.001511,0.001338,0.00131,0.001391,0.001318,0.001345,0.001418,0.001351,0.001269,0.001377,0.001351,0.0015,0.001383,0.001058,0.001269,0.001508,0.001448,0.001289,0.001426,0.001144,0.001417,0.001463,0.001238,0.001407
Clostridium_nexile,0.0043282,0.0042831,0.0,0.0033439,0.0,0.0,0.0,0.0018022,0.0,0.0,2.43e-05,0.0116102999999999,0.0,0.005477,0.005717,0.006485,0.0056,0.005212,0.005848,0.005411,0.005518,0.006179,0.005516,0.005333,0.005449,0.00539,0.004388,0.004704,0.011703,0.005736,0.004338,0.004525,0.005076,0.004549,0.014332,0.004723,0.004486,0.005651,0.004598
Clostridium_perfringens,0.0,0.0,0.0,0.0,0.0,0.0,0.0,0.0,0.0,0.0,0.0,0.0,0.0,0.006692,0.006899,0.007777,0.007122,0.006627,0.006682,0.006701,0.006681,0.007207,0.006644,0.006208,0.006617,0.006615,0.006461,0.006219,0.005017,0.005958,0.006392,0.006194,0.005974,0.006293,0.00558,0.006171,0.006363,0.005577,0.006036
Clostridium_scindens,0.0,0.0,0.0,0.0,0.0,0.0,0.0,0.0,0.0,0.0,0.0,0.0,0.0,0.002031,0.002094,0.00235,0.002227,0.002032,0.00206,0.001993,0.002045,0.002158,0.001952,0.001884,0.001996,0.001952,0.00198,0.001845,0.0015,0.001769,0.001975,0.001943,0.001754,0.001887,0.00162,0.001901,0.001931,0.001711,0.001903
Clostridium_sp_KLE_1755,0.0,0.0,0.0,0.0,0.0,0.0,0.0,0.0,0.0,0.0,0.0,0.0,0.0,0.003951,0.003828,0.004793,0.004127,0.003884,0.003974,0.003776,0.003752,0.00397,0.003739,0.00367,0.003924,0.003699,0.009577,0.009469,0.009675,0.009243,0.009623,0.009822,0.009269,0.00936,0.010702,0.009688,0.00956,0.009277,0.009674
Clostridium_sp_L2_50,0.0,0.0,0.0,0.0,0.0,0.0,0.0,0.0,0.0,0.0,0.0,0.0,0.0,0.00298,0.002888,0.003627,0.002993,0.0029,0.002888,0.00289,0.002897,0.00302,0.002789,0.002721,0.002993,0.002789,0.005998,0.005986,0.006219,0.00605,0.005951,0.005946,0.005912,0.005986,0.006428,0.006026,0.005988,0.006035,0.005955
Clostridium_symbiosum,0.0,0.0028101999999999,0.0020461,0.0,2.46e-05,6.790000000000001e-05,0.0,0.0003218999999999,0.0,0.0010317,0.0,0.0,0.0,0.000113,0.000112,0.000165,0.00012,0.000106,0.00011,0.000112,0.000114,0.000125,0.000112,0.0001,0.00011,0.000107,9.5e-05,9.4e-05,0.000122,0.000102,9.4e-05,9.3e-05,0.0001,9.5e-05,0.000174,9.4e-05,9.4e-05,0.0001,9.3e-05
Clostridiales_bacterium_1_7_47FAA,0.0,7.35e-05,8.05e-05,0.0,0.0,0.0001419,0.0,7.69e-05,0.0,0.0010604,0.0,0.0013713,0.0,0.000123,0.000121,0.000164,0.000126,0.000111,0.000117,0.000115,0.00012,0.000127,0.000112,0.000106,0.000116,0.000109,8.7e-05,8.6e-05,0.000127,9.6e-05,8.7e-05,8.6e-05,9.3e-05,8.7e-05,0.000168,8.8e-05,8.6e-05,9.3e-05,8.6e-05
Flavonifractor_plautii,0.0,0.0013035,0.0001264999999999,0.0,8.62e-05,6.57e-05,0.0,0.0012136,0.0,0.0004222999999999,0.0,0.0,0.0,0.000197,0.000198,0.000301,0.000235,0.000189,0.000194,0.000205,0.000203,0.000229,0.000196,0.000175,0.000192,0.000183,0.000189,0.00018,0.000191,0.000177,0.000189,0.000184,0.000178,0.000185,0.000228,0.000182,0.000186,0.000176,0.00018
Eubacterium_eligens,0.0,0.0372916,0.0,0.0,0.0030544,0.0,0.0686267,0.0006938,0.0044917,0.0050533999999999,0.0,0.0,0.0002261,0.002984,0.00295,0.003795,0.003117,0.00292,0.002725,0.002916,0.002962,0.003139,0.002986,0.002726,0.002916,0.002769,0.002928,0.00287,0.002483,0.002747,0.002927,0.002867,0.002796,0.002833,0.002634,0.002867,0.002883,0.002691,0.002862
Eubacterium_hallii,0.0,0.0,0.0095717,0.0295812999999999,0.0028645,0.0304367,0.0094186,0.0113307,0.0039555,0.0,0.0100001,0.221023,0.0491329999999999,0.018909,0.020618,0.023942,0.022675,0.018932,0.020964,0.020854,0.020354,0.021475,0.019353,0.018519,0.019054,0.019397,0.021196,0.020387,0.01805,0.019713,0.021327,0.021031,0.020412,0.020891,0.020413,0.020511,0.02091,0.019743,0.020893
Eubacterium_ramulus,0.0,0.0,0.0,0.0131408999999999,0.002495,0.0,0.0065283,0.0,0.0,0.0102633,0.0037223,0.0,0.007503,0.007037,0.006519,0.007599,0.006559,0.006595,0.006483,0.006678,0.006691,0.006778,0.00653,0.006371,0.006782,0.006691,0.007752,0.007056,0.003987,0.006095,0.007796,0.007453,0.006615,0.007289,0.004758,0.007152,0.007483,0.006116,0.007219
Eubacterium_rectale,0.0027384,0.0,0.0007204,0.0220703,0.0,0.0361909,0.0578854,0.0004997,0.0241525,0.109263,0.2145909999999999,0.0,0.365297,0.069193,0.07271,0.077726,0.074878,0.073878,0.072035,0.072042,0.075791,0.076608,0.072132,0.073018,0.073378,0.073603,0.085454,0.080954,0.053959,0.072442,0.085056,0.083462,0.073983,0.079775,0.05157,0.081341,0.082781,0.067895,0.081024
Eubacterium_siraeum,0.0,0.0036731999999999,0.0,0.0,0.0,0.0,0.0418631999999999,0.0027294,0.0553438999999999,0.0,0.0,0.0,0.0028905,0.001609,0.001585,0.001694,0.001629,0.001544,0.001565,0.001628,0.001563,0.001639,0.001644,0.001502,0.001584,0.001571,0.001504,0.001434,0.001258,0.001356,0.001508,0.001481,0.001351,0.001424,0.001533,0.001476,0.00147,0.001365,0.001475
Eubacterium_sp_3_1_31,0.0,0.0,0.0,0.0,0.0,0.0,0.0,0.0,0.0,0.0,0.0,0.0,0.0,0.00275,0.002655,0.003027,0.002684,0.002436,0.002492,0.002565,0.002645,0.002713,0.002657,0.002507,0.002523,0.002488,0.002866,0.002755,0.002684,0.002734,0.002845,0.00281,0.002692,0.002759,0.002866,0.002821,0.002807,0.002686,0.002771
Eubacterium_ventriosum,0.0,0.0,0.0,0.0064566,0.0,0.0110534,0.0,0.0021943,0.0014647,0.0,0.0,0.0,0.0,0.00247,0.002375,0.003032,0.002465,0.002455,0.002352,0.002295,0.002374,0.002449,0.002315,0.002402,0.002471,0.002397,0.002458,0.002301,0.001831,0.002119,0.002466,0.002389,0.002156,0.002336,0.001904,0.002359,0.0024,0.002026,0.002338
Anaerostipes_caccae,0.0,0.0,0.0,0.0,0.0,0.0,0.0,0.0,0.0,0.0,0.0,0.0,0.0,0.001809,0.001782,0.002101,0.001784,0.001643,0.001786,0.001772,0.001789,0.001887,0.001747,0.001618,0.001747,0.001759,0.001075,0.001069,0.001199,0.001083,0.001078,0.001074,0.001057,0.001054,0.001351,0.001074,0.00108,0.001084,0.001076
Anaerostipes_hadrus,0.0062558,0.0012905999999999,0.0,0.0015357,0.0018594,0.0017695999999999,0.0001226,0.0,0.0011462,0.0007597,0.0007714999999999,0.0,0.0064516999999999,0.002843,0.002959,0.003312,0.003072,0.002794,0.003056,0.003054,0.003105,0.003059,0.003098,0.002899,0.002884,0.003024,0.002668,0.002633,0.002696,0.002592,0.002668,0.002694,0.002622,0.002671,0.002975,0.00269,0.002673,0.002625,0.002662
Anaerostipes_unclassified,0.0,0.0027843,0.0010607,0.0,0.0,0.0,0.0,0.0,0.0,0.0,0.0,0.0083289,0.0,0.000785,0.000764,0.000957,0.000797,0.000721,0.000749,0.000733,0.000772,0.000816,0.000736,0.000719,0.000738,0.000706,0.000638,0.000649,0.001344,0.000769,0.000632,0.000647,0.000716,0.000657,0.001627,0.00066,0.000641,0.000755,0.000647
Blautia_hansenii,0.0,0.0,0.0,0.0,0.0,0.0,0.0,0.0,0.0,0.0,0.0,0.0,0.0,0.002381,0.002394,0.002423,0.002343,0.002251,0.002245,0.002208,0.002442,0.002337,0.00239,0.002357,0.002254,0.002324,0.013235,0.012336,0.007926,0.011438,0.013053,0.012475,0.011716,0.012651,0.008429,0.01244,0.012853,0.01125,0.012265
Blautia_hydrogenotrophica,0.0,0.0,0.0,0.0,0.0,0.0,0.0,0.0,0.0,0.0,0.0,0.0,0.0,0.001317,0.001198,0.001299,0.00116,0.001265,0.001187,0.001226,0.001297,0.001249,0.001262,0.001227,0.001259,0.001266,0.001445,0.001342,0.000896,0.001175,0.001462,0.001411,0.001244,0.001365,0.000945,0.001378,0.001418,0.001173,0.001384
Blautia_producta,0.0028571,0.0018291,3.289999999999999e-05,0.0,0.0,0.0008964,0.0,0.0,0.0,0.0001595999999999,0.0,0.0025623,0.0,0.00013,0.000118,0.000155,0.000116,0.000122,0.000125,0.000118,0.000123,0.000125,0.000121,0.000119,0.000125,0.000127,0.000103,0.000101,0.000122,0.000106,0.000103,0.000101,0.000103,0.000103,0.00015,0.000101,0.000103,0.000103,9.9e-05
Ruminococcus_gnavus,0.0395518,0.0099473,0.0008725,0.03893,0.0,0.0241421,0.0,0.0,0.0,0.0031306999999999,0.0373983,0.0030496,0.0022091999999999,0.016282,0.016451,0.022528,0.018484,0.016695,0.0164,0.016864,0.016594,0.01763,0.016457,0.016272,0.016767,0.015806,0.010579,0.011369,0.02689,0.013754,0.010446,0.010843,0.012859,0.011127,0.033244,0.011202,0.010845,0.013759,0.011035
Ruminococcus_obeum,0.000469,0.0006546,0.0005478,0.0304205,0.0095852,0.0002785,0.0190185999999999,0.0126037,0.0090107,0.0044313,0.0019754,0.0032101,0.0212664,0.018164,0.018013,0.016694,0.017516,0.017997,0.017529,0.017848,0.018768,0.017185,0.018713,0.01941,0.018214,0.018838,0.021414,0.019487,0.010093,0.017241,0.021228,0.020435,0.017508,0.019725,0.009712,0.01979,0.020464,0.016528,0.01972
Ruminococcus_torques,0.0109311,0.0055186,0.0974691,0.0263856,0.0123417,0.0111007,0.0032895,0.0053896,0.0299824,0.0180440999999999,0.0234824,0.0115369,0.0138032,0.043946,0.041833,0.046003,0.043272,0.043039,0.044751,0.041141,0.042202,0.041338,0.041518,0.041338,0.04279,0.043331,0.031478,0.033538,0.058643,0.039452,0.031413,0.03244,0.037178,0.033191,0.06231,0.033567,0.032175,0.03807,0.032933
Coprococcus_catus,0.0,0.0,0.0026677,0.0077351,0.0273692,0.0,0.0078478,0.0010019999999999,0.0045461,0.0,0.0012889,0.0,0.0079534,0.004538,0.004433,0.004885,0.004304,0.004379,0.004616,0.004362,0.004629,0.004555,0.004504,0.004511,0.004475,0.00452,0.005143,0.004706,0.003065,0.004008,0.005159,0.004998,0.004211,0.004795,0.003087,0.00485,0.004969,0.004077,0.004883
Coprococcus_comes,0.0,0.0,0.0,0.0,0.0097862,0.0052133999999999,0.0175127,0.0,0.0123253999999999,0.0,0.019418,0.0,0.0277199,0.017265,0.01652,0.017494,0.016227,0.016685,0.016678,0.015614,0.016174,0.016502,0.015905,0.015623,0.016773,0.01605,0.017501,0.016874,0.011791,0.014852,0.017492,0.017084,0.015421,0.016979,0.012772,0.016434,0.017226,0.01505,0.016643
Coprococcus_sp_ART55_1,0.0,0.0,0.0,0.0,0.0,0.0,0.0,0.0,0.0,0.0,0.0,0.0,0.019867,0.004341,0.004356,0.005162,0.004569,0.004376,0.004317,0.004277,0.004358,0.004545,0.004308,0.004075,0.00447,0.004398,0.005837,0.005296,0.00294,0.004553,0.005857,0.005612,0.00483,0.005353,0.00292,0.005455,0.005628,0.004466,0.005487
Dorea_formicigenerans,0.0,0.0086267,0.0001668,0.0330583,0.0007145,0.011765,0.0059583,0.0074754999999999,0.0049381,0.0105995,0.004007,0.0,0.0142997,0.011166,0.011017,0.01021,0.010291,0.010699,0.011507,0.010639,0.011237,0.01086,0.011274,0.011348,0.010889,0.011747,0.01233,0.011418,0.00731,0.010287,0.012409,0.01174,0.01083,0.011807,0.00756,0.011564,0.012051,0.010155,0.01158
Dorea_longicatena,0.0,0.0,0.000638,0.0398561999999999,0.0,0.0,0.0075514,0.0190710999999999,0.0303589,0.034189,0.0166257,0.0141953,0.0570033999999999,0.021369,0.021275,0.016491,0.019585,0.020402,0.020534,0.021023,0.021518,0.019373,0.022283,0.022173,0.020138,0.02177,0.025248,0.022323,0.010056,0.018762,0.025185,0.024053,0.01972,0.022775,0.009122,0.022936,0.023974,0.017457,0.022957
Dorea_unclassified,0.0016222,0.0,0.0014128,0.0,0.0007931,0.0,0.0,0.0,0.0,0.0,0.0,0.0,0.0,0.000305,0.000329,0.000463,0.000365,0.000321,0.000302,0.000311,0.000339,0.000363,0.000305,0.000293,0.000315,0.00029,0.000202,0.000203,0.000327,0.000223,0.000202,0.0002,0.000217,0.000204,0.000454,0.000205,0.000205,0.000225,0.000206
Lachnospiraceae_bacterium_1_1_57FAA,0.0557661999999999,0.0013337,0.0016722999999999,0.0401631,0.0001152,0.0372846,0.0,0.0030814,0.0,0.0025504,0.0668423,7.58e-05,0.0073821,0.010151,0.010273,0.012104,0.010649,0.010312,0.010321,0.009847,0.009899,0.010315,0.009903,0.010036,0.010184,0.009757,0.012287,0.011191,0.007154,0.009777,0.012448,0.011943,0.010305,0.011307,0.006355,0.011664,0.011832,0.009435,0.011744
Lachnospiraceae_bacterium_1_4_56FAA,0.0,0.0,0.0,0.0012068,0.0,0.001223,0.0,4.8200000000000006e-05,0.0,0.0006071,8.590000000000001e-05,0.0,0.0001143,0.001189,0.001215,0.001439,0.001274,0.001115,0.001223,0.001189,0.001253,0.001286,0.001212,0.001139,0.001165,0.001234,0.001052,0.00103,0.001193,0.001042,0.001053,0.001036,0.001053,0.001051,0.001482,0.001029,0.001044,0.001047,0.001028
Lachnospiraceae_bacterium_2_1_58FAA,0.0,0.0,0.0,0.0,0.0,0.0020581999999999,0.0,0.0,0.0,0.0,0.0,0.0,0.0,0.000518,0.000503,0.000649,0.000509,0.000469,0.000494,0.000496,0.000503,0.000552,0.000516,0.000461,0.000495,0.000484,0.000468,0.000459,0.000477,0.000458,0.00047,0.000468,0.000461,0.00046,0.000552,0.000471,0.000462,0.000459,0.000462
Lachnospiraceae_bacterium_3_1_46FAA,0.0,0.0,0.0024758,0.0030730999999999,0.0006721,0.0,9.16e-05,0.0,0.0003263,0.0075407,0.0003606,0.0,0.001041,0.002039,0.002054,0.002634,0.002233,0.002001,0.002073,0.001996,0.002042,0.002201,0.001965,0.001852,0.002043,0.001996,0.001957,0.001849,0.001485,0.00178,0.001966,0.001906,0.001816,0.001896,0.001608,0.001887,0.001919,0.00179,0.001881
Lachnospiraceae_bacterium_3_1_57FAA_CT1,0.0,0.0,0.0,0.0,0.0,0.0,0.0,0.0,0.0,0.0,0.0,0.0,0.0,0.006516,0.006537,0.00698,0.006033,0.006294,0.006565,0.006388,0.006691,0.006748,0.006675,0.006283,0.006447,0.006531,0.002792,0.002671,0.002615,0.002575,0.002772,0.002736,0.002515,0.002663,0.002713,0.002709,0.002725,0.00242,0.002647
Lachnospiraceae_bacterium_4_1_37FAA,0.0,0.0,0.0,0.0,0.0,0.0,0.0,0.0,0.0,0.0,0.0,0.0,0.0,0.010176,0.009941,0.010939,0.010276,0.009367,0.00995,0.009714,0.009648,0.009875,0.009505,0.009254,0.009663,0.009258,0.002234,0.002233,0.002423,0.002225,0.002215,0.002225,0.002159,0.002246,0.002903,0.002237,0.002222,0.002299,0.002211
Lachnospiraceae_bacterium_5_1_57FAA,0.0,0.0059247,0.0,0.0,0.0,0.0001553,0.0,0.0,0.0,0.0,0.0,0.003528,0.0,0.00056,0.000555,0.000617,0.00058,0.000566,0.000523,0.000556,0.000587,0.000568,0.000543,0.00054,0.000565,0.000563,0.000531,0.000498,0.000441,0.000477,0.000526,0.000509,0.000485,0.000513,0.000567,0.00051,0.000519,0.000484,0.000508
Lachnospiraceae_bacterium_5_1_63FAA,0.0008474,0.0014596,0.0,0.0051533,0.0026980999999999,0.0014384,0.0057605,0.00685,0.0009587999999999,0.0209444,0.0003142,0.0,0.0015664,0.004345,0.004323,0.004979,0.004508,0.004285,0.004342,0.004393,0.004403,0.004506,0.004324,0.00415,0.004302,0.004181,0.004171,0.004137,0.004731,0.004244,0.004195,0.004193,0.004282,0.004169,0.00556,0.004176,0.004152,0.004221,0.004143
Lachnospiraceae_bacterium_6_1_63FAA,0.0,0.0,0.0,0.0,0.0,0.0,0.0,0.0,0.0,0.0,0.0,0.0,0.0,0.004183,0.004247,0.005009,0.004526,0.0042,0.004089,0.004245,0.004559,0.004518,0.004303,0.004193,0.0043,0.004443,0.001907,0.001852,0.001964,0.001887,0.001916,0.001916,0.001839,0.001858,0.002147,0.001909,0.001875,0.001851,0.00189
Lachnospiraceae_bacterium_7_1_58FAA,0.0,0.0002207,0.0003691,0.0,5.379999999999999e-05,0.0002497,0.0,0.0003275,0.0004622,0.0010129,0.0,0.0,4.4e-05,0.000431,0.000437,0.000449,0.000438,0.000399,0.000401,0.000429,0.000446,0.000445,0.000449,0.000406,0.000406,0.000431,0.000405,0.000385,0.000347,0.000374,0.0004,0.000394,0.000367,0.000392,0.000417,0.000391,0.000399,0.000369,0.000385
Lachnospiraceae_bacterium_8_1_57FAA,0.0,0.0008657,0.0,0.0,0.0,0.0,0.0020339,0.0011108,0.0,0.0,0.0,0.01394,0.0,0.001881,0.001882,0.002201,0.001952,0.001891,0.00188,0.001854,0.00192,0.002021,0.001936,0.001858,0.001882,0.001874,0.002181,0.002037,0.001749,0.001939,0.00218,0.002132,0.001977,0.002065,0.001959,0.002071,0.002101,0.001889,0.002084
Lachnospiraceae_bacterium_9_1_43BFAA,0.0,0.0,0.0,0.0,0.0,0.0,0.0,0.0,0.0,0.0,0.0,0.0,0.0,0.004512,0.004399,0.004751,0.004463,0.004341,0.004374,0.004395,0.004677,0.004557,0.004449,0.004365,0.004354,0.004642,0.021828,0.021175,0.018465,0.020479,0.021698,0.021562,0.020631,0.021235,0.019605,0.021547,0.021564,0.020137,0.021365
Roseburia_hominis,0.0,0.0,0.0,0.0,0.0,0.0,0.0,0.0181495,0.0011719,0.0204844,5.6e-06,0.0,0.0068468,0.001859,0.001921,0.002158,0.001979,0.00182,0.001865,0.001826,0.00192,0.001954,0.001871,0.00179,0.001827,0.001835,0.001888,0.001752,0.001575,0.001675,0.001897,0.001865,0.001704,0.001792,0.001643,0.001825,0.001844,0.001622,0.001819
Roseburia_intestinalis,0.0,0.0240791,0.0,0.0137296,0.0014879,0.0,0.0,0.0,0.0,0.0266574,5.5700000000000005e-05,0.0082217,0.0,0.008412,0.007668,0.009668,0.007891,0.008406,0.008179,0.007894,0.007979,0.008141,0.007797,0.008228,0.008471,0.008142,0.00773,0.007574,0.006895,0.007694,0.007726,0.007674,0.007519,0.007508,0.00799,0.007645,0.007595,0.007516,0.007585
Roseburia_inulinivorans,0.0,0.0019055,0.0041198,0.0,0.0,0.0,0.0043815,4.9000000000000005e-06,0.0001053,0.0134942,0.0001010999999999,0.0035695999999999,0.0020819,0.004645,0.004234,0.005586,0.004663,0.004635,0.00407,0.004333,0.004193,0.004612,0.004223,0.004103,0.004503,0.004004,0.005081,0.004582,0.002612,0.004029,0.005135,0.004924,0.004211,0.004731,0.002904,0.004711,0.004885,0.003832,0.004746
Roseburia_unclassified,8.340000000000001e-05,0.016491,0.0,0.0,0.0021275,0.0013289,0.0058188999999999,0.0,0.0,0.0,0.0,0.0,0.0,0.001132,0.001125,0.001224,0.001103,0.001044,0.00112,0.0011,0.001146,0.001133,0.001105,0.001073,0.001087,0.001118,0.000988,0.000951,0.000952,0.000893,0.001,0.000976,0.000923,0.000953,0.001094,0.000964,0.000981,0.000918,0.000967
Oscillibacter_sp_KLE_1728,0.0,0.0,0.0,0.0,0.0,0.0,0.0,0.0,0.0,0.0,0.0,0.0,0.0,0.00514,0.005314,0.006589,0.005692,0.005139,0.005308,0.004996,0.005166,0.005341,0.004934,0.004939,0.005136,0.005006,0.002022,0.002026,0.002562,0.002074,0.002007,0.001987,0.002022,0.001989,0.00299,0.002031,0.001999,0.002081,0.002007
Oscillibacter_sp_KLE_1745,0.0,0.0,0.0,0.0,0.0,0.0,0.0,0.0,0.0,0.0,0.0,0.0,0.0,0.006242,0.00587,0.007482,0.005794,0.006116,0.00598,0.005865,0.005902,0.006311,0.005895,0.00568,0.006329,0.006021,0.000883,0.000856,0.000926,0.000838,0.000887,0.000877,0.000844,0.000855,0.001038,0.000871,0.000879,0.000845,0.000874
Oscillibacter_unclassified,0.0036100999999999,0.0073431,0.0004128,0.0006746,0.0128287999999999,0.0109602,0.0004887,0.0039711999999999,0.0010431,0.0089223999999999,3.4899999999999995e-05,0.0013224,0.0019564,0.004035,0.004012,0.004078,0.003804,0.003849,0.003849,0.003769,0.003979,0.003916,0.003838,0.003863,0.003835,0.003837,0.003349,0.003344,0.004445,0.003573,0.003312,0.003365,0.003343,0.003279,0.004637,0.00338,0.003305,0.003396,0.003287
Clostridium_bartlettii,0.0,0.0,0.0010791,0.0016453,0.003922,0.0010111,0.002288,0.0,0.0001520999999999,0.0015594,0.0014215,0.0007832,0.0004359,0.002323,0.002134,0.002495,0.002191,0.002253,0.00225,0.002311,0.002346,0.002273,0.002326,0.002246,0.002326,0.002429,0.001945,0.001853,0.001896,0.001786,0.001949,0.001939,0.001783,0.001855,0.002157,0.001923,0.0019,0.001746,0.001905
Clostridium_difficile,0.0,0.0,0.0,0.0,0.0,0.0,0.0,0.0,0.0,0.0,0.0,0.0,0.0,0.00939,0.009379,0.010087,0.009607,0.009132,0.010488,0.010161,0.010132,0.009841,0.010078,0.009945,0.0095,0.010173,0.004978,0.004886,0.005463,0.004947,0.004979,0.00498,0.004853,0.004957,0.00633,0.004957,0.004953,0.004986,0.004929
Peptostreptococcaceae_noname_unclassified,0.0,0.000709,0.0,0.0025556,0.0,0.0017097,0.0077389,0.0101409999999999,0.0034366,0.0064433,0.0,0.0024393,0.0009539999999999,0.003939,0.004308,0.004696,0.004235,0.00381,0.004269,0.004127,0.004323,0.004587,0.004192,0.004008,0.003981,0.004102,0.004357,0.004251,0.005689,0.004531,0.004404,0.004352,0.004529,0.004345,0.006158,0.004371,0.004355,0.00443,0.004354
Anaerotruncus_colihominis,0.0,0.0,0.0,0.0,0.0,0.0,0.0,0.0,0.0,0.0,0.0,0.0,0.0,0.01161,0.011384,0.013755,0.01178,0.011229,0.01198,0.011337,0.011346,0.012112,0.01121,0.011289,0.011607,0.011589,0.002172,0.002076,0.001766,0.002032,0.00216,0.002111,0.001973,0.002086,0.001998,0.002097,0.002127,0.001967,0.002071
Anaerotruncus_unclassified,0.0,0.0,0.0,0.0,0.0,0.0,0.0,0.0,0.0,0.0,0.0,0.0,0.0,0.003024,0.003245,0.003407,0.003244,0.003037,0.003108,0.002926,0.003132,0.003304,0.003003,0.002817,0.002988,0.003022,0.003849,0.003688,0.003204,0.003441,0.003848,0.003744,0.003634,0.003743,0.003747,0.003671,0.003835,0.003439,0.003696
Faecalibacterium_prausnitzii,0.0,0.117795,0.0,0.0678692,0.0224220999999999,0.0528400999999999,0.1086559999999999,0.0354006,0.0132429,0.0411285,0.0015936,0.0448258,0.070372,0.065318,0.060254,0.05254,0.054991,0.060911,0.061469,0.062984,0.062033,0.057255,0.064699,0.066068,0.060621,0.064182,0.08166,0.070997,0.021811,0.053663,0.081588,0.07636,0.057527,0.072439,0.018293,0.072145,0.077046,0.051994,0.073043
Ruminococcaceae_bacterium_D16,0.0,0.0,0.0011539999999999,0.0,0.0,0.0,8.3e-06,1.32e-05,0.0,0.0,0.0,0.0032311,0.0,0.000286,0.000279,0.000403,0.000288,0.000282,0.000277,0.000288,0.000297,0.000313,0.000294,0.000263,0.000297,0.000281,0.000255,0.000249,0.000308,0.000262,0.000254,0.000253,0.000251,0.000246,0.000367,0.000254,0.00025,0.00025,0.00025
Ruminococcus_bromii,0.0,0.0,0.0815357,0.0,0.0,0.0,0.0,0.038709,0.0,0.170775,0.0,0.0867091,0.0,0.037865,0.039037,0.031943,0.036146,0.035924,0.039704,0.037116,0.038077,0.037432,0.038362,0.037574,0.036172,0.038915,0.04213,0.038732,0.018143,0.032276,0.042171,0.039821,0.033807,0.039339,0.017335,0.039194,0.040915,0.032418,0.039326
Ruminococcus_callidus,0.0,0.0,0.0,0.0,0.0290519,0.0,0.023656,0.0,0.0,0.0,0.0,0.0002569999999999,0.0001129,0.002806,0.002946,0.003059,0.002829,0.002623,0.002803,0.002676,0.002831,0.002917,0.002665,0.002588,0.002659,0.002686,0.003518,0.003288,0.002198,0.003003,0.003511,0.003366,0.003074,0.003286,0.00241,0.003367,0.003372,0.002916,0.003324
Ruminococcus_lactaris,0.0,0.0,0.0,0.0050998,0.0,0.0,0.0005472,0.0179717,0.0062546,0.0,0.0,0.0,0.0,0.002742,0.002866,0.003502,0.003089,0.002824,0.00281,0.0029,0.003022,0.003005,0.002842,0.00279,0.002884,0.002821,0.003279,0.002996,0.002115,0.002744,0.003291,0.003149,0.002808,0.003092,0.002126,0.003058,0.003171,0.002604,0.003055
Ruminococcus_sp_5_1_39BFAA,0.0,0.0,0.0583326,0.0,0.0,0.0818383,0.0123847,0.0,0.0,0.145169,0.0337393,0.0,0.0458388,0.066853,0.065543,0.067739,0.065499,0.066204,0.066326,0.066021,0.066785,0.065478,0.06473,0.065239,0.066158,0.065928,0.071576,0.067653,0.045216,0.060529,0.071473,0.070275,0.063564,0.068288,0.042828,0.068744,0.069824,0.060883,0.068656
Subdoligranulum_sp_4_3_54A2FAA,0.0,0.0,0.0,0.0,0.0,0.0,0.0,0.0,0.0,0.0,0.0,0.0,0.0,0.002121,0.002273,0.002928,0.002525,0.00213,0.00235,0.002213,0.002208,0.002458,0.002173,0.002064,0.002155,0.002165,0.001652,0.001647,0.001744,0.001615,0.001639,0.001651,0.001607,0.001639,0.001969,0.001644,0.001647,0.001656,0.001641
Subdoligranulum_unclassified,0.0027383,0.0017015,0.0282004,0.005632,0.0415194,0.0055841,0.1166349999999999,0.022754,0.195405,0.0941781999999999,0.0005481,0.0092639,0.0411225,0.051969,0.05394,0.047028,0.052416,0.051424,0.054631,0.053995,0.053107,0.053515,0.054712,0.052363,0.052301,0.054414,0.058782,0.054531,0.033849,0.048581,0.059151,0.057016,0.049794,0.056779,0.033531,0.055525,0.057721,0.048076,0.055999
Catenibacterium_mitsuokai,0.0,0.0,0.0,0.0,0.0,0.0,0.0,0.0,0.0,0.0,0.0,0.0,0.0,0.005352,0.004915,0.005832,0.005074,0.00523,0.005063,0.004828,0.004906,0.005044,0.004874,0.004743,0.005285,0.004843,0.001053,0.001011,0.001203,0.001067,0.00105,0.001032,0.001041,0.001008,0.0014,0.001044,0.001034,0.001025,0.001031
Coprobacillus_unclassified,0.0021006,0.0029649999999999,0.0008667999999999,0.0,0.0,0.0002821,0.0,0.0,0.0,0.0006977999999999,0.0,0.0195488,0.0,0.001058,0.001082,0.001359,0.001175,0.001045,0.001129,0.001104,0.001108,0.001158,0.001089,0.001078,0.001062,0.001086,0.000933,0.000964,0.001698,0.001102,0.000928,0.000951,0.00105,0.000958,0.002113,0.00097,0.000947,0.00111,0.000961
Clostridium_ramosum,0.0013445,0.0003952,0.0001827,0.0,0.0,0.0,0.0,0.0,0.0,3.87e-05,0.0,0.0046317,0.0,0.000582,0.000613,0.000812,0.000656,0.000578,0.000616,0.000585,0.00062,0.000659,0.000586,0.000559,0.00059,0.000595,0.00058,0.000573,0.00081,0.000595,0.000575,0.000566,0.000581,0.000583,0.000996,0.000571,0.000582,0.000613,0.00057
Clostridium_spiroforme,0.0,0.0,0.0,0.0,0.0,0.0,0.0,0.0,0.0,0.0,0.0,0.0,0.0,0.002384,0.0023,0.003001,0.002384,0.002324,0.002381,0.002282,0.002426,0.002371,0.002286,0.002277,0.002371,0.002356,0.001902,0.001882,0.002216,0.001881,0.001899,0.001883,0.001892,0.001859,0.002447,0.001908,0.0019,0.001905,0.001915
Erysipelotrichaceae_bacterium_21_3,0.0,0.0,0.0,0.0,0.0,0.0,0.0,0.0,0.0,0.0,0.0,0.0,0.0,0.018633,0.018802,0.017513,0.0175,0.01705,0.017944,0.018632,0.018335,0.019338,0.018821,0.016805,0.0175,0.017676,0.002166,0.002014,0.00164,0.00191,0.002166,0.002073,0.001903,0.002069,0.001764,0.002032,0.002106,0.001856,0.002043
Erysipelotrichaceae_bacterium_2_2_44A,0.0,0.0,0.0,0.0,0.0,0.0,0.0,0.0,0.0,0.0,0.0,0.0,0.0,0.004536,0.00468,0.005152,0.004798,0.004422,0.004401,0.004376,0.004687,0.004732,0.004447,0.004296,0.004431,0.004437,0.001219,0.001213,0.001299,0.001247,0.001202,0.001187,0.001215,0.001187,0.001536,0.001213,0.001206,0.001193,0.001189
Erysipelotrichaceae_bacterium_3_1_53,0.0,0.0,0.0,0.0,0.0,0.0,0.0,0.0,0.0,0.0,0.0,0.0,0.0,0.042405,0.042927,0.040521,0.040806,0.041858,0.043584,0.04337,0.045218,0.042581,0.044379,0.044719,0.041774,0.044226,0.003282,0.003064,0.002157,0.002836,0.003282,0.003236,0.003,0.003084,0.002184,0.003129,0.003163,0.002712,0.003117
Erysipelotrichaceae_bacterium_5_2_54FAA,0.0,0.0,0.0,0.0,0.0,0.0,0.0,0.0,0.0,0.0,0.0,0.0,0.0,0.002571,0.002489,0.003151,0.002689,0.002463,0.002546,0.002431,0.002456,0.002601,0.00244,0.002293,0.002581,0.002457,0.003657,0.003474,0.002829,0.003267,0.003665,0.003583,0.003319,0.003555,0.003043,0.003559,0.003618,0.00331,0.003543
Erysipelotrichaceae_bacterium_6_1_45,0.0,0.0,0.0,0.0,0.0,0.0,0.0,0.0,0.0,0.0,0.0,0.0,0.0,0.013951,0.013538,0.013255,0.013362,0.013234,0.012943,0.013204,0.013909,0.013105,0.013071,0.013127,0.013082,0.013115,0.006282,0.006229,0.006331,0.006246,0.006288,0.006255,0.00635,0.006334,0.007208,0.006278,0.006287,0.006291,0.006224
Eubacterium_biforme,0.0,0.0,0.0,0.0,0.0,0.0,0.0043743,0.0,0.0062229,0.0,0.0,0.0,0.0,0.013358,0.013608,0.011427,0.012753,0.013074,0.01425,0.013926,0.014099,0.013735,0.014455,0.013398,0.013487,0.014441,0.015174,0.013484,0.006175,0.010952,0.015207,0.014374,0.011587,0.013711,0.005991,0.013735,0.014396,0.010655,0.01389
Eubacterium_cylindroides,0.0,0.0,0.0,0.0,0.0,0.0,0.0,0.0,0.0,0.0,0.0,0.0,0.0,0.001811,0.001731,0.002127,0.001742,0.001604,0.001577,0.001582,0.0017,0.001788,0.001675,0.001576,0.001651,0.001583,0.002192,0.00203,0.001395,0.001803,0.002194,0.002139,0.001849,0.002029,0.001445,0.002068,0.002113,0.00177,0.00207
Eubacterium_dolichum,0.0,0.0,0.0,0.0,0.0,0.0,0.0,0.0,0.0,0.0,0.0,0.0,0.0,0.002821,0.003007,0.003548,0.003288,0.002726,0.002996,0.003122,0.003046,0.003166,0.003091,0.002791,0.00282,0.002859,0.003136,0.003009,0.00264,0.002881,0.003169,0.003153,0.002889,0.002997,0.002885,0.003098,0.003108,0.002857,0.003115
Holdemania_filiformis,0.0,0.0,0.0,0.0,0.0,0.0,0.0,0.0,0.0,0.0,0.0,0.0,0.0,0.001955,0.00186,0.002264,0.001878,0.001927,0.001814,0.001871,0.00199,0.001942,0.001859,0.001869,0.001903,0.001846,0.001535,0.001476,0.001426,0.001459,0.001529,0.001501,0.001474,0.00147,0.001656,0.001478,0.001497,0.001441,0.001478
Holdemania_unclassified,0.0,0.0,0.0,0.0,0.0,0.0,0.0,0.0,0.0,0.0,0.0,0.0,0.0,0.008255,0.008576,0.008623,0.008556,0.007952,0.008505,0.008742,0.00906,0.008836,0.008928,0.008543,0.007948,0.008448,0.003634,0.003447,0.002721,0.003201,0.003628,0.003517,0.003225,0.003414,0.003052,0.003516,0.003521,0.003099,0.003467
Turicibacter_unclassified,0.0,0.0,0.0,0.0,0.0,0.0,0.0,0.0,0.0,0.0,0.0,0.0,0.0,0.00434,0.004501,0.005237,0.004668,0.004194,0.004448,0.004428,0.004292,0.00467,0.004397,0.004104,0.004312,0.00427,0.00529,0.005104,0.004777,0.004842,0.005289,0.00521,0.004874,0.00511,0.005056,0.005096,0.005196,0.004902,0.005164
Acidaminococcus_intestini,0.0,0.0,0.0,0.0,0.0,0.0,0.0,0.0,0.0,0.0,0.0,0.0,0.0,0.006296,0.006132,0.007955,0.006483,0.006269,0.005903,0.005908,0.006125,0.006364,0.005751,0.005745,0.00631,0.005975,0.002789,0.002685,0.00302,0.002777,0.002784,0.002713,0.002719,0.002784,0.003519,0.002705,0.002757,0.002654,0.002662
Acidaminococcus_unclassified,0.0,0.0,0.0,0.0,0.0,0.0,0.0,0.0,0.0,0.0,0.0,0.0,0.0,0.004835,0.004482,0.004632,0.004404,0.00482,0.004734,0.004792,0.004767,0.004596,0.004571,0.004524,0.004949,0.004837,0.004448,0.004192,0.003448,0.003895,0.004471,0.004382,0.004042,0.00432,0.004153,0.004259,0.004385,0.003997,0.00429
Phascolarctobacterium_succinatutens,0.0,0.0,0.0,0.0,0.0,0.0,0.0294822,0.0,0.0,0.0,0.0,0.0,0.0,0.002858,0.002912,0.003208,0.002898,0.002792,0.002885,0.002777,0.002938,0.002995,0.002846,0.002906,0.002797,0.002876,0.002279,0.002312,0.003064,0.002378,0.002268,0.002304,0.002321,0.002304,0.003223,0.002289,0.002287,0.002365,0.002282
Dialister_invisus,0.0,0.054269,0.002008,0.0471981999999999,0.0146656,0.0306739,0.0,0.0013227,0.0,0.0555409,0.0,0.0,0.0535765999999999,0.02495,0.025179,0.024244,0.023855,0.02515,0.02625,0.025401,0.02559,0.024531,0.025608,0.025948,0.025443,0.026255,0.031145,0.028617,0.015924,0.024087,0.031161,0.030181,0.025558,0.028957,0.01464,0.028854,0.030117,0.023773,0.029097
Megamonas_hypermegale,0.0,0.0,0.0,0.0,0.0,0.0,0.0,0.0,0.0,0.0,0.0,0.0,0.0,0.003025,0.002975,0.003292,0.003001,0.002868,0.002684,0.002841,0.002984,0.002982,0.002879,0.002706,0.002862,0.002709,0.001747,0.001778,0.00262,0.001878,0.001754,0.001772,0.001881,0.001778,0.003267,0.00179,0.001749,0.001966,0.001785
Megamonas_unclassified,0.0,0.0,0.0,0.0,0.0,0.0,0.0,0.0,0.0,0.0,0.0,0.0,0.0,0.019715,0.020789,0.018619,0.020399,0.018924,0.019867,0.019521,0.020863,0.020322,0.02026,0.019757,0.018928,0.019901,0.00378,0.003624,0.003268,0.003545,0.003798,0.003707,0.00357,0.00374,0.003585,0.003707,0.003749,0.003484,0.003691
Megasphaera_micronuciformis,0.0,0.0,0.0,0.0,0.0,0.0,0.0,0.0,0.0,0.0,0.0,0.0,0.0,0.019026,0.019005,0.020946,0.018887,0.018357,0.019513,0.018453,0.018094,0.019324,0.018219,0.017264,0.01828,0.018243,0.001349,0.00127,0.001268,0.001285,0.00135,0.001315,0.001272,0.001301,0.001498,0.001301,0.001319,0.001249,0.001292
Megasphaera_unclassified,0.0,0.0,0.0,0.0,0.0,0.0,0.0,0.0,0.0,0.0,0.0,0.0,0.0,0.004023,0.003867,0.005448,0.004046,0.003958,0.003885,0.003894,0.004147,0.004203,0.003902,0.003888,0.004004,0.003756,0.003879,0.003846,0.004841,0.004082,0.003866,0.003888,0.003972,0.003864,0.005704,0.003869,0.003865,0.003989,0.003836
Veillonella_atypica,0.0,0.0,0.0,0.0,0.0,0.0,0.0,0.0,0.0,0.0,0.0,0.0,0.0,0.009691,0.009714,0.011073,0.009695,0.009738,0.008833,0.00988,0.010561,0.010326,0.009941,0.009764,0.009668,0.009443,0.007053,0.006834,0.006221,0.006558,0.007062,0.006948,0.006474,0.006746,0.006409,0.007003,0.006894,0.006292,0.006868
Veillonella_dispar,0.0,0.0,0.0,0.0,0.0,0.0,0.0,0.0,0.0,0.0,0.0,0.0,0.0,0.006305,0.00658,0.006232,0.006467,0.006076,0.006644,0.006462,0.006717,0.006522,0.006603,0.006437,0.006135,0.006591,0.005777,0.005678,0.005535,0.005636,0.005779,0.005804,0.00565,0.005666,0.005759,0.005767,0.005651,0.005454,0.005659
Veillonella_parvula,0.105849,5.12e-05,0.0,0.0007635,0.0,0.0,0.0,0.0,0.0,0.0,0.0004304999999999,0.0,0.0,0.000641,0.00064,0.000893,0.0007,0.000659,0.00067,0.000677,0.000705,0.000739,0.000661,0.000657,0.000672,0.000669,0.000656,0.000679,0.001263,0.000783,0.000655,0.000664,0.000757,0.000689,0.001652,0.00068,0.000671,0.000791,0.000674
Veillonella_unclassified,0.0,0.0,0.0,0.0,0.0,0.0,0.0,0.0,0.0,0.0,0.0,0.0,0.0,0.003488,0.00341,0.004466,0.003586,0.003353,0.003311,0.003427,0.00339,0.003702,0.003348,0.002973,0.003354,0.003195,0.002054,0.001972,0.001973,0.001967,0.002075,0.002043,0.001953,0.001982,0.002263,0.002023,0.002021,0.001933,0.002025
Fusobacterium_nucleatum,0.0,0.0,0.0,0.0,0.0,0.0,0.0,0.0,0.0,0.0,0.0,0.0,0.0,0.001234,0.001292,0.001825,0.001439,0.001263,0.001274,0.001272,0.001331,0.001399,0.001249,0.001193,0.001285,0.001271,0.003407,0.003374,0.004336,0.003557,0.003371,0.00339,0.003548,0.003396,0.004936,0.003326,0.003363,0.003383,0.003302
Burkholderiales_bacterium_1_1_47,0.0,0.0,0.0,0.0,0.0,0.0,0.0,0.0,0.0,0.0,0.0,0.0,0.0,0.002612,0.002625,0.003054,0.002687,0.00238,0.002441,0.002508,0.002653,0.002762,0.002635,0.00235,0.002397,0.002458,0.003019,0.002987,0.003262,0.002967,0.003021,0.003055,0.002965,0.002996,0.003687,0.002993,0.003003,0.002935,0.002984
Parasutterella_excrementihominis,0.0,0.0,0.0,0.0,0.0,0.0,0.0,0.0,0.0,0.0,0.0,0.0,0.0,0.011059,0.01111,0.010627,0.010874,0.010377,0.010692,0.010696,0.011071,0.011351,0.011187,0.010154,0.010588,0.010654,0.007328,0.006944,0.006371,0.006987,0.007337,0.007167,0.00692,0.007076,0.006772,0.007183,0.007239,0.006916,0.007111
Sutterella_wadsworthensis,0.0,0.0,0.0,0.0323315,0.0,0.0051998,0.0059033,0.0,0.0,0.0,0.0,0.0006868999999999,0.0,0.00057,0.000516,0.000678,0.000553,0.000561,0.000544,0.000571,0.000553,0.000557,0.00055,0.000543,0.000575,0.000574,0.000713,0.00067,0.000583,0.000648,0.000705,0.000684,0.00063,0.000684,0.000698,0.000673,0.000698,0.000615,0.000668
Bilophila_unclassified,0.0,0.002751,0.0,0.0,0.0,0.0021495,0.0,0.0,0.0025818,0.0,0.0,0.0073891,0.0009653999999999,0.000668,0.000709,0.000766,0.000728,0.000636,0.000666,0.000676,0.000726,0.00075,0.000707,0.000688,0.000652,0.000678,0.000716,0.00068,0.000644,0.000662,0.000718,0.000705,0.000667,0.000688,0.000738,0.000699,0.000707,0.000649,0.000695
Bilophila_wadsworthia,0.0,0.0,0.0,0.0,0.0,0.0,0.0,0.0,0.0,0.0,0.0,0.0,0.0,0.001867,0.001836,0.002188,0.00191,0.00179,0.00167,0.001674,0.001768,0.001866,0.00173,0.001613,0.001767,0.001662,0.014246,0.013253,0.008416,0.011966,0.014359,0.013667,0.012578,0.013784,0.009015,0.013459,0.013948,0.012198,0.013549
Desulfovibrio_piger,0.0,0.0,0.0,0.0,0.0,0.0,0.0,0.0,0.0,0.0,0.0,0.0,0.0,0.006974,0.006648,0.007348,0.006657,0.006644,0.006932,0.006787,0.006673,0.006879,0.006779,0.006418,0.006699,0.00651,0.002862,0.00281,0.003087,0.002892,0.002844,0.002835,0.002812,0.002872,0.003682,0.002818,0.002865,0.002985,0.002847
Citrobacter_unclassified,0.0,0.0,0.0,0.0,0.0,0.0,0.0,0.0,0.0,0.0,0.0,0.0,0.0,0.002493,0.00231,0.002977,0.002328,0.002445,0.002518,0.002395,0.002504,0.002441,0.002391,0.002402,0.002492,0.002519,0.002668,0.002513,0.002066,0.002275,0.002675,0.002573,0.002423,0.002576,0.002555,0.002484,0.0026,0.002315,0.002522
Enterobacter_cloacae,0.0,0.0,0.0,0.0,0.0,0.0,0.0,0.0,0.0,0.0,0.0,0.0,0.0,0.003188,0.00305,0.003736,0.003023,0.002961,0.003066,0.002998,0.003018,0.003198,0.003037,0.002797,0.003081,0.002943,0.00123,0.001162,0.001044,0.001103,0.001232,0.001193,0.001137,0.001179,0.001186,0.001186,0.001204,0.001108,0.001185
Escherichia_coli,0.0422385999999999,0.0,0.0003355,0.0166567,0.0,0.0,0.0007024,0.0130342999999999,0.0016367,0.0,0.0001281999999999,0.0015748,0.000552,0.004205,0.003858,0.00467,0.004043,0.004042,0.003735,0.004213,0.004163,0.004131,0.004277,0.004088,0.004088,0.004001,0.003072,0.003196,0.004848,0.003541,0.003076,0.00315,0.00342,0.003138,0.006181,0.003222,0.003107,0.003518,0.003175
Escherichia_unclassified,0.002624,0.0,0.000239,0.0073503,0.0001274,0.0004766,0.0,0.0,0.0,0.0,5.31e-05,0.0013725999999999,5.9e-06,0.000566,0.000554,0.000657,0.000563,0.00057,0.000574,0.000563,0.000585,0.000609,0.000573,0.000569,0.00058,0.00057,0.000531,0.000524,0.000709,0.000572,0.000535,0.000542,0.000557,0.000522,0.000892,0.000545,0.000525,0.000563,0.000537
Klebsiella_oxytoca,0.0,0.0,0.0,0.0,0.0,0.0,0.0,0.0,0.0,0.0,0.0,0.0,0.0,0.0053,0.005158,0.004938,0.004928,0.004796,0.004837,0.004871,0.005009,0.005119,0.005013,0.004786,0.00483,0.004939,0.003208,0.003061,0.00295,0.003058,0.00322,0.003173,0.003052,0.003092,0.003361,0.003153,0.003148,0.002909,0.003102
Klebsiella_pneumoniae,0.0,0.0,0.0,0.0,0.0,0.0,0.0,0.0,0.0,0.0,0.0,0.0,0.0,0.001783,0.001656,0.002022,0.00174,0.001651,0.001679,0.001674,0.00166,0.00172,0.001648,0.00156,0.001699,0.001645,0.001371,0.00126,0.001026,0.001176,0.001366,0.001341,0.001157,0.001305,0.001086,0.001309,0.001332,0.001154,0.001311
Klebsiella_unclassified,0.0,0.0,0.0,0.0,0.0,0.0,0.0,0.0,0.0,0.0,0.0,0.0,0.0,0.007893,0.007957,0.007952,0.007896,0.008012,0.008427,0.008373,0.008308,0.00796,0.008151,0.008302,0.008123,0.008359,0.006816,0.006603,0.006031,0.006641,0.006831,0.006622,0.006668,0.006608,0.007072,0.006692,0.006747,0.006576,0.006704
Proteus_mirabilis,0.0,0.0,0.0,0.0,0.0,0.0,0.0,0.0,0.0,0.0,0.0,0.0,0.0,0.003176,0.003206,0.003627,0.003414,0.002986,0.003025,0.003137,0.003322,0.003354,0.003197,0.003094,0.003047,0.003164,0.008654,0.008307,0.007303,0.007792,0.00865,0.008572,0.007918,0.008265,0.008255,0.008414,0.00843,0.007975,0.008488
Haemophilus_parainfluenzae,0.0,0.0,0.0,0.0,0.0,0.0,0.0,0.0,0.0,0.0,0.0,0.0,0.0,0.005853,0.005563,0.007671,0.005861,0.005997,0.005624,0.005524,0.005961,0.006016,0.005467,0.005767,0.006008,0.005711,0.002059,0.00196,0.001776,0.001849,0.002063,0.001995,0.001915,0.001968,0.001957,0.001974,0.00201,0.001803,0.001977
Akkermansia_muciniphila,0.0004981,0.0,0.0,0.0,0.0,0.019231,0.0,0.0,0.110025,0.0,0.0,0.0,0.0,0.026211,0.026995,0.03518,0.029836,0.026574,0.026191,0.026481,0.026435,0.028533,0.025459,0.024901,0.026521,0.025297,0.017012,0.018791,0.055679,0.025027,0.01686,0.017692,0.02345,0.01866,0.07789,0.018453,0.017619,0.025194,0.0181
Methanobrevibacter_unclassified,0.0,0.0,0.0,0.0,0.0,0.0,0.0,0.0,0.0322791,0.0,0.0,0.0,0.0,0.001243,0.001266,0.001335,0.001268,0.001209,0.001252,0.001204,0.001218,0.00127,0.001253,0.001129,0.001228,0.001228,0.001207,0.001121,0.000806,0.001037,0.001217,0.001178,0.001048,0.001133,0.000878,0.001151,0.001168,0.000982,0.001151
Collinsella_stercoris,0.0,0.0,0.0,0.0,0.0,0.0,0.0,0.0,0.0,0.0,0.0032106,0.0,0.0,0.000637,0.00059,0.000678,0.0006,0.000585,0.000614,0.000592,0.00061,0.000614,0.000628,0.000589,0.000596,0.000626,0.000421,0.000413,0.000509,0.000426,0.000421,0.000422,0.000418,0.000413,0.000652,0.000418,0.000418,0.000422,0.000418
Bacteroides_clarus,0.0,0.0,0.0,0.0,0.0,0.0,0.0,0.0,0.0004825,0.0,0.0,0.0,0.0,0.000993,0.000952,0.001217,0.000973,0.000991,0.000948,0.000955,0.001031,0.001004,0.000982,0.001002,0.001009,0.001026,0.00109,0.001031,0.000873,0.000968,0.001095,0.001084,0.000984,0.001016,0.000935,0.001058,0.001056,0.000922,0.00105
Bacteroides_plebeius,0.0,0.0,0.0,0.0,0.0,0.0,0.0060888999999999,0.0,0.0,0.0,0.0,0.0,0.0,0.000744,0.000845,0.001078,0.000897,0.000744,0.000769,0.000757,0.000841,0.000898,0.000772,0.00072,0.000746,0.000728,0.000852,0.00079,0.000537,0.000726,0.00085,0.000821,0.000747,0.000801,0.000614,0.000798,0.000818,0.000694,0.000796
Lactobacillus_delbrueckii,0.0,0.0058055,0.0,0.0,0.0,0.0,0.0,0.0,0.0,0.002892,0.0,0.0,0.0,0.002477,0.00256,0.003063,0.002616,0.002384,0.002398,0.0024,0.002616,0.002633,0.002537,0.002412,0.002419,0.002397,0.002774,0.002498,0.001429,0.002121,0.002774,0.00265,0.002235,0.002546,0.001429,0.002562,0.002659,0.002047,0.002553
Lactobacillus_sakei,0.0,0.0,0.0,0.0,0.0,0.0,0.0,0.0081415999999999,0.0,0.0,0.0025831,0.0,0.0,0.000325,0.00032,0.00043,0.000336,0.000296,0.000325,0.00031,0.000324,0.000346,0.000324,0.0003,0.000308,0.000313,0.000367,0.000336,0.000272,0.000317,0.000363,0.000346,0.000323,0.000347,0.000332,0.000339,0.000355,0.000307,0.000336
