# Feature / Sample	Validation|UMCGIBD00126	Validation|UMCGIBD00371	Validation|UMCGIBD00485	Validation|UMCGIBD00238	Validation|UMCGIBD00269	Validation|UMCGIBD00053	Validation|UMCGIBD00613	Validation|UMCGIBD00347	Validation|UMCGIBD00208	Validation|UMCGIBD00027	Validation|UMCGIBD00072	Validation|LLDeep_0010	Validation|LLDeep_0027
Methanosphaera_stadtmanae	0.001694	0.001728	0.002479	0.001827	0.001688	0.001724	0.001791	0.001678	0.002845	0.001734	0.001688	0.001813	0.001706
Rothia_mucilaginosa	0.005751	0.00547	0.004267	0.005214	0.005759	0.005587	0.005212	0.00557	0.004846	0.005551	0.005693	0.005261	0.005586
Propionibacterium_freudenreichii	0.003266	0.003134	0.003456	0.003232	0.003229	0.003196	0.003116	0.003149	0.003666	0.003199	0.003189	0.003059	0.003121
Bifidobacterium_adolescentis	0.085044	0.069651	0.016564	0.047288	0.085656	0.077334	0.052632	0.072776	0.014984	0.072303	0.07922	0.046382	0.073889
Bifidobacterium_animalis	0.000538	0.000537	0.000747	0.000572	0.000537	0.000534	0.000563	0.000547	0.000915	0.000539	0.000546	0.00059	0.000539
Bifidobacterium_bifidum	0.03327	0.028904	0.011709	0.023379	0.033389	0.031746	0.024407	0.030057	0.010364	0.030393	0.031538	0.02285	0.03032
Bifidobacterium_breve	0.002957	0.002838	0.002687	0.002823	0.002919	0.002866	0.002752	0.002898	0.003003	0.002838	0.002897	0.002797	0.002789
Bifidobacterium_catenulatum	0.003716	0.003578	0.003403	0.003381	0.003707	0.003594	0.003528	0.003506	0.003636	0.003592	0.003646	0.003359	0.003591
Bifidobacterium_dentium	0.001808	0.001716	0.001615	0.00161	0.001806	0.001783	0.00164	0.001768	0.001715	0.001732	0.001782	0.001585	0.001725
Bifidobacterium_longum	0.056887	0.052697	0.027885	0.045103	0.056911	0.05435	0.047185	0.053293	0.025338	0.052869	0.055325	0.042946	0.052748
Bifidobacterium_pseudocatenulatum	0.005525	0.005393	0.005235	0.005206	0.005492	0.005327	0.005315	0.005359	0.005083	0.005401	0.005492	0.0051	0.005303
Adlercreutzia_equolifaciens	0.001208	0.001136	0.000884	0.001055	0.001213	0.00118	0.001052	0.001169	0.000966	0.001158	0.001183	0.001042	0.001154
Collinsella_aerofaciens	0.045929	0.041866	0.021048	0.035865	0.045969	0.044688	0.037259	0.042177	0.019035	0.043136	0.044246	0.034045	0.043089
Collinsella_intestinalis	0.001578	0.001531	0.001556	0.00156	0.001575	0.001546	0.001518	0.001531	0.001845	0.001565	0.001553	0.001528	0.001554
Collinsella_unclassified	0.00849	0.007901	0.005455	0.00699	0.00854	0.008362	0.007199	0.008089	0.00542	0.008015	0.008286	0.006991	0.008048
Eggerthella_lenta	0.000886	0.000849	0.000721	0.000816	0.000881	0.00087	0.000819	0.000863	0.000778	0.000867	0.000872	0.000797	0.000854
Eggerthella_sp_1_3_56FAA	0.001973	0.001931	0.001827	0.001942	0.001946	0.001911	0.001904	0.001923	0.002095	0.001945	0.001948	0.001881	0.001906
Eggerthella_unclassified	0.006692	0.006307	0.004833	0.00586	0.006718	0.006576	0.005929	0.00635	0.004826	0.006403	0.006489	0.005559	0.006379
Gordonibacter_pamelaeae	0.001108	0.00105	0.001004	0.001047	0.001106	0.001065	0.001038	0.001064	0.001146	0.001072	0.00109	0.001006	0.001052
Slackia_piriformis	0.000551	0.00053	0.000548	0.000526	0.000548	0.000533	0.00053	0.000538	0.000655	0.000531	0.000543	0.000513	0.000526
Bacteroides_caccae	0.006292	0.005887	0.004198	0.005391	0.006314	0.006136	0.005604	0.006061	0.004614	0.005989	0.006156	0.005363	0.006032
Bacteroides_cellulosilyticus	0.000742	0.000693	0.000483	0.00061	0.000745	0.000723	0.00063	0.000695	0.000569	0.000712	0.000721	0.000619	0.000712
Bacteroides_dorei	0.00678	0.006624	0.006154	0.006492	0.006775	0.006684	0.006538	0.006624	0.006571	0.006647	0.006673	0.006525	0.006645
Bacteroides_eggerthii	0.002898	0.002735	0.002331	0.002672	0.002877	0.002792	0.002769	0.002751	0.002788	0.002735	0.002793	0.00256	0.002722
Bacteroides_faecis	0.000676	0.000622	0.000468	0.000539	0.000679	0.000653	0.000558	0.000629	0.000516	0.000635	0.000658	0.000553	0.000644
Bacteroides_finegoldii	0.004784	0.004632	0.004034	0.004412	0.00479	0.004703	0.004508	0.004628	0.004621	0.004588	0.00473	0.004338	0.004665
Bacteroides_fragilis	0.003337	0.003321	0.00382	0.003457	0.003327	0.003299	0.003401	0.003298	0.004262	0.003355	0.003319	0.003414	0.003283
Bacteroides_intestinalis	0.002071	0.002002	0.002183	0.002037	0.002058	0.002031	0.00202	0.002053	0.002461	0.002023	0.002041	0.002052	0.002007
Bacteroides_massiliensis	0.001648	0.001594	0.001539	0.001546	0.001644	0.001634	0.00155	0.001641	0.001696	0.001612	0.001644	0.001556	0.001598
Bacteroides_ovatus	0.003309	0.003204	0.002616	0.003	0.00329	0.003283	0.002968	0.003164	0.002724	0.003249	0.003263	0.00297	0.003254
Bacteroides_salyersiae	0.003667	0.003393	0.002876	0.003255	0.003639	0.003547	0.003308	0.003545	0.003203	0.003422	0.003568	0.003103	0.003393
Bacteroides_sp_2_1_22	0.002669	0.002535	0.001827	0.002397	0.002688	0.002591	0.002463	0.002542	0.002153	0.00259	0.0026	0.002404	0.002561
Bacteroides_stercoris	0.007251	0.006505	0.002954	0.005309	0.007378	0.007072	0.005796	0.006707	0.003057	0.006734	0.00704	0.005372	0.006855
Bacteroides_thetaiotaomicron	0.003206	0.003394	0.00694	0.004091	0.003166	0.003274	0.00378	0.003354	0.008423	0.003415	0.003269	0.003972	0.003315
Bacteroides_uniformis	0.013273	0.012231	0.007157	0.011106	0.013397	0.012995	0.01152	0.012555	0.006905	0.012684	0.012943	0.01062	0.01257
Bacteroides_vulgatus	0.009888	0.010418	0.02303	0.012263	0.009882	0.010173	0.011506	0.010381	0.027577	0.010343	0.010221	0.012273	0.010261
Bacteroides_xylanisolvens	0.000799	0.000718	0.000502	0.000672	0.000797	0.000761	0.00068	0.000762	0.000648	0.000738	0.000773	0.000655	0.000741
Bacteroidales_bacterium_ph8	0.001098	0.001035	0.000949	0.001002	0.001099	0.001077	0.001022	0.001084	0.001056	0.001046	0.001085	0.000985	0.001046
Barnesiella_intestinihominis	0.003674	0.003387	0.002221	0.003112	0.003695	0.003577	0.00319	0.003433	0.002385	0.003519	0.003556	0.002987	0.003523
Odoribacter_laneus	0.004251	0.003893	0.00254	0.003404	0.004256	0.004044	0.003536	0.00388	0.002775	0.003976	0.004078	0.003266	0.00397
Odoribacter_splanchnicus	0.000425	0.000414	0.000393	0.000408	0.000422	0.000417	0.000407	0.000419	0.000473	0.00041	0.000422	0.000397	0.000407
Parabacteroides_distasonis	0.001132	0.001078	0.000947	0.001027	0.001134	0.001113	0.001027	0.001086	0.001011	0.00111	0.001119	0.001003	0.001098
Parabacteroides_goldsteinii	0.006009	0.005574	0.004301	0.00521	0.006004	0.00588	0.005307	0.005658	0.004644	0.005744	0.005777	0.005117	0.005751
Parabacteroides_merdae	0.001903	0.00176	0.001353	0.001634	0.001905	0.001816	0.001694	0.001759	0.001541	0.001813	0.001834	0.001611	0.001799
Parabacteroides_unclassified	0.002036	0.002052	0.002638	0.002099	0.002028	0.002009	0.00215	0.002064	0.003175	0.002036	0.002052	0.002169	0.002037
Paraprevotella_clara	0.000413	0.000414	0.00056	0.000436	0.000412	0.000411	0.000423	0.000408	0.000711	0.000412	0.00041	0.000417	0.000405
Paraprevotella_unclassified	0.000937	0.000913	0.001005	0.000895	0.000928	0.00092	0.00088	0.000895	0.001169	0.00092	0.000915	0.000857	0.000901
Prevotella_copri	0.014504	0.012471	0.004338	0.009492	0.014687	0.013632	0.010555	0.01273	0.004217	0.012788	0.013702	0.009236	0.013066
Alistipes_finegoldii	0.000632	0.000623	0.000728	0.000635	0.000629	0.000635	0.00062	0.00062	0.000832	0.000628	0.000624	0.000625	0.000624
Alistipes_indistinctus	0.00054	0.000523	0.000518	0.000516	0.000538	0.000537	0.000519	0.000536	0.000587	0.000537	0.000534	0.000533	0.00053
Alistipes_onderdonkii	0.004579	0.004349	0.003559	0.004105	0.004572	0.004522	0.004097	0.004518	0.003761	0.004462	0.004537	0.004135	0.004454
Alistipes_putredinis	0.008684	0.00845	0.008063	0.008478	0.008653	0.008504	0.0085	0.008766	0.009192	0.008469	0.008683	0.008468	0.008403
Alistipes_senegalensis	0.015859	0.015668	0.015749	0.015302	0.015778	0.01564	0.015401	0.015427	0.015377	0.015763	0.015733	0.015225	0.015564
Alistipes_shahii	0.001142	0.001096	0.001019	0.001025	0.001132	0.001114	0.001059	0.001095	0.001172	0.001095	0.00112	0.001024	0.001093
Alistipes_sp_AP11	0.000532	0.000515	0.000613	0.000541	0.000531	0.000524	0.000529	0.000524	0.000714	0.000523	0.000528	0.000519	0.000514
Alistipes_sp_HGB5	0.002636	0.002542	0.00235	0.002502	0.002618	0.002566	0.002517	0.002548	0.002781	0.002564	0.002595	0.002464	0.002532
Alistipes_unclassified	0.002056	0.00213	0.003706	0.002366	0.002016	0.002034	0.002261	0.0021	0.005135	0.002089	0.002072	0.002408	0.002056
Enterococcus_avium	0.003469	0.003378	0.003905	0.003571	0.003465	0.00345	0.003391	0.003346	0.004184	0.003501	0.003408	0.003421	0.00346
Enterococcus_faecalis	0.004552	0.004348	0.00337	0.004203	0.004544	0.004436	0.004221	0.004352	0.003757	0.004411	0.004443	0.004011	0.004334
Enterococcus_faecium	0.005256	0.005055	0.004371	0.004837	0.005225	0.005067	0.005024	0.005154	0.004928	0.004971	0.005189	0.004758	0.004992
Lactobacillus_acidophilus	0.003571	0.003545	0.003983	0.00376	0.003579	0.0036	0.003624	0.003624	0.004767	0.00364	0.003614	0.003905	0.003637
Lactobacillus_casei_paracasei	0.001729	0.001711	0.002282	0.001736	0.001723	0.001729	0.00171	0.001724	0.002644	0.001718	0.001734	0.001772	0.00172
Lactobacillus_fermentum	0.00298	0.002907	0.003115	0.002893	0.002975	0.002976	0.002845	0.002861	0.003501	0.002999	0.002942	0.002945	0.002988
Lactobacillus_gasseri	0.013483	0.013423	0.011882	0.013405	0.013413	0.013253	0.013348	0.013349	0.012919	0.013549	0.01352	0.013214	0.013344
Lactobacillus_plantarum	0.012072	0.011426	0.009305	0.011016	0.012082	0.011729	0.010909	0.011371	0.010336	0.01167	0.011779	0.010583	0.011592
Lactobacillus_rhamnosus	0.003678	0.003429	0.002393	0.003249	0.003664	0.003552	0.003215	0.003458	0.002571	0.003518	0.003565	0.003098	0.003476
Lactobacillus_salivarius	0.001458	0.001389	0.001259	0.001352	0.001445	0.001425	0.001356	0.001371	0.001444	0.001413	0.001422	0.00131	0.001397
Pediococcus_acidilactici	0.001745	0.001702	0.002137	0.001818	0.001738	0.001712	0.001759	0.001715	0.002493	0.001743	0.001731	0.001774	0.001715
Pediococcus_lolii	0.003905	0.003938	0.004608	0.004138	0.003885	0.003883	0.004176	0.003923	0.005194	0.003947	0.003927	0.004057	0.003911
Pediococcus_unclassified	0.004618	0.004317	0.00376	0.004256	0.004626	0.004432	0.004378	0.004549	0.004378	0.004345	0.004567	0.004119	0.004329
Leuconostoc_citreum	0.001346	0.001327	0.001507	0.001367	0.001345	0.00135	0.001367	0.001345	0.001743	0.00132	0.001341	0.001348	0.001311
Lactococcus_lactis	0.004306	0.004181	0.00375	0.00391	0.004305	0.004221	0.004051	0.004071	0.004188	0.004149	0.004176	0.003771	0.004137
Streptococcus_australis	0.002131	0.002082	0.002424	0.002124	0.002124	0.00209	0.002153	0.002114	0.002866	0.002076	0.002115	0.002103	0.002059
Streptococcus_lutetiensis	0.00731	0.007231	0.006982	0.007038	0.007345	0.007261	0.007139	0.007228	0.007629	0.007282	0.007328	0.007135	0.007312
Streptococcus_mutans	0.000456	0.000444	0.000547	0.000468	0.000454	0.000451	0.000457	0.000455	0.000661	0.000452	0.000451	0.000453	0.000445
Streptococcus_parasanguinis	0.0059	0.00574	0.005223	0.005656	0.00593	0.005835	0.005708	0.005789	0.006535	0.005872	0.005871	0.005961	0.005942
Streptococcus_salivarius	0.013203	0.013685	0.022607	0.015339	0.013253	0.013566	0.015011	0.013679	0.026172	0.013661	0.013558	0.015229	0.013602
Streptococcus_sanguinis	0.000871	0.000863	0.001186	0.000927	0.000865	0.000866	0.000875	0.000869	0.001385	0.000879	0.000869	0.000929	0.000864
Streptococcus_thermophilus	0.007046	0.006652	0.005092	0.006151	0.007034	0.006915	0.0061	0.006744	0.005177	0.006773	0.006913	0.00607	0.006738
Streptococcus_vestibularis	0.001449	0.001392	0.00141	0.001381	0.001447	0.001445	0.001344	0.00141	0.001575	0.001429	0.001431	0.001374	0.001422
Butyricicoccus_pullicaecorum	0.00673	0.006488	0.005879	0.006336	0.006676	0.006523	0.006358	0.006558	0.007003	0.006495	0.00661	0.006247	0.00647
Clostridiaceae_bacterium_JC118	0.000642	0.000628	0.000707	0.000615	0.000636	0.000627	0.000625	0.000632	0.000801	0.000626	0.000635	0.000622	0.000626
Clostridium_asparagiforme	0.000931	0.000918	0.001133	0.000976	0.000925	0.000931	0.000939	0.000921	0.001419	0.000936	0.000933	0.000979	0.000931
Clostridium_bolteae	0.000938	0.000909	0.001068	0.000981	0.000933	0.000921	0.000943	0.000921	0.001417	0.000927	0.000923	0.000956	0.000915
Clostridium_butyricum	0.002759	0.002647	0.002317	0.002482	0.002734	0.002685	0.00251	0.002672	0.002484	0.002684	0.002731	0.00252	0.002665
Clostridium_clostridioforme	0.002023	0.002141	0.004048	0.002464	0.002031	0.002105	0.002363	0.002081	0.00542	0.002152	0.002078	0.002486	0.002127
Clostridium_hathewayi	0.000126	0.00012	0.000126	0.000123	0.000127	0.000123	0.000124	0.000121	0.000144	0.000122	0.000124	0.000117	0.000122
Clostridium_leptum	0.0015	0.001383	0.001058	0.001269	0.001508	0.001448	0.001289	0.001426	0.001144	0.001417	0.001463	0.001238	0.001407
Clostridium_nexile	0.004388	0.004704	0.011703	0.005736	0.004338	0.004525	0.005076	0.004549	0.014332	0.004723	0.004486	0.005651	0.004598
Clostridium_perfringens	0.006461	0.006219	0.005017	0.005958	0.006392	0.006194	0.005974	0.006293	0.00558	0.006171	0.006363	0.005577	0.006036
Clostridium_scindens	0.00198	0.001845	0.0015	0.001769	0.001975	0.001943	0.001754	0.001887	0.00162	0.001901	0.001931	0.001711	0.001903
Clostridium_sp_KLE_1755	0.009577	0.009469	0.009675	0.009243	0.009623	0.009822	0.009269	0.00936	0.010702	0.009688	0.00956	0.009277	0.009674
Clostridium_sp_L2_50	0.005998	0.005986	0.006219	0.00605	0.005951	0.005946	0.005912	0.005986	0.006428	0.006026	0.005988	0.006035	0.005955
Clostridium_symbiosum	9.5e-05	9.4e-05	0.000122	0.000102	9.4e-05	9.3e-05	0.0001	9.5e-05	0.000174	9.4e-05	9.4e-05	0.0001	9.3e-05
Clostridiales_bacterium_1_7_47FAA	8.7e-05	8.6e-05	0.000127	9.6e-05	8.7e-05	8.6e-05	9.3e-05	8.7e-05	0.000168	8.8e-05	8.6e-05	9.3e-05	8.6e-05
Flavonifractor_plautii	0.000189	0.00018	0.000191	0.000177	0.000189	0.000184	0.000178	0.000185	0.000228	0.000182	0.000186	0.000176	0.00018
Eubacterium_eligens	0.002928	0.00287	0.002483	0.002747	0.002927	0.002867	0.002796	0.002833	0.002634	0.002867	0.002883	0.002691	0.002862
Eubacterium_hallii	0.021196	0.020387	0.01805	0.019713	0.021327	0.021031	0.020412	0.020891	0.020413	0.020511	0.02091	0.019743	0.020893
Eubacterium_ramulus	0.007752	0.007056	0.003987	0.006095	0.007796	0.007453	0.006615	0.007289	0.004758	0.007152	0.007483	0.006116	0.007219
Eubacterium_rectale	0.085454	0.080954	0.053959	0.072442	0.085056	0.083462	0.073983	0.079775	0.05157	0.081341	0.082781	0.067895	0.081024
Eubacterium_siraeum	0.001504	0.001434	0.001258	0.001356	0.001508	0.001481	0.001351	0.001424	0.001533	0.001476	0.00147	0.001365	0.001475
Eubacterium_sp_3_1_31	0.002866	0.002755	0.002684	0.002734	0.002845	0.00281	0.002692	0.002759	0.002866	0.002821	0.002807	0.002686	0.002771
Eubacterium_ventriosum	0.002458	0.002301	0.001831	0.002119	0.002466	0.002389	0.002156	0.002336	0.001904	0.002359	0.0024	0.002026	0.002338
Anaerostipes_caccae	0.001075	0.001069	0.001199	0.001083	0.001078	0.001074	0.001057	0.001054	0.001351	0.001074	0.00108	0.001084	0.001076
Anaerostipes_hadrus	0.002668	0.002633	0.002696	0.002592	0.002668	0.002694	0.002622	0.002671	0.002975	0.00269	0.002673	0.002625	0.002662
Anaerostipes_unclassified	0.000638	0.000649	0.001344	0.000769	0.000632	0.000647	0.000716	0.000657	0.001627	0.00066	0.000641	0.000755	0.000647
Blautia_hansenii	0.013235	0.012336	0.007926	0.011438	0.013053	0.012475	0.011716	0.012651	0.008429	0.01244	0.012853	0.01125	0.012265
Blautia_hydrogenotrophica	0.001445	0.001342	0.000896	0.001175	0.001462	0.001411	0.001244	0.001365	0.000945	0.001378	0.001418	0.001173	0.001384
Blautia_producta	0.000103	0.000101	0.000122	0.000106	0.000103	0.000101	0.000103	0.000103	0.00015	0.000101	0.000103	0.000103	9.9e-05
Ruminococcus_gnavus	0.010579	0.011369	0.02689	0.013754	0.010446	0.010843	0.012859	0.011127	0.033244	0.011202	0.010845	0.013759	0.011035
Ruminococcus_obeum	0.021414	0.019487	0.010093	0.017241	0.021228	0.020435	0.017508	0.019725	0.009712	0.01979	0.020464	0.016528	0.01972
Ruminococcus_torques	0.031478	0.033538	0.058643	0.039452	0.031413	0.03244	0.037178	0.033191	0.06231	0.033567	0.032175	0.03807	0.032933
Coprococcus_catus	0.005143	0.004706	0.003065	0.004008	0.005159	0.004998	0.004211	0.004795	0.003087	0.00485	0.004969	0.004077	0.004883
Coprococcus_comes	0.017501	0.016874	0.011791	0.014852	0.017492	0.017084	0.015421	0.016979	0.012772	0.016434	0.017226	0.01505	0.016643
Coprococcus_sp_ART55_1	0.005837	0.005296	0.00294	0.004553	0.005857	0.005612	0.00483	0.005353	0.00292	0.005455	0.005628	0.004466	0.005487
Dorea_formicigenerans	0.01233	0.011418	0.00731	0.010287	0.012409	0.01174	0.01083	0.011807	0.00756	0.011564	0.012051	0.010155	0.01158
Dorea_longicatena	0.025248	0.022323	0.010056	0.018762	0.025185	0.024053	0.01972	0.022775	0.009122	0.022936	0.023974	0.017457	0.022957
Dorea_unclassified	0.000202	0.000203	0.000327	0.000223	0.000202	0.0002	0.000217	0.000204	0.000454	0.000205	0.000205	0.000225	0.000206
Lachnospiraceae_bacterium_1_1_57FAA	0.012287	0.011191	0.007154	0.009777	0.012448	0.011943	0.010305	0.011307	0.006355	0.011664	0.011832	0.009435	0.011744
Lachnospiraceae_bacterium_1_4_56FAA	0.001052	0.00103	0.001193	0.001042	0.001053	0.001036	0.001053	0.001051	0.001482	0.001029	0.001044	0.001047	0.001028
Lachnospiraceae_bacterium_2_1_58FAA	0.000468	0.000459	0.000477	0.000458	0.00047	0.000468	0.000461	0.00046	0.000552	0.000471	0.000462	0.000459	0.000462
Lachnospiraceae_bacterium_3_1_46FAA	0.001957	0.001849	0.001485	0.00178	0.001966	0.001906	0.001816	0.001896	0.001608	0.001887	0.001919	0.00179	0.001881
Lachnospiraceae_bacterium_3_1_57FAA_CT1	0.002792	0.002671	0.002615	0.002575	0.002772	0.002736	0.002515	0.002663	0.002713	0.002709	0.002725	0.00242	0.002647
Lachnospiraceae_bacterium_4_1_37FAA	0.002234	0.002233	0.002423	0.002225	0.002215	0.002225	0.002159	0.002246	0.002903	0.002237	0.002222	0.002299	0.002211
Lachnospiraceae_bacterium_5_1_57FAA	0.000531	0.000498	0.000441	0.000477	0.000526	0.000509	0.000485	0.000513	0.000567	0.00051	0.000519	0.000484	0.000508
Lachnospiraceae_bacterium_5_1_63FAA	0.004171	0.004137	0.004731	0.004244	0.004195	0.004193	0.004282	0.004169	0.00556	0.004176	0.004152	0.004221	0.004143
Lachnospiraceae_bacterium_6_1_63FAA	0.001907	0.001852	0.001964	0.001887	0.001916	0.001916	0.001839	0.001858	0.002147	0.001909	0.001875	0.001851	0.00189
Lachnospiraceae_bacterium_7_1_58FAA	0.000405	0.000385	0.000347	0.000374	0.0004	0.000394	0.000367	0.000392	0.000417	0.000391	0.000399	0.000369	0.000385
Lachnospiraceae_bacterium_8_1_57FAA	0.002181	0.002037	0.001749	0.001939	0.00218	0.002132	0.001977	0.002065	0.001959	0.002071	0.002101	0.001889	0.002084
Lachnospiraceae_bacterium_9_1_43BFAA	0.021828	0.021175	0.018465	0.020479	0.021698	0.021562	0.020631	0.021235	0.019605	0.021547	0.021564	0.020137	0.021365
Roseburia_hominis	0.001888	0.001752	0.001575	0.001675	0.001897	0.001865	0.001704	0.001792	0.001643	0.001825	0.001844	0.001622	0.001819
Roseburia_intestinalis	0.00773	0.007574	0.006895	0.007694	0.007726	0.007674	0.007519	0.007508	0.00799	0.007645	0.007595	0.007516	0.007585
Roseburia_inulinivorans	0.005081	0.004582	0.002612	0.004029	0.005135	0.004924	0.004211	0.004731	0.002904	0.004711	0.004885	0.003832	0.004746
Roseburia_unclassified	0.000988	0.000951	0.000952	0.000893	0.001	0.000976	0.000923	0.000953	0.001094	0.000964	0.000981	0.000918	0.000967
Oscillibacter_sp_KLE_1728	0.002022	0.002026	0.002562	0.002074	0.002007	0.001987	0.002022	0.001989	0.00299	0.002031	0.001999	0.002081	0.002007
Oscillibacter_sp_KLE_1745	0.000883	0.000856	0.000926	0.000838	0.000887	0.000877	0.000844	0.000855	0.001038	0.000871	0.000879	0.000845	0.000874
Oscillibacter_unclassified	0.003349	0.003344	0.004445	0.003573	0.003312	0.003365	0.003343	0.003279	0.004637	0.00338	0.003305	0.003396	0.003287
Clostridium_bartlettii	0.001945	0.001853	0.001896	0.001786	0.001949	0.001939	0.001783	0.001855	0.002157	0.001923	0.0019	0.001746	0.001905
Clostridium_difficile	0.004978	0.004886	0.005463	0.004947	0.004979	0.00498	0.004853	0.004957	0.00633	0.004957	0.004953	0.004986	0.004929
Peptostreptococcaceae_noname_unclassified	0.004357	0.004251	0.005689	0.004531	0.004404	0.004352	0.004529	0.004345	0.006158	0.004371	0.004355	0.00443	0.004354
Anaerotruncus_colihominis	0.002172	0.002076	0.001766	0.002032	0.00216	0.002111	0.001973	0.002086	0.001998	0.002097	0.002127	0.001967	0.002071
Anaerotruncus_unclassified	0.003849	0.003688	0.003204	0.003441	0.003848	0.003744	0.003634	0.003743	0.003747	0.003671	0.003835	0.003439	0.003696
Faecalibacterium_prausnitzii	0.08166	0.070997	0.021811	0.053663	0.081588	0.07636	0.057527	0.072439	0.018293	0.072145	0.077046	0.051994	0.073043
Ruminococcaceae_bacterium_D16	0.000255	0.000249	0.000308	0.000262	0.000254	0.000253	0.000251	0.000246	0.000367	0.000254	0.00025	0.00025	0.00025
Ruminococcus_bromii	0.04213	0.038732	0.018143	0.032276	0.042171	0.039821	0.033807	0.039339	0.017335	0.039194	0.040915	0.032418	0.039326
Ruminococcus_callidus	0.003518	0.003288	0.002198	0.003003	0.003511	0.003366	0.003074	0.003286	0.00241	0.003367	0.003372	0.002916	0.003324
Ruminococcus_lactaris	0.003279	0.002996	0.002115	0.002744	0.003291	0.003149	0.002808	0.003092	0.002126	0.003058	0.003171	0.002604	0.003055
Ruminococcus_sp_5_1_39BFAA	0.071576	0.067653	0.045216	0.060529	0.071473	0.070275	0.063564	0.068288	0.042828	0.068744	0.069824	0.060883	0.068656
Subdoligranulum_sp_4_3_54A2FAA	0.001652	0.001647	0.001744	0.001615	0.001639	0.001651	0.001607	0.001639	0.001969	0.001644	0.001647	0.001656	0.001641
Subdoligranulum_unclassified	0.058782	0.054531	0.033849	0.048581	0.059151	0.057016	0.049794	0.056779	0.033531	0.055525	0.057721	0.048076	0.055999
Catenibacterium_mitsuokai	0.001053	0.001011	0.001203	0.001067	0.00105	0.001032	0.001041	0.001008	0.0014	0.001044	0.001034	0.001025	0.001031
Coprobacillus_unclassified	0.000933	0.000964	0.001698	0.001102	0.000928	0.000951	0.00105	0.000958	0.002113	0.00097	0.000947	0.00111	0.000961
Clostridium_ramosum	0.00058	0.000573	0.00081	0.000595	0.000575	0.000566	0.000581	0.000583	0.000996	0.000571	0.000582	0.000613	0.00057
Clostridium_spiroforme	0.001902	0.001882	0.002216	0.001881	0.001899	0.001883	0.001892	0.001859	0.002447	0.001908	0.0019	0.001905	0.001915
Erysipelotrichaceae_bacterium_21_3	0.002166	0.002014	0.00164	0.00191	0.002166	0.002073	0.001903	0.002069	0.001764	0.002032	0.002106	0.001856	0.002043
Erysipelotrichaceae_bacterium_2_2_44A	0.001219	0.001213	0.001299	0.001247	0.001202	0.001187	0.001215	0.001187	0.001536	0.001213	0.001206	0.001193	0.001189
Erysipelotrichaceae_bacterium_3_1_53	0.003282	0.003064	0.002157	0.002836	0.003282	0.003236	0.003	0.003084	0.002184	0.003129	0.003163	0.002712	0.003117
Erysipelotrichaceae_bacterium_5_2_54FAA	0.003657	0.003474	0.002829	0.003267	0.003665	0.003583	0.003319	0.003555	0.003043	0.003559	0.003618	0.00331	0.003543
Erysipelotrichaceae_bacterium_6_1_45	0.006282	0.006229	0.006331	0.006246	0.006288	0.006255	0.00635	0.006334	0.007208	0.006278	0.006287	0.006291	0.006224
Eubacterium_biforme	0.015174	0.013484	0.006175	0.010952	0.015207	0.014374	0.011587	0.013711	0.005991	0.013735	0.014396	0.010655	0.01389
Eubacterium_cylindroides	0.002192	0.00203	0.001395	0.001803	0.002194	0.002139	0.001849	0.002029	0.001445	0.002068	0.002113	0.00177	0.00207
Eubacterium_dolichum	0.003136	0.003009	0.00264	0.002881	0.003169	0.003153	0.002889	0.002997	0.002885	0.003098	0.003108	0.002857	0.003115
Holdemania_filiformis	0.001535	0.001476	0.001426	0.001459	0.001529	0.001501	0.001474	0.00147	0.001656	0.001478	0.001497	0.001441	0.001478
Holdemania_unclassified	0.003634	0.003447	0.002721	0.003201	0.003628	0.003517	0.003225	0.003414	0.003052	0.003516	0.003521	0.003099	0.003467
Turicibacter_unclassified	0.00529	0.005104	0.004777	0.004842	0.005289	0.00521	0.004874	0.00511	0.005056	0.005096	0.005196	0.004902	0.005164
Acidaminococcus_intestini	0.002789	0.002685	0.00302	0.002777	0.002784	0.002713	0.002719	0.002784	0.003519	0.002705	0.002757	0.002654	0.002662
Acidaminococcus_unclassified	0.004448	0.004192	0.003448	0.003895	0.004471	0.004382	0.004042	0.00432	0.004153	0.004259	0.004385	0.003997	0.00429
Phascolarctobacterium_succinatutens	0.002279	0.002312	0.003064	0.002378	0.002268	0.002304	0.002321	0.002304	0.003223	0.002289	0.002287	0.002365	0.002282
Dialister_invisus	0.031145	0.028617	0.015924	0.024087	0.031161	0.030181	0.025558	0.028957	0.01464	0.028854	0.030117	0.023773	0.029097
Megamonas_hypermegale	0.001747	0.001778	0.00262	0.001878	0.001754	0.001772	0.001881	0.001778	0.003267	0.00179	0.001749	0.001966	0.001785
Megamonas_unclassified	0.00378	0.003624	0.003268	0.003545	0.003798	0.003707	0.00357	0.00374	0.003585	0.003707	0.003749	0.003484	0.003691
Megasphaera_micronuciformis	0.001349	0.00127	0.001268	0.001285	0.00135	0.001315	0.001272	0.001301	0.001498	0.001301	0.001319	0.001249	0.001292
Megasphaera_unclassified	0.003879	0.003846	0.004841	0.004082	0.003866	0.003888	0.003972	0.003864	0.005704	0.003869	0.003865	0.003989	0.003836
Veillonella_atypica	0.007053	0.006834	0.006221	0.006558	0.007062	0.006948	0.006474	0.006746	0.006409	0.007003	0.006894	0.006292	0.006868
Veillonella_dispar	0.005777	0.005678	0.005535	0.005636	0.005779	0.005804	0.00565	0.005666	0.005759	0.005767	0.005651	0.005454	0.005659
Veillonella_parvula	0.000656	0.000679	0.001263	0.000783	0.000655	0.000664	0.000757	0.000689	0.001652	0.00068	0.000671	0.000791	0.000674
Veillonella_unclassified	0.002054	0.001972	0.001973	0.001967	0.002075	0.002043	0.001953	0.001982	0.002263	0.002023	0.002021	0.001933	0.002025
Fusobacterium_nucleatum	0.003407	0.003374	0.004336	0.003557	0.003371	0.00339	0.003548	0.003396	0.004936	0.003326	0.003363	0.003383	0.003302
Burkholderiales_bacterium_1_1_47	0.003019	0.002987	0.003262	0.002967	0.003021	0.003055	0.002965	0.002996	0.003687	0.002993	0.003003	0.002935	0.002984
Parasutterella_excrementihominis	0.007328	0.006944	0.006371	0.006987	0.007337	0.007167	0.00692	0.007076	0.006772	0.007183	0.007239	0.006916	0.007111
Sutterella_wadsworthensis	0.000713	0.00067	0.000583	0.000648	0.000705	0.000684	0.00063	0.000684	0.000698	0.000673	0.000698	0.000615	0.000668
Bilophila_unclassified	0.000716	0.00068	0.000644	0.000662	0.000718	0.000705	0.000667	0.000688	0.000738	0.000699	0.000707	0.000649	0.000695
Bilophila_wadsworthia	0.014246	0.013253	0.008416	0.011966	0.014359	0.013667	0.012578	0.013784	0.009015	0.013459	0.013948	0.012198	0.013549
Desulfovibrio_piger	0.002862	0.00281	0.003087	0.002892	0.002844	0.002835	0.002812	0.002872	0.003682	0.002818	0.002865	0.002985	0.002847
Citrobacter_unclassified	0.002668	0.002513	0.002066	0.002275	0.002675	0.002573	0.002423	0.002576	0.002555	0.002484	0.0026	0.002315	0.002522
Enterobacter_cloacae	0.00123	0.001162	0.001044	0.001103	0.001232	0.001193	0.001137	0.001179	0.001186	0.001186	0.001204	0.001108	0.001185
Escherichia_coli	0.003072	0.003196	0.004848	0.003541	0.003076	0.00315	0.00342	0.003138	0.006181	0.003222	0.003107	0.003518	0.003175
Escherichia_unclassified	0.000531	0.000524	0.000709	0.000572	0.000535	0.000542	0.000557	0.000522	0.000892	0.000545	0.000525	0.000563	0.000537
Klebsiella_oxytoca	0.003208	0.003061	0.00295	0.003058	0.00322	0.003173	0.003052	0.003092	0.003361	0.003153	0.003148	0.002909	0.003102
Klebsiella_pneumoniae	0.001371	0.00126	0.001026	0.001176	0.001366	0.001341	0.001157	0.001305	0.001086	0.001309	0.001332	0.001154	0.001311
Klebsiella_unclassified	0.006816	0.006603	0.006031	0.006641	0.006831	0.006622	0.006668	0.006608	0.007072	0.006692	0.006747	0.006576	0.006704
Proteus_mirabilis	0.008654	0.008307	0.007303	0.007792	0.00865	0.008572	0.007918	0.008265	0.008255	0.008414	0.00843	0.007975	0.008488
Haemophilus_parainfluenzae	0.002059	0.00196	0.001776	0.001849	0.002063	0.001995	0.001915	0.001968	0.001957	0.001974	0.00201	0.001803	0.001977
Akkermansia_muciniphila	0.017012	0.018791	0.055679	0.025027	0.01686	0.017692	0.02345	0.01866	0.07789	0.018453	0.017619	0.025194	0.0181
Methanobrevibacter_unclassified	0.001207	0.001121	0.000806	0.001037	0.001217	0.001178	0.001048	0.001133	0.000878	0.001151	0.001168	0.000982	0.001151
Collinsella_stercoris	0.000421	0.000413	0.000509	0.000426	0.000421	0.000422	0.000418	0.000413	0.000652	0.000418	0.000418	0.000422	0.000418
Bacteroides_clarus	0.00109	0.001031	0.000873	0.000968	0.001095	0.001084	0.000984	0.001016	0.000935	0.001058	0.001056	0.000922	0.00105
Bacteroides_plebeius	0.000852	0.00079	0.000537	0.000726	0.00085	0.000821	0.000747	0.000801	0.000614	0.000798	0.000818	0.000694	0.000796
Lactobacillus_delbrueckii	0.002774	0.002498	0.001429	0.002121	0.002774	0.00265	0.002235	0.002546	0.001429	0.002562	0.002659	0.002047	0.002553
Lactobacillus_sakei	0.000367	0.000336	0.000272	0.000317	0.000363	0.000346	0.000323	0.000347	0.000332	0.000339	0.000355	0.000307	0.000336
