Unnamed: 0	1.0	2.0	3.0	4.0	5.0	6.0	7.0	8.0	9.0	10.0	11.0	12.0	13.0	14.0	15.0	16.0	17.0	18.0	19.0	20.0	21.0	22.0	23.0	24.0	25.0	26.0	27.0	28.0	29.0	30.0	31.0	32.0	33.0	34.0	35.0	36.0	37.0	38.0	39.0	40.0	41.0	42.0	43.0	44.0	45.0	46.0	47.0	48.0	49.0	50.0	51.0	52.0	53.0	54.0	55.0	56.0	57.0	58.0	59.0	60.0	61.0	62.0	63.0	64.0	65.0	66.0	67.0	68.0	69.0	70.0	71.0	72.0	73.0	74.0	75.0	76.0	77.0	78.0	79.0	80.0	81.0	82.0	83.0	84.0	85.0	86.0	87.0	88.0	89.0	90.0	91.0	92.0	93.0	94.0	95.0	96.0	97.0	98.0	99.0	100.0	101.0	102.0	103.0	104.0	105.0	106.0	107.0	108.0	109.0	110.0	111.0	112.0	113.0	114.0	115.0	116.0	117.0	118.0	119.0	120.0	121.0	122.0	123.0	124.0	125.0	126.0	127.0	128.0	129.0	130.0	131.0	132.0	133.0	134.0	135.0	136.0	137.0	138.0	139.0	140.0	141.0	142.0	143.0	144.0	145.0	146.0	147.0	148.0	149.0	150.0	151.0	152.0	153.0	154.0	155.0	156.0	157.0	158.0	159.0	160.0	161.0	162.0	163.0	164.0	165.0	166.0	167.0	168.0	169.0	170.0	171.0	172.0	173.0	174.0	175.0	176.0	177.0	178.0	179.0	180.0	181.0	182.0	183.0	184.0	185.0	186.0	187.0	188.0	189.0	190.0	191.0	192.0	193.0	194.0	195.0	196.0	197.0	198.0	199.0	200.0	201.0	202.0	203.0	204.0	205.0	206.0	207.0	208.0	209.0	210.0	211.0	212.0	213.0	214.0	215.0	216.0	217.0	218.0	219.0	220.0	221.0	222.0	223.0	224.0	225.0	226.0	227.0	228.0	229.0	230.0	231.0	232.0	233.0	234.0	235.0	236.0	237.0	238.0	239.0	240.0	241.0	242.0	243.0	244.0	245.0	246.0	247.0	248.0	249.0	250.0	251.0	252.0	253.0	254.0	255.0	256.0	257.0	258.0	259.0	260.0	261.0	262.0	263.0	264.0	265.0	266.0	267.0	268.0	269.0	270.0	271.0	272.0	273.0	274.0	275.0	276.0	277.0	278.0	279.0	280.0	281.0	282.0	283.0	284.0	285.0	286.0	287.0	288.0	289.0	290.0	291.0	292.0	293.0	294.0	295.0	296.0	297.0	298.0	299.0	300.0	301.0	302.0	303.0	304.0	305.0	306.0	307.0	308.0	309.0	310.0	311.0	312.0	313.0	314.0	315.0	316.0	317.0	318.0	319.0	320.0	321.0	322.0	323.0	324.0	325.0	326.0	327.0	328.0	329.0	330.0	331.0	332.0	333.0	334.0	335.0	336.0	337.0	338.0	339.0	340.0	341.0	342.0	343.0	344.0	345.0	346.0	347.0	348.0	349.0
Gardnerella.vaginalis	0.1491158617049353	0.0164126611957796	0.0093434128939097	0.0084250837721397	0.0020599443815016	0.3681988742964353	0.6158800941409637	0.839016098390161	0.2567386945867677	0.4342090553381778	0.5314685314685315	0.7959183673469388	0.75	0.8174603174603174	0.4638728323699422	1.0	0.3285714285714285	0.3571428571428571	0.0	1.0	0.6666666666666666	1.0	0.0	1.0	0.8596491228070176	0.5	0.0	0.6764705882352942	0.005021684546907	0.0098280098280098	0.0052770448548812	0.0017463435931019	0.0111323155216285	0.0042530568846358	0.5420996058760301	0.6628352490421456	0.8155446086480569	0.3513513513513513	0.5555555555555556	0.0	0.0	0.0306406685236768	0.0	0.032442748091603	0.2505512679162073	0.3423368740515933	1.0	0.2903225806451613	0.0	0.0	0.8282674772036475	0.7777777777777778	0.2627952755905511	0.2868525896414343	0.5188679245283019	0.1749049429657794	0.3139841688654353	0.4645957058017359	0.6227544910179641	0.7467911318553092	0.352165725047081	0.861864406779661	0.0833333333333333	0.1696428571428571	0.4126984126984127	0.8991242296464482	0.8340819764177428	0.1290322580645161	0.6013600205286117	0.2582417582417582	0.2481898012632876	0.2023809523809523	0.1927374301675977	0.0	0.5595667870036101	0.1318154583582984	0.1584867075664621	0.0946360153256705	0.4948571428571429	0.7394858272907053	0.1759809750297265	0.3660695014029786	0.2868981846882399	0.3378453965767983	0.2578983516483517	0.3583227445997459	0.3283261802575107	0.4247467438494935	0.2194576460721274	0.5149934810951761	0.1052631578947368	0.4246575342465753	0.0	0.0	0.0055086301872934	0.0083073727933541	0.0106060606060606	0.006544502617801	0.0	0.7973261431299854	0.6952353282975015	0.6679524268723883	0.8676153514445882	0.0010165356465166	0.0040126552974766	0.0010200878844946	0.0020523766521632	0.0010142779121479	0.0030728259756222	0.0132378472222222	0.3076923076923077	0.0014154281670205	0.02647412755716	0.0031172069825436	0.6779990286546868	0.8369565217391305	0.6028264079308163	0.4909638554216867	0.0784234051198699	0.1233766233766233	0.001181412444211	0.001112442238576	0.3107450980392157	0.0050429089622224	0.0	0.0	0.0030416890320271	0.0030385664199454	0.7512566227414753	0.4667924973457591	0.3120415101091429	0.8908115766039263	0.5496284062758051	0.6472387119985609	0.8448389217619987	0.4218009478672986	0.8554216867469879	0.7272727272727273	0.0	0.0889679715302491	0.2903225806451613	0.2991452991452991	0.0	0.0010383386581469	0.0019961453744493	0.0050656660412757	0.001978154296035	0.0030390275111964	0.5089285714285714	0.4770168855534709	0.4977817213842058	0.6443427620632279	0.8900804289544236	0.435064935064935	0.7958698134754473	0.0165111270638908	0.0909090909090909	0.3587420042643923	0.2431226765799256	0.7564539698002922	0.5777331995987964	0.6788154897494305	0.3684210526315789	0.0	0.0233029381965552	0.0	0.8294327647758826	0.8678611422172452	0.005085653104925	0.0	0.0009463295930782	0.6537554732233075	0.0	0.7297297297297297	0.5238095238095238	0.0	0.6666666666666666	0.7398302604623939	0.5407407407407407	0.4545454545454545	0.5	0.0515021459227467	0.3378186968838527	0.498051104374188	0.5258937520882058	0.0022230940238001	0.509907198394783	0.7008699531563685	0.5217877094972067	0.2327698309492847	0.1475409836065573	0.7478813559322034	0.0	0.0020132876988121	0.7519042437431991	0.2638376383763837	0.6147816349384099	0.0472486315182944	0.8572922111866179	0.8418982695332984	0.8593672763222936	0.1901813993665418	0.2233009708737864	0.0	0.035650623885918	0.0060625398851308	0.4832764505119454	0.3229735405291894	0.4221508828250401	0.041324200913242	0.0	0.0	0.5874491574665892	0.1044812469556746	0.7529501332318234	0.687170474516696	0.6757254721326578	0.0	0.3218390804597701	0.2270699058006941	0.4818276220145379	0.0601851851851851	0.0	0.1886227544910179	0.3333333333333333	0.6286289163552745	0.6707897240723121	0.7284576393917451	0.2889006903876792	0.8021978021978022	0.75	0.0118243243243243	0.0158240061752219	0.0070850202429149	0.2661122661122661	0.0065302568567696	0.148014440433213	0.0041322314049586	0.0091863517060367	0.0092059838895281	0.0	0.0050621926525889	0.208063902624572	0.0	0.0026425066062665	0.0	0.4858490566037736	0.3367759317467445	0.260485651214128	0.6358208955223881	0.6589303733602422	0.8214452214452215	0.8978063135366506	0.7724317295188556	0.3651162790697674	0.680614406779661	0.7853170189098999	0.5	0.0	0.238095238095238	0.1102445941155618	0.1944444444444444	0.5	1.0	0.0054474708171206	0.0	0.0246679316888045	0.0666666666666666	0.6328671328671329	0.3047467092142002	0.0	0.0	0.2	0.7142857142857143	0.8857142857142857	0.8681424446583254	0.0	0.0	0.4251207729468599	0.0	0.0202312138728323	0.0388888888888888	0.0476190476190476	0.0	0.0	0.0010355540214014	0.0	0.0	0.0	0.0	0.0	0.0	0.0	0.0	0.0	0.0	0.0	0.0	0.7021978021978021	0.0	0.0	0.0	0.0805687203791469	0.0	0.0105633802816901	0.0	0.0	0.0034985422740524	0.0064308681672025	0.0	0.0	0.4469273743016759	0.1661971830985915	0.0573248407643312	0.3584905660377358	0.0831408775981524	0.5069306930693069	0.6449704142011834	0.6703703703703704	0.0	0.0	0.2238805970149253	0.0	0.0	0.0	0.24	0.3333333333333333	0.0	0.0	0.0	0.0	0.0	0.0	0.0	0.0	0.0	0.1333333333333333	0.535387578237843	0.0012091898428053	0.0009547450830628	0.2106017191977077	0.0010542962572482	0.0	0.0	0.0	0.0020225003160156	0.0073170731707317	0.0	0.0
Lactobacillus.crispatus	0.8324096067564001	0.830988667448222	0.9667884141680116	0.975777884155098	0.9825934699763106	0.0042213883677298	0.0107766629505759	0.0	0.0104700378703497	0.0370039128004471	0.0	0.0	0.0	0.0	0.0	0.0	0.0	0.0	0.0	0.0	0.0	0.0	0.0	0.0	0.0	0.0	0.0	0.0	0.9851632047477744	0.9646191646191646	0.983641160949868	0.994760969220694	0.9694656488549618	0.9827219564061668	0.0	0.0	0.0065681444991789	0.3243243243243243	0.1666666666666666	0.0	0.0	0.0	0.0	0.0	0.0	0.0	0.0	0.0	0.0	0.8943661971830986	0.0	0.0	0.0	0.0	0.1477987421383647	0.6958174904942965	0.6279683377308707	0.0712654179990863	0.0	0.0023337222870478	0.0112994350282485	0.0	0.0	0.0	0.0	0.0	0.0	0.1774193548387097	0.0	0.1758241758241758	0.0147897088276074	0.7976190476190477	0.1927374301675977	0.0	0.0	0.0035949670461354	0.0	0.0061302681992337	0.0102857142857142	0.0127883981542518	0.0140309155766944	0.0053960716598316	0.0041436464088397	0.0052578588208971	0.0	0.0	0.0	0.0	0.0025160749231199	0.0521512385919165	0.4210526315789473	0.2465753424657534	0.916083916083916	0.9389643630635952	0.0	0.0	0.0106060606060606	0.013089005235602	0.0257069408740359	0.0290978541736883	0.0289076118535735	0.0395371263259402	0.0	0.9959338574139334	0.993981017053785	0.9918392969240428	0.9949101059026352	0.9847078099399236	0.9876062685649902	0.0115017361111111	0.2335164835164835	0.0259023354564755	0.0661853188929001	0.034788029925187	0.0	0.0	0.0025311115798354	0.0335341365461847	0.8821617228768793	0.8116883116883117	0.9988185875557888	0.9977751155228478	0.6544313725490196	0.9909758471202336	0.9989968903601164	0.9959631842402712	0.989980318482734	0.9918971562134788	0.0	0.0	0.001610305958132	0.0	0.0	0.0	0.0	0.0	0.144578313253012	0.0147420147420147	0.0	0.0	0.4301075268817204	0.2991452991452991	0.0147247119078105	0.997923322683706	0.9909140969162996	0.9887429643527204	0.9858948998021846	0.9908829174664108	0.0342261904761904	0.0	0.0226264418811002	0.0	0.0	0.1298701298701298	0.0056147696992767	0.0147164393395549	0.0082162735223959	0.0	0.0	0.1485630784218217	0.0	0.0	0.1403508771929824	1.0	0.9696048632218844	0.0076775431861804	0.0	0.0022396416573348	0.9927730192719486	1.0	0.9981073408138434	0.0114516672280229	1.0	0.0	0.0	0.0	0.0	0.0	0.0	0.0	0.0	0.0	0.0	0.0043308791684712	0.0681590377547611	0.9922845560350464	0.001254075746175	0.0	0.0	0.0	0.0	0.0052966101694915	0.998052245646196	0.9909402053553452	0.0	0.2453874538745387	0.22508398656215	0.8602708153269951	0.0088865656037637	0.0010487676979549	0.0	0.0031672905269219	0.0	0.0	0.0	0.0	0.0	0.0016799664006719	0.0080256821829855	0.0	0.0	0.0	0.0	0.0	0.0	0.0	0.0	0.0	0.0	0.0153693604362915	0.0025960539979231	0.0	0.0	0.0628742514970059	0.0	0.0	0.0437678401522359	0.0246198406951484	0.079660116834838	0.0	0.0	0.0	0.8892319567734466	0.0	0.0	0.0	0.0	0.0	0.0393700787401574	0.4085155350978136	0.992952682295412	0.99088805322534	0.0163560289083301	0.9630968232832414	0.893922234805587	0.9746224832214764	0.0	0.0	0.0	0.0	0.0085771947527749	0.0083916083916083	0.0074906367041198	0.0819245773732119	0.0	0.0	0.0066740823136818	0.0	0.0	0.0	0.0	0.0	0.25	0.0	0.0505836575875486	0.0627118644067796	0.0151802656546489	0.0257309941520467	0.0559440559440559	0.0	0.4313725490196078	0.8367346938775511	0.4	0.1904761904761904	0.0013392857142857	0.0086621751684311	0.9407407407407408	0.0789229340761374	0.0917874396135265	0.0613496932515337	0.0	0.0	0.0	0.99175704989154	0.9960880195599022	0.9958577839143942	0.998047964305633	0.9783046644971332	1.0	0.7416666666666667	0.0599078341013824	0.2637795275590551	0.9989592625631876	0.9969292389853136	0.9927900090124888	0.999016836671992	1.0	1.0	0.006043956043956	0.0131496556042579	0.0150833553850224	0.0427385892116182	0.7630331753554502	0.0	0.0	1.0	0.1652421652421652	0.0215743440233236	0.0064308681672025	0.0	0.0	0.0167597765363128	0.3323943661971831	0.1146496815286624	0.1320754716981132	0.006158583525789	0.1564356435643564	0.0	0.0	0.9958094055564178	0.9897747685505044	0.1492537313432835	0.9989883662114316	0.9989495798319328	0.9363636363636364	0.52	0.0	1.0	0.0551378446115288	0.99499864828332	0.996032288958818	0.9950666008880118	0.9990341663648435	1.0	1.0	0.998999249437078	0.8	0.038517091959557	0.8960096735187424	0.9742218827573038	0.0	0.9978914074855034	0.9843264248704664	0.9710751318901218	0.9815366289458012	0.9783845278725825	0.9717073170731708	0.9789797487823636	0.9884393063583816
Lactobacillus.jensenii	0.0052784375824755	0.1236811254396248	0.0103626943005181	0.0094782192436572	0.0081367803069317	0.0	0.0	0.0	0.003118734684785	0.0021240916713247	0.0	0.0	0.0	0.0	0.0	0.0	0.0	0.0	0.0	0.0	0.0	0.0	0.0	0.0	0.0	0.0	0.0	0.0	0.0	0.0019656019656019	0.0	0.0	0.0	0.0	0.0	0.0	0.0	0.0	0.0	0.9371980676328504	0.9731343283582088	0.9387186629526464	0.8461538461538461	0.8396946564885496	0.0	0.0	0.0	0.0	0.0	0.0	0.0167173252279635	0.0	0.6525590551181102	0.0	0.0393081761006289	0.0	0.0290237467018469	0.4490634993147556	0.0269461077844311	0.0035005834305717	0.0188323917137476	0.0	0.0	0.0	0.0	0.0	0.0	0.0	0.0	0.0	0.0	0.0	0.4189944134078212	0.0	0.0045946832950443	0.0077890952666267	0.0	0.0030651340996168	0.0	0.0023731048121292	0.0011890606420927	0.0032376429958989	0.0	0.0	0.0	0.0	0.0	0.0	0.0	0.0	0.0	0.0821917808219178	0.0	0.0545382949399488	0.9886154976129268	0.9861543786777432	0.9717171717171718	0.9738219895287958	0.974293059125964	0.0032580608920346	0.0	0.0	0.0	0.0020330712930333	0.0	0.0051004394224733	0.0020523766521632	0.0132636342357806	0.0072723548089726	0.9635416666666666	0.206043956043956	0.972682236376504	0.9073405535499398	0.9620947630922694	0.0	0.0	0.0025311115798354	0.0072289156626506	0.0	0.0649350649350649	0.0	0.001112442238576	0.0017254901960784	0.0	0.0	0.0	0.0	0.0	0.0	0.0	0.0	0.0011131349929164	0.0	0.0	0.0	0.1042654028436018	0.0	0.0	0.0	0.0	0.1397849462365591	0.0	0.9852752880921894	0.0	0.0070897577092511	0.0030956848030018	0.009116711103466	0.0010396673064619	0.0	0.0	0.0088731144631765	0.0	0.0	0.0422077922077922	0.0	0.0017946877243359	0.0026504108136761	0.0	0.0086741016109045	0.0068192888455918	0.0	0.0	0.0	0.0	0.0	0.9846449136276392	0.0011900039666798	0.0022396416573348	0.0010706638115631	0.0	0.0009463295930782	0.001010441226002	0.0	0.1351351351351351	0.0	0.0	0.0	0.0	0.0	0.0	0.0	0.0515021459227467	0.0077903682719546	0.0012992637505413	0.0	0.0	0.0092801605216955	0.0011153245594467	0.0	0.0	0.2786885245901639	0.010593220338983	0.0019477543538038	0.0070465069458425	0.0	0.0	0.0	0.0112359550561797	0.0	0.0	0.0024715768660405	0.0	0.0	0.9351351351351352	0.6256684491978609	0.97319719208679	0.0	0.0	0.0	0.0	0.0	0.0	0.0	0.0	0.0	0.0	0.0	0.0	0.2831215970961887	0.2627664848785325	0.0025960539979231	0.0	0.9971929824561404	0.0	0.0	0.0	0.0047573739295908	0.002172338884866	0.0	0.0	0.0	0.9881756756756755	0.0088768815129293	0.97165991902834	0.0034650034650034	0.9690901175446234	0.7653429602888087	0.9958677685950412	0.9422572178477692	0.57307249712313	0.0060405580325039	0.0040497541220711	0.00266260935717	0.0355716187939889	0.097772744431861	0.0253775167785234	0.0330188679245283	0.0	0.0	0.0	0.0015136226034308	0.0	0.0	0.0	0.0395348837209302	0.0079449152542372	0.0066740823136818	0.0	0.0	0.0	0.0269408011343495	0.0	0.0	0.0	0.932295719844358	0.7	0.75426944971537	0.8631578947368421	0.2884615384615384	0.0	0.4313725490196078	0.0	0.3	0.0	0.0	0.0158806544754571	0.0	0.914577530176416	0.0289855072463768	0.9386503067484664	0.9190751445086706	0.8388888888888889	0.9523809523809524	0.0060737527114967	0.0	0.0020711080428028	0.0009760178471834	0.0141019680768634	0.0	0.2583333333333333	0.9400921658986175	0.7362204724409449	0.0010407374368123	0.0020026702269692	0.0061799922750096	0.0009831633280078	0.0	0.0	0.0016483516483516	0.9649342517219788	0.969833289229955	0.9269709543568464	0.1184834123222748	0.0	0.0105633802816901	0.0	0.0	0.0145772594752186	0.062700964630225	0.0	0.0	0.4301675977653631	0.4647887323943662	0.7898089171974523	0.4339622641509434	0.8010007698229408	0.300990099009901	0.2761341222879684	0.2925925925925925	0.003104144032283	0.0092579798258947	0.1840796019900497	0.0010116337885685	0.0	0.0636363636363636	0.24	0.6666666666666666	0.0	0.9385964912280702	0.0020275750202757	0.000957723354768	0.0019733596447952	0.0009658336351563	0.0	0.0	0.0010007505629221	0.0	0.0	0.0931076178960096	0.0238686270765705	0.6103151862464183	0.0	0.0125647668393782	0.0211024195015463	0.0142942227516378	0.018581721653394	0.0141463414634146	0.013329915406306	0.0095054592164418
Megasphaera.sp..type.1	0.0026392187912377	0.0017584994138335	0.0010192814066083	0.0010531354715174	0.0010299721907508	0.0417448405253283	0.0541310541310541	0.0178982101789821	0.0406549342838048	0.0413638904415874	0.0559440559440559	0.0	0.0	0.0	0.0	0.0	0.1142857142857142	0.0	0.0	0.0	0.0	0.0	0.0	0.0	0.0	0.0	0.0	0.3235294117647059	0.0015978087194704	0.0078624078624078	0.00844327176781	0.0017463435931019	0.0165394402035623	0.0021265284423179	0.0	0.0	0.0	0.0	0.0	0.0	0.0	0.0	0.0	0.0801526717557251	0.1039140022050716	0.1389984825493171	0.0	0.0	0.5	0.0	0.0	0.0	0.0	0.0	0.0770440251572327	0.0	0.0	0.0	0.0808383233532934	0.0968494749124854	0.5649717514124294	0.0166666666666666	0.9166666666666666	0.8303571428571429	0.4761904761904761	0.0126500162179695	0.0474452554744525	0.0	0.0180908391070053	0.0439560439560439	0.0257279309813588	0.0	0.1284916201117318	0.0	0.0	0.0736968244457759	0.1467280163599182	0.2934865900383142	0.0788571428571428	0.0959789057350033	0.2040428061831153	0.1745089574789553	0.1168113654301499	0.1959950777491889	0.029532967032967	0.193138500635324	0.2399856938483548	0.1287988422575977	0.0335476656415991	0.0521512385919165	0.1052631578947368	0.0	0.0	0.0	0.0	0.0	0.0	0.0	0.0	0.0462869340523536	0.0453224869262057	0.0361620057859209	0.0378036509989938	0.0	0.0	0.0	0.0	0.0	0.0	0.001953125	0.1181318681318681	0.0	0.0	0.0	0.1155900922778047	0.0172101449275362	0.0942839063488715	0.3022088353413654	0.0044697277529459	0.0	0.0	0.0	0.0098823529411764	0.0	0.0	0.0	0.0009840758633029	0.0	0.0149436217905175	0.0441193818567889	0.0223653605296117	0.0057680631451123	0.0487200660611065	0.1507465371469688	0.0280517203594126	0.4739336492890995	0.0	0.085995085995086	0.0	0.4412811387900356	0.1397849462365591	0.1025641025641025	0.0	0.0	0.0	0.0010318949343339	0.0	0.0	0.3050595238095238	0.3621013133208255	0.3979591836734694	0.2032029950083194	0.0	0.1753246753246753	0.0491054434716406	0.1529073941134242	0.0331301351709514	0.203091684434968	0.3231722428748451	0.0048709206039941	0.1344032096288866	0.0987091875474563	0.0701754385964912	0.0	0.0030395136778115	0.0	0.0095200317334391	0.0638297872340425	0.0010706638115631	0.0	0.0	0.0724149545301448	0.0	0.0	0.0	0.0	0.0	0.0084869768803043	0.1259259259259259	0.0909090909090909	0.0	0.0	0.065155807365439	0.0030316154179298	0.0270631473438022	0.0032692559173532	0.0514171055931778	0.0176221280392594	0.1307262569832402	0.1570221066319896	0.0	0.0614406779661017	0.0	0.0	0.0261153427638737	0.4151291512915129	0.0442329227323628	0.0613656006914433	0.0	0.0010487676979549	0.0	0.0	0.0	0.0648648648648648	0.338680926916221	0.0178685386088066	0.2655290102389078	0.0386392272154556	0.1380417335473515	0.0031963470319634	0.0	0.0	0.294596165020337	0.0	0.0308336505519604	0.138547158758055	0.0423767848917549	0.0	0.0	0.0	0.1448598130841121	0.0601851851851851	0.0	0.625748502994012	0.0	0.0638114400689853	0.0627973358705994	0.1803041274438812	0.039830058417419	0.0	0.0	0.0	0.0046314164415283	0.0	0.1256641256641256	0.0021767522855899	0.0	0.0	0.0	0.0	0.0	0.0	0.0406998858881704	0.0	0.0	0.0	0.0	0.099236641221374	0.0551876379690949	0.2131343283582089	0.1140262361251261	0.0428904428904428	0.0016051364365971	0.0403120936280884	0.5186046511627908	0.2076271186440678	0.0556173526140155	0.0	0.0	0.0	0.1350584898971995	0.0	0.0	0.0	0.0	0.211864406779661	0.02134724857685	0.0146198830409356	0.0	0.1296370163542082	0.1372549019607843	0.1632653061224489	0.0	0.0952380952380952	0.0535714285714285	0.0279114533205004	0.0	0.0	0.0	0.0	0.0202312138728323	0.0	0.0	0.0	0.0	0.0	0.0	0.0	0.0	0.0	0.0	0.0	0.0	0.0	0.0	0.0	0.0	0.0	0.0939560439560439	0.0	0.0	0.0	0.0	0.0	0.0	0.0	0.0	0.0	0.0	0.0	0.0	0.0	0.0	0.0	0.0	0.010392609699769	0.0	0.0	0.0	0.0	0.0	0.0746268656716417	0.0	0.0	0.0	0.0	0.0	0.0	0.006265664160401	0.0	0.0	0.0	0.0	0.0	0.0	0.0	0.0	0.0900337024554646	0.0	0.0	0.0	0.0	0.0	0.0	0.0	0.0	0.0	0.0055114073314534	0.0
Aerococcus.christensenii	0.0	0.0	0.0	0.0010531354715174	0.0	0.0089118198874296	0.003220611916264	0.0146985301469853	0.00623746936957	0.006484069312465	0.2937062937062937	0.2040816326530612	0.25	0.1111111111111111	0.3526011560693641	0.0	0.0	0.0	0.0	0.0	0.0	0.0	0.0	0.0	0.0	0.0	0.0	0.0	0.0	0.0019656019656019	0.0	0.0	0.0	0.0021265284423179	0.3937656753851666	0.3222647935291613	0.1614668856048166	0.3243243243243243	0.2222222222222222	0.0	0.0	0.0	0.0	0.0	0.0330760749724366	0.0227617602427921	0.0	0.0	0.0	0.0	0.1018237082066869	0.1111111111111111	0.0688976377952756	0.7131474103585658	0.0314465408805031	0.0	0.0290237467018469	0.0100502512562814	0.1077844311377245	0.0081680280046674	0.0056497175141242	0.0042372881355932	0.0	0.0	0.0555555555555555	0.0097307817061303	0.0042111173498034	0.3387096774193548	0.0322042596869386	0.0	0.0061623786781697	0.0	0.0	1.0	0.1670495569412537	0.0503295386458957	0.0194274028629856	0.0245210727969348	0.2674285714285714	0.0578773895847066	0.0118906064209274	0.0139218648823656	0.0072020520915548	0.0323302382816869	0.0381181318681318	0.0508259212198221	0.0701001430615164	0.0285817655571635	0.0025160749231199	0.0234680573663624	0.0	0.0821917808219178	0.0	0.0	0.0029379360998898	0.0027691242644513	0.0035353535353535	0.006544502617801	0.0	0.0053926525109538	0.0013073794305636	0.0051430408228865	0.0130803507258875	0.0	0.0	0.0	0.0	0.0	0.0	0.001953125	0.0082417582417582	0.0	0.0	0.0	0.0466245750364254	0.0556159420289855	0.0223581522885467	0.0335341365461847	0.0	0.0	0.0	0.0	0.0116078431372549	0.0009731929576218	0.0	0.0	0.0	0.0	0.0023094688221709	0.002123392709685	0.0653068527464662	0.0011131349929164	0.0016515276630883	0.0318402590393955	0.0387902695595003	0.0	0.0	0.0147420147420147	0.0	0.0284697508896797	0.0	0.0	0.0	0.0	0.0	0.0	0.0	0.0	0.1011904761904761	0.049249530956848	0.0181898846495119	0.0	0.0	0.0	0.0078035782261134	0.0073582196697774	0.0082162735223959	0.0079957356076759	0.0099132589838909	0.0009741841207988	0.0722166499498495	0.024677296886864	0.0	0.0	0.0010131712259371	0.0	0.1015470051566838	0.0044792833146696	0.0	0.0	0.0	0.0104412260020208	0.0	0.1351351351351351	0.0	0.0	0.0	0.0450687737781679	0.0444444444444444	0.0	0.0	0.0	0.0049575070821529	0.0437418796015591	0.1490143668559973	0.0	0.0258339603712064	0.0584430069150122	0.0435754189944134	0.2200910273081924	0.0	0.0614406779661017	0.0	0.0	0.0359085963003264	0.0571955719557195	0.0240761478163493	0.0054739268222414	0.0224777835859905	0.0419507079181961	0.0227385071675729	0.0	0.0	0.0	0.0	0.0	0.030716723549488	0.0062998740025199	0.0842696629213483	0.0011415525114155	0.0	0.0	0.0081348053457292	0.004140282513395	0.078797106966121	0.0093731693028705	0.0105941962229387	0.0	0.1705989110707804	0.3282102131879028	0.0415368639667705	0.0	0.0	0.092814371257485	0.0	0.0250071859729807	0.0627973358705994	0.0123099203475742	0.0363781200212426	0.0989010989010989	0.0	0.0	0.0046314164415283	0.0	0.0034650034650034	0.0021767522855899	0.0288808664259927	0.0	0.0	0.0	0.0	0.0	0.0102700646633701	0.0	0.0	0.0	0.2040094339622641	0.0013471037269869	0.0077262693156732	0.0328358208955223	0.0110998990918264	0.0582750582750582	0.0	0.0650195058517555	0.0186046511627906	0.0693855932203389	0.0767519466073414	0.0	0.0	0.0	0.0035448422545196	0.1944444444444444	0.25	0.0	0.0	0.0	0.0	0.0076023391812865	0.0	0.0263262863980853	0.0	0.0	0.0	0.0	0.0169642857142857	0.0384985563041385	0.0	0.0	0.0289855072463768	0.0	0.0	0.0	0.0	0.0	0.0	0.0	0.0	0.0	0.0	0.0	0.0	0.0	0.0	0.0	0.0	0.0	0.0	0.0	0.0208791208791208	0.0	0.0	0.0	0.0	0.0	0.0	0.0	0.0	0.0	0.0	0.0	0.0	0.053072625698324	0.0	0.0	0.0	0.0288683602771362	0.0	0.0	0.0	0.0	0.0	0.0	0.0	0.0	0.0	0.0	0.0	0.0	0.0	0.0	0.0	0.0	0.0	0.0	0.0	0.0	0.0	0.0081848820414058	0.0	0.0	0.1790830945558739	0.0	0.0	0.0	0.0	0.0	0.0	0.0	0.0
Atopobium.vaginae	0.0	0.0017584994138335	0.0010192814066083	0.0010531354715174	0.0	0.0445590994371482	0.0714728106032453	0.0682931706829317	0.0355312987302294	0.0413638904415874	0.0	0.0	0.0	0.0357142857142857	0.0592485549132947	0.0	0.0	0.0	0.0	0.0	0.0	0.0	0.0	0.0	0.0	0.0	0.0	0.0	0.0	0.0	0.0	0.0	0.0	0.0	0.0	0.0	0.0	0.0	0.0	0.0	0.0	0.0	0.0	0.0	0.0049614112458654	0.0130500758725341	0.0	0.0	0.0	0.0123239436619718	0.0258358662613981	0.0	0.0049212598425196	0.0	0.0691823899371069	0.0	0.0	0.0	0.0538922155688622	0.0221703617269544	0.0244821092278719	0.0384180790960452	0.0	0.0	0.0	0.0603308465780084	0.0727119595732734	0.2580645161290322	0.0387477546830895	0.0879120879120879	0.0835002310892004	0.0	0.0335195530726257	0.0	0.1220872989826058	0.1282204913121629	0.0501022494887525	0.0153256704980842	0.0594285714285714	0.0648648648648648	0.0216409036860879	0.0193179365421972	0.0091752170481452	0.0198008725808255	0.0068681318681318	0.0216010165184243	0.0246781115879828	0.0405209840810419	0.0503214984623986	0.0325945241199478	0.0	0.0	0.0	0.0	0.0	0.0	0.0	0.0	0.0	0.0560611167284574	0.1661824520627542	0.2013821922211507	0.0757510421158545	0.0	0.0010031638243691	0.0	0.0	0.0	0.0010242753252074	0.001953125	0.0659340659340659	0.0	0.0	0.0	0.1289460903351141	0.0402173913043478	0.0645433452858046	0.0656626506024096	0.0	0.0	0.0	0.0	0.0116078431372549	0.0030080509599221	0.0	0.0	0.0009840758633029	0.0010128554733151	0.1513381334057872	0.0894184263300696	0.5206655931293612	0.0771098967820279	0.0325350949628406	0.1313185824788631	0.0861275476660092	0.0	0.0	0.0712530712530712	0.0	0.3523131672597864	0.0	0.0	0.0	0.0	0.0	0.0	0.0	0.0	0.050595238095238	0.0328330206378986	0.0363797692990239	0.1524542429284525	0.0978552278820375	0.0	0.0892653216596878	0.7422828427853554	0.8348794063079777	0.0333155650319829	0.0485749690210656	0.0779347296639064	0.1755265797392176	0.1256643887623386	0.0	0.0	0.0010131712259371	0.0	0.010710035700119	0.0251959686450167	0.0	0.0	0.0	0.1549343213203098	0.0	0.0	0.0	0.5	0.0	0.0945273631840796	0.0	0.0909090909090909	0.0	0.0	0.0240793201133144	0.3564313555651797	0.1202806548613431	0.0	0.0491597692500627	0.025429399955387	0.0581005586592178	0.0019505851755526	0.0	0.0201271186440677	0.0	0.0	0.1153427638737758	0.018450184501845	0.0279955207166853	0.0028810141169691	0.09147935180345	0.1027792343995804	0.0889767671774592	0.001007774258566	0.0	0.0	0.0	0.0	0.051877133105802	0.1100377992440151	0.0385232744783306	0.0095890410958904	0.0	0.0	0.0557815223707147	0.0070628348757915	0.0841263799010278	0.068248388986526	0.0741593735605711	0.0	0.058681185722928	0.0099157164105106	0.018172377985462	0.0231481481481481	0.0	0.029940119760479	0.0	0.0399540097729232	0.0294957183634633	0.0224475018102824	0.0185873605947955	0.0	0.25	0.0	0.0023157082207641	0.0	0.0917070917070917	0.0021767522855899	0.0288808664259927	0.0	0.0	0.0	0.0	0.0	0.00874857360213	0.0	0.0	0.0	0.0778301886792452	0.0242478670857656	0.0231788079470198	0.0656716417910447	0.0802219979818365	0.0494172494172494	0.0	0.0325097529258777	0.0395348837209302	0.0211864406779661	0.0489432703003337	0.0	0.0	0.0	0.0280042538107054	0.0	0.0	0.0	0.0	0.0	0.0	0.0	0.0	0.0047865975269246	0.0	0.0	0.0	0.0	0.021875	0.0158806544754571	0.0	0.0	0.1207729468599033	0.0	0.0	0.0	0.0	0.0	0.0	0.0	0.0	0.0	0.0	0.0	0.0	0.0	0.0	0.0	0.0	0.0	0.0	0.0	0.0582417582417582	0.0	0.0	0.0	0.0	0.0	0.0	0.0	0.0	0.0	0.0	0.0	0.0	0.0	0.0	0.0	0.0	0.0	0.0	0.0	0.0	0.0	0.0	0.0	0.0	0.0	0.0	0.0	0.0	0.0	0.0	0.0	0.0	0.0	0.0	0.0	0.0	0.0	0.0666666666666666	0.1121810303322099	0.0	0.0009547450830628	0.0	0.0	0.0	0.0	0.0	0.0	0.0	0.0	0.0
BVAB1	0.0105568751649511	0.0181711606096131	0.0083241314873014	0.0	0.0041198887630033	0.5215759849906192	0.2099591230026012	0.0420957904209579	0.6377812430385387	0.4244829513694801	0.1188811188811188	0.0	0.0	0.0	0.0	0.0	0.5571428571428572	0.6428571428571429	0.0	0.0	0.3333333333333333	0.0	0.0	0.0	0.1403508771929824	0.5	0.0	0.0	0.0015978087194704	0.0058968058968058	0.0	0.0	0.0	0.0	0.005374417771408	0.0042571306939123	0.0	0.0	0.0	0.0	0.0	0.0	0.0	0.0	0.6003307607497244	0.4537177541729894	0.0	0.7096774193548387	0.0	0.0	0.0091185410334346	0.1111111111111111	0.0	0.0	0.0849056603773584	0.1292775665399239	0.0	0.0050251256281407	0.0269461077844311	0.0	0.0	0.0031073446327683	0.0	0.0	0.0	0.0012974375608173	0.0053340819764177	0.0	0.3031819348216577	0.2582417582417582	0.619164997689108	0.0	0.0	0.0	0.0895963242533639	0.5710005991611744	0.6058282208588958	0.5505747126436782	0.0297142857142857	0.0162162162162162	0.5481569560047562	0.4110727390459745	0.5707379636937648	0.4003803557444904	0.6589972527472527	0.3621346886912325	0.3218884120171674	0.3509406657018813	0.6270617836175566	0.2385919165580182	0.3684210526315789	0.0	0.0	0.0	0.0029379360998898	0.0027691242644513	0.0	0.0	0.0	0.0011234692731153	0.0	0.0	0.0	0.0010165356465166	0.0	0.0010200878844946	0.0	0.0	0.0	0.00390625	0.0219780219780219	0.0	0.0	0.0	0.0	0.0019927536231884	0.1636785488293609	0.0024096385542168	0.0	0.0	0.0	0.0	0.0	0.0	0.0	0.0	0.0	0.0010128554733151	0.0	0.3806771263418662	0.0461621041331186	0.0034405990690143	0.3593724194880264	0.001439107753193	0.0	0.0	0.0	0.0	0.0	0.0	0.0	0.2991452991452991	0.0	0.0010383386581469	0.0	0.0010318949343339	0.0010320805022791	0.0039987204094689	0.0	0.0459662288930581	0.0137533274179236	0.0	0.0	0.0876623376623376	0.0021888085268366	0.0	0.0026504108136761	0.2835820895522388	0.220817843866171	0.0009741841207988	0.0100300902708124	0.0022779043280182	0.2807017543859649	0.0	0.0010131712259371	0.0	0.0	0.0167973124300112	0.0	0.0	0.0	0.0023576961940047	0.0	0.0	0.0	0.0	0.0	0.0398009950248756	0.0814814814814814	0.2727272727272727	0.3666666666666666	0.0	0.3378186968838527	0.0	0.0063481456732375	0.0	0.2410333584148482	0.1820209681017176	0.2458100558659217	0.0	0.1475409836065573	0.0826271186440678	0.0	0.0	0.0087051142546245	0.0	0.0	0.0028810141169691	0.0	0.0010487676979549	0.0	0.0	0.7766990291262136	0.0	0.0	0.0028717294192724	0.1433447098976109	0.4313313733725325	0.2536115569823435	0.935159817351598	0.0	0.0	0.0	0.0	0.0	0.0	0.0	0.0	0.0	0.0	0.292834890965732	0.0	0.0	0.0	0.3333333333333333	0.0388042540960045	0.0970504281636536	0.005068790731354	0.5193839617631439	0.0	0.0	0.0	0.0046314164415283	0.0141700404858299	0.4562254562254562	0.0156726164562472	0.0	0.0	0.0	0.0092059838895281	0.0	0.0	0.697984024343857	0.0	0.0	0.0	0.0	0.5006735518634935	0.6379690949227373	0.0011940298507462	0.0015136226034308	0.0065268065268065	0.0032102728731942	0.0	0.0	0.0052966101694915	0.0	0.0	0.0	0.0	0.6781283232896136	0.0	0.0	0.0	0.0	0.0	0.0028462998102466	0.0	0.0	0.5309134423613882	0.0	0.0	0.1	0.0	0.0	0.0	0.0	0.0	0.0	0.0	0.0404624277456647	0.0	0.0	0.0	0.0	0.0	0.0009760178471834	0.0	0.0	0.0	0.0	0.0	0.0	0.0	0.0	0.0	0.0	0.0	0.0895604395604395	0.0	0.0	0.0	0.0379146919431279	0.0	0.0	0.0	0.0	0.0	0.0	0.0	0.0	0.0	0.0	0.0	0.0	0.010392609699769	0.0	0.0	0.0	0.0	0.0	0.0	0.0	0.0	0.0	0.0	0.0	0.0	0.0	0.0	0.0	0.0	0.0	0.0	0.0	0.0	0.0	0.0972556571978815	0.0096735187424425	0.0	0.0	0.0	0.0	0.0	0.0	0.0	0.0	0.0	0.0
Dialister.propionicifaciens	0.0	0.0	0.0	0.0	0.0	0.0028142589118198	0.0011148272017837	0.0010998900109989	0.0021162842503898	0.0021240916713247	0.0	0.0	0.0	0.0	0.0260115606936416	0.0	0.0	0.0	0.0	0.0	0.0	0.0	0.0	0.0	0.0	0.0	0.0	0.0	0.0	0.0	0.0	0.0	0.0	0.0	0.01110713006091	0.0042571306939123	0.0049261083743842	0.0	0.0277777777777777	0.0	0.0	0.0	0.0	0.0	0.0024807056229327	0.0015174506828528	0.0	0.0	0.0	0.0228873239436619	0.0091185410334346	0.0	0.0	0.0	0.0	0.0	0.0	0.0	0.0	0.0116686114352392	0.0	0.0031073446327683	0.0	0.0	0.0	0.0	0.0	0.0483870967741935	0.0	0.0	0.0012324757356339	0.0	0.0	0.0	0.0124712832294059	0.0035949670461354	0.0076687116564417	0.0061302681992337	0.0102857142857142	0.0034278180619644	0.0033293697978596	0.0010792143319663	0.0020718232044198	0.0010068240295335	0.0017170329670329	0.0088945362134688	0.0050071530758226	0.0047033285094066	0.0095051719317864	0.0026075619295958	0.0	0.0	0.0	0.0	0.0	0.0	0.0	0.0	0.0	0.0011234692731153	0.0013073794305636	0.0017679202828672	0.0	0.0	0.0	0.0	0.0	0.0	0.0	0.0	0.0	0.0	0.0	0.0	0.0043710539096648	0.0134057971014492	0.0050622231596709	0.0048192771084337	0.0	0.0	0.0	0.0	0.0	0.0	0.0	0.0	0.0	0.0	0.0010868088574921	0.0031850890645275	0.0078726069064233	0.0011131349929164	0.0016515276630883	0.0041374347904299	0.0021915406530791	0.0	0.0	0.0	0.0	0.0	0.0	0.0	0.0	0.0	0.0	0.0	0.0	0.0	0.0	0.0032833020637898	0.0	0.0	0.0	0.0	0.00114198705748	0.0017946877243359	0.0	0.0093283582089552	0.0086741016109045	0.0	0.0	0.0113895216400911	0.0	0.0	0.0	0.0	0.0202300674335581	0.0061590145576707	0.0	0.0	0.0	0.001010441226002	0.0	0.0	0.0	0.0	0.0	0.0043898156277436	0.0	0.0	0.0	0.0	0.0162889518413597	0.007362494586401	0.0237220180420982	0.0	0.0127915726109857	0.0044612982377871	0.0	0.0416124837451235	0.0	0.0	0.0	0.0	0.0174102285092491	0.0	0.0078387458006718	0.0028810141169691	0.0010454783063251	0.0034084950183534	0.0024715768660405	0.0	0.0	0.0	0.0	0.0	0.0040955631399317	0.0130197396052078	0.0080256821829855	0.0020547945205479	0.0	0.0	0.0058105752469494	0.0009741841207988	0.0026646364674533	0.0076157000585823	0.0105941962229387	0.0	0.014519056261343	0.0252850768468021	0.0025960539979231	0.0	0.0	0.0	0.0	0.0224202356999137	0.0047573739295908	0.002172338884866	0.0034519383961763	0.0	0.0	0.0	0.0	0.0	0.0066990066990066	0.0	0.0	0.0	0.0	0.0	0.0	0.0	0.00266260935717	0.0	0.0	0.0	0.0247641509433962	0.0026942074539739	0.0	0.0101492537313432	0.0126135216952573	0.0023310023310023	0.0	0.0	0.0	0.0026483050847457	0.0066740823136818	0.0	0.0	0.0	0.0046082949308755	0.0	0.0	0.0	0.0	0.0	0.0	0.0	0.0	0.0023932987634623	0.0	0.0	0.0	0.0	0.0022321428571428	0.0033686236766121	0.0	0.0	0.0628019323671497	0.0	0.0	0.0	0.0	0.0	0.0	0.0	0.0	0.0	0.0	0.0	0.0	0.0	0.0	0.0	0.0	0.0	0.0	0.0	0.0016483516483516	0.0	0.0	0.0	0.0	0.0	0.0	0.0	0.0	0.0	0.0	0.0	0.0	0.0	0.0	0.0	0.0	0.0	0.0	0.0	0.0	0.0	0.0	0.0	0.0	0.0	0.0	0.0	0.0	0.0	0.0	0.0	0.0	0.0	0.0	0.0	0.0	0.0	0.0	0.0105922002888781	0.0	0.0	0.0	0.0	0.0	0.0	0.0	0.0	0.0	0.0	0.0
Lactobacillus.coleohominis	0.0	0.0072293864790933	0.0031427843370423	0.0031594064145524	0.0020599443815016	0.0	0.0	0.0	0.0	0.0	0.0	0.0	0.0	0.0	0.0	0.0	0.0	0.0	0.0	0.0	0.0	0.0	0.0	0.0	0.0	0.0	0.0	0.0	0.0	0.0	0.0	0.0	0.0	0.0	0.0	0.0	0.0	0.0	0.0	0.0628019323671497	0.026865671641791	0.0306406685236768	0.1538461538461538	0.032442748091603	0.0011025358324145	0.0015174506828528	0.0	0.0	0.5	0.0	0.0	0.0	0.0	0.0	0.0	0.0	0.0	0.0	0.0	0.0	0.0	0.0	0.0	0.0	0.0	0.0	0.0	0.0	0.0	0.1758241758241758	0.0	0.0	0.0335195530726257	0.0	0.0	0.0	0.0	0.0	0.0	0.0	0.0	0.0	0.0	0.0	0.0	0.0	0.0	0.0	0.0	0.0026075619295958	0.0	0.0821917808219178	0.0139860139860139	0.0049222287851939	0.0	0.0	0.0	0.0	0.0	0.0	0.0	0.0	0.0	0.0	0.0010031638243691	0.0010200878844946	0.0009851407930383	0.0010142779121479	0.0010242753252074	0.0	0.0082417582417582	0.0	0.0	0.0	0.0	0.0	0.0025311115798354	0.0012048192771084	0.0349451442503047	0.0	0.0	0.0	0.0	0.0	0.0010031096398836	0.0020184078798643	0.0009840758633029	0.0010128554733151	0.0	0.0	0.0	0.0	0.0	0.0	0.0	0.0	0.0	0.0	0.0	0.0	0.0	0.0	0.0	0.0	0.0	0.0010318949343339	0.001978154296035	0.0010396673064619	0.0	0.0	0.0	0.0	0.0060321715817694	0.0876623376623376	0.0	0.0	0.0	0.0	0.0	0.0	0.0	0.0	0.1403508771929824	0.0	0.0	0.0076775431861804	0.0	0.0022396416573348	0.0	0.0	0.0	0.0	0.0	0.0	0.0	0.0	0.3333333333333333	0.0	0.1259259259259259	0.0	0.0	0.1072961373390558	0.0	0.0	0.0016705646508519	0.0022230940238001	0.0	0.0	0.0	0.0	0.2786885245901639	0.0	0.0	0.0	0.044613710554951	0.0	0.0	0.0	0.0	0.0	0.0	0.0	0.0	0.0	0.0	0.0	0.0	0.0	0.0080256821829855	0.0011415525114155	0.0020833333333333	0.0	0.0	0.0080370189965903	0.0	0.0	0.0	0.0	0.014519056261343	0.045612295488349	0.0	0.0	0.0028070175438596	0.0	0.0	0.0	0.0	0.0	0.0010621348911311	0.0	0.0	0.0	0.0088768815129293	0.0070850202429149	0.0	0.0021767522855899	0.0288808664259927	0.0	0.0	0.0	0.0010067596720839	0.0	0.0	0.0	0.0	0.0	0.0	0.0	0.0077262693156732	0.0	0.0	0.0	0.0032102728731942	0.0078023407022106	0.0186046511627906	0.0	0.0066740823136818	0.5	1.0	0.7619047619047619	0.0	0.6111111111111112	0.0	0.0	0.0116731517509727	0.0254237288135593	0.0123339658444022	0.0187134502923976	0.0227272727272727	0.0	0.0	0.0	0.0	0.0	0.0	0.0	0.0592592592592592	0.0	0.0628019323671497	0.0	0.0	0.0	0.0	0.0021691973969631	0.0039119804400977	0.0010355540214014	0.0	0.0021695335502866	0.0	0.0	0.0	0.0	0.0	0.0	0.0	0.0	0.0	0.0	0.0	0.0131496556042579	0.0132310134956337	0.0203319502074688	0.0	0.0	0.0	0.0	0.0	0.0	0.0	0.0	0.0	0.053072625698324	0.0366197183098591	0.0382165605095541	0.0754716981132075	0.0123171670515781	0.0356435643564356	0.0788954635108481	0.037037037037037	0.0	0.0	0.0348258706467661	0.0	0.0	0.0	0.0	0.0	0.0	0.0	0.0020275750202757	0.0020522643316459	0.0019733596447952	0.0	0.0	0.0	0.0	0.0	0.0	0.0	0.0	0.0	0.0010542962572482	0.0031088082901554	0.0078224486083318	0.0031268612269207	0.0010112501580078	0.0034146341463414	0.0021789284798769	0.0020552344251766
Eggerthella	0.0	0.0	0.0	0.0	0.0	0.0051594746716697	0.0151121020686238	0.0104989501049895	0.0021162842503898	0.006484069312465	0.0	0.0	0.0	0.0	0.0	0.0	0.0	0.0	0.0	0.0	0.0	0.0	0.0	0.0	0.0	0.0	0.0	0.0	0.0	0.0	0.0	0.0	0.0	0.0	0.0	0.0	0.0	0.0	0.0	0.0	0.0	0.0	0.0	0.0	0.0011025358324145	0.0048558421851289	0.0	0.0	0.0	0.0	0.0	0.0	0.0	0.0	0.0157232704402515	0.0	0.0	0.0	0.0269461077844311	0.0093348891481913	0.0056497175141242	0.0019774011299435	0.0	0.0	0.0	0.0	0.0022459292532285	0.0	0.0012830382345393	0.0	0.0012324757356339	0.0	0.0	0.0	0.0045946832950443	0.0113840623127621	0.0040899795501022	0.0	0.0	0.0034278180619644	0.0097502972651605	0.0021584286639326	0.0009865824782951	0.0021255173956818	0.0	0.0025412960609911	0.0032188841201716	0.0025325615050651	0.0058708414872798	0.0026075619295958	0.0	0.0	0.0	0.0	0.0	0.0	0.0	0.0	0.0	0.0065161217840692	0.0095874491574665	0.010286081645773	0.0014374011786689	0.0	0.0	0.0	0.0	0.0	0.0	0.0	0.0082417582417582	0.0	0.0	0.0	0.0043710539096648	0.0057971014492753	0.0073824087745201	0.0154618473895582	0.0	0.0	0.0	0.0	0.0	0.0	0.0	0.0	0.0	0.0	0.003396277679663	0.0031850890645275	0.0064412238325281	0.0034405990690143	0.0064409578860445	0.0097139773340528	0.0	0.0	0.0	0.0147420147420147	0.0	0.0284697508896797	0.0	0.0	0.0	0.0	0.0	0.0	0.0	0.0	0.0	0.0065666041275797	0.0044365572315882	0.0	0.0	0.0	0.0021888085268366	0.0165111270638908	0.0055658627087198	0.0034648187633262	0.0086741016109045	0.0	0.0100300902708124	0.0045558086560364	0.0	0.0	0.0	0.0	0.0	0.0022396416573348	0.0	0.0	0.0	0.001010441226002	0.0	0.0	0.0	0.0	0.0	0.0043898156277436	0.0	0.0	0.0	0.0	0.0063739376770538	0.0134257254222607	0.0063481456732375	0.0	0.0057687484324053	0.0011153245594467	0.0	0.0035760728218465	0.0	0.0	0.0	0.0	0.0	0.0	0.0	0.0	0.0026136957658128	0.0010487676979549	0.0012357884330202	0.0	0.0	0.0	0.0	0.0	0.0129692832764505	0.0113397732045359	0.0080256821829855	0.0020547945205479	0.0	0.0	0.009877977919814	0.0	0.0026646364674533	0.0131810193321616	0.0350069092584062	0.0	0.0048396854204476	0.0	0.0025960539979231	0.0	0.0	0.0	0.0	0.0086231675768899	0.0047573739295908	0.0	0.0023898035050451	0.0	0.0	0.0	0.0	0.0	0.0034650034650034	0.0	0.0	0.0	0.0	0.0	0.0	0.0	0.00266260935717	0.0	0.0	0.0	0.0035377358490566	0.0013471037269869	0.0	0.0041791044776119	0.007063572149344	0.0041958041958041	0.0	0.0	0.0	0.0	0.0	0.0	0.0	0.0	0.0035448422545196	0.0	0.0	0.0	0.0	0.0	0.0	0.0	0.0	0.0011966493817311	0.0	0.0	0.0	0.0	0.0013392857142857	0.0019249278152069	0.0	0.0	0.0289855072463768	0.0	0.0	0.0	0.0	0.0	0.0	0.0	0.0	0.0	0.0	0.0	0.0	0.0	0.0	0.0	0.0	0.0	0.0	0.0	0.0043956043956043	0.0	0.0	0.0	0.0	0.0	0.0	0.0	0.0	0.0	0.0	0.0	0.0	0.0	0.0	0.0	0.0	0.0	0.0	0.0	0.0	0.0	0.0	0.0	0.0	0.0	0.0	0.0	0.0	0.0	0.0	0.0	0.0	0.0	0.0	0.0	0.0	0.0	0.0	0.0024073182474723	0.0	0.0	0.0	0.0	0.0	0.0	0.0	0.0	0.0	0.0	0.0
BVAB2	0.0	0.0	0.0	0.0	0.0	0.0028142589118198	0.0118914901523597	0.0031996800319968	0.003118734684785	0.0032420346562325	0.0	0.0	0.0	0.0	0.0	0.0	0.0	0.0	0.0	0.0	0.0	0.0	0.0	0.0	0.0	0.0	0.0	0.0	0.0	0.0	0.0	0.0	0.0	0.0	0.0	0.0	0.0	0.0	0.0	0.0	0.0	0.0	0.0	0.0	0.0	0.0048558421851289	0.0	0.0	0.0	0.0	0.0	0.0	0.0	0.0	0.0157232704402515	0.0	0.0	0.0	0.0269461077844311	0.0851808634772462	0.0056497175141242	0.0612994350282485	0.0	0.0	0.0	0.0139474537787868	0.0275126333520494	0.0	0.0038491147036181	0.0	0.0	0.0	0.0	0.0	0.0246143747948802	0.0113840623127621	0.0076687116564417	0.0	0.0	0.0011865524060646	0.0054696789536266	0.0010792143319663	0.0009865824782951	0.0021255173956818	0.0034340659340659	0.0025412960609911	0.0017882689556509	0.0119392185238784	0.0276768241543192	0.0495436766623207	0.0	0.0	0.0	0.0	0.0	0.0	0.0	0.0	0.0	0.0516795865633074	0.0508425334108076	0.0343940855030536	0.0043122035360068	0.0	0.0	0.0	0.0	0.0	0.0	0.0	0.0219780219780219	0.0	0.0	0.0	0.0021855269548324	0.0153985507246376	0.0149757435140265	0.0118473895582329	0.0	0.0	0.0	0.0	0.0	0.0	0.0	0.0	0.0	0.0	0.0676538513788887	0.0062522118674059	0.001610305958132	0.012649261283141	0.0	0.0221262817053426	0.0	0.0	0.0	0.0712530712530712	0.0	0.0604982206405693	0.0	0.0	0.0	0.0	0.0	0.0	0.0	0.0	0.0	0.0065666041275797	0.0	0.0	0.0060321715817694	0.0	0.0446326608298439	0.0405599425699928	0.0137821362311158	0.0679637526652452	0.0723667905824039	0.0	0.0100300902708124	0.0	0.0	0.0	0.0	0.0	0.0011900039666798	0.0	0.0	0.0	0.0	0.0629841697541259	0.0	0.0	0.238095238095238	0.0	0.0	0.0365817968978636	0.0	0.0	0.0	0.0	0.1437677053824362	0.0272845387613685	0.0300701637153357	0.0	0.0303486330574366	0.0044612982377871	0.0	0.0	0.0	0.0052966101694915	0.0	0.0	0.0	0.0	0.0201567749160134	0.0	0.0	0.0	0.0012357884330202	0.0	0.0	0.0	0.0	0.0	0.0040955631399317	0.0323393532129357	0.0080256821829855	0.0020547945205479	0.0	0.0	0.0261475886112725	0.0	0.0365435858393604	0.0588752196836555	0.1303546752648549	0.0	0.0	0.0	0.0	0.0138888888888888	0.0	0.0	0.0	0.0738718022420235	0.0095147478591817	0.0173787110789283	0.0058417419012214	0.0	0.0	0.0	0.0	0.0	0.0385770385770385	0.0	0.0	0.0	0.0	0.0	0.0	0.0	0.00494484594903	0.0	0.0	0.0	0.0448113207547169	0.0148181409968567	0.0	0.0214925373134328	0.0918264379414732	0.0041958041958041	0.0	0.0	0.0	0.0026483050847457	0.0	0.0	0.0	0.0	0.0010634526763559	0.0	0.0	0.0	0.0	0.0	0.0	0.0	0.0	0.0	0.0	0.0	0.0	0.0	0.0102678571428571	0.005293551491819	0.0	0.0	0.0289855072463768	0.0	0.0	0.0	0.0	0.0	0.0	0.0	0.0	0.0	0.0	0.0	0.0	0.0	0.0	0.0	0.0	0.0	0.0	0.0	0.0181318681318681	0.0	0.0	0.0	0.0	0.0	0.0	0.0	0.0	0.0	0.0	0.0	0.0	0.0	0.0	0.0	0.0	0.0	0.0	0.0	0.0	0.0	0.0	0.0	0.0	0.0	0.0	0.0	0.0	0.0	0.0	0.0	0.0	0.0	0.0	0.0	0.0	0.0	0.0	0.0784785748675975	0.0	0.0	0.0	0.0	0.0	0.0	0.0	0.0	0.0	0.0	0.0
Lactobacillus.gasseri	0.0	0.0	0.0	0.0	0.0	0.0	0.0	0.0	0.0	0.0	0.0	0.0	0.0	0.0357142857142857	0.0982658959537572	0.0	0.0	0.0	0.0	0.0	0.0	0.0	0.0	0.0	0.0	0.0	0.0	0.0	0.0066194932663775	0.0078624078624078	0.0026385224274406	0.0017463435931019	0.0028625954198473	0.0087719298245614	0.0017914725904693	0.0042571306939123	0.0	0.0	0.0277777777777777	0.0	0.0	0.0	0.0	0.015267175572519	0.0	0.0	0.0	0.0	0.0	0.0704225352112676	0.0	0.0	0.0108267716535433	0.0	0.0	0.0	0.0	0.0	0.0	0.0	0.0	0.0	0.0	0.0	0.0	0.0	0.0	0.0	0.0	0.0	0.0	0.0	0.0	0.0	0.0	0.0	0.0	0.0030651340996168	0.0491428571428571	0.0	0.0	0.0	0.0	0.0	0.0	0.0	0.0	0.0	0.0	0.0	0.0	0.0821917808219178	0.0699300699300699	0.001575113211262	0.0	0.0	0.0	0.0	0.0	0.0	0.0	0.0	0.0	0.0	0.0	0.0	0.0	0.0	0.0	0.0	0.0	0.0	0.0	0.0	0.0	0.0	0.0	0.0130522088353413	0.0	0.0	0.0	0.0	0.0	0.0	0.0	0.0020184078798643	0.0040257648953301	0.0020257109466303	0.0	0.0	0.0	0.0	0.0	0.0	0.0	0.0	0.0	0.0	0.0	0.0	0.0	0.0	0.0	0.0	0.0	0.0	0.0	0.0	0.0	0.0032833020637898	0.0	0.0	0.0	0.0422077922077922	0.0	0.0	0.0	0.0023987206823027	0.0	0.002435460301997	0.0100300902708124	0.0	0.0	0.0	0.0	0.0	0.0	0.0	0.0	0.0	0.0	0.0	0.0	0.0	0.0	0.0	0.0	0.0	0.0814814814814814	0.0	0.1333333333333333	0.7896995708154506	0.0	0.0012992637505413	0.0016705646508519	0.0	0.0	0.0033459736783403	0.0	0.2327698309492847	0.1475409836065573	0.0	0.0	0.0	0.0	0.0	0.0279955207166853	0.0028810141169691	0.0099320439100888	0.0010487676979549	0.0168067226890756	0.8056435358479701	0.0	0.0	0.0	0.0	0.0	0.0050398992020159	0.0232744783306581	0.0	0.9979166666666668	0.0	0.0	0.8753044325377496	0.0057099352874	0.0	0.0	0.0	0.0780399274047187	0.0758552305404065	0.0077881619937694	0.8425925925925926	0.0	0.0	0.3333333333333333	0.0	0.0	0.0	0.0010621348911311	0.0989010989010989	0.0	0.0	0.0609803164801235	0.0	0.0	0.0	0.0	0.0	0.0091863517060367	0.0	0.0	0.0	0.0	0.0013315579227696	0.0056625141562853	0.0	0.0	0.0	0.0	0.0011940298507462	0.0	0.0	0.0866773675762439	0.0	0.0	0.0	0.0	0.0	0.0	0.0	0.0	0.0	0.0	0.0	0.0	0.0	0.1693548387096774	0.0035087719298245	0.0	0.0	0.0	0.0	0.0	0.0	0.0	0.0019249278152069	0.0	0.0064995357474466	0.0628019323671497	0.0	0.0	0.1222222222222222	0.0	0.0	0.0	0.0	0.0	0.0054238338757167	0.0	0.0	0.0	0.0	0.0	0.0010680907877169	0.0010299987125016	0.0	0.0	0.0	0.0	0.0087664370695053	0.0018523418893887	0.0099585062240663	0.0	0.0	0.9788732394366196	0.0	0.8347578347578347	0.9603498542274052	0.9244372990353698	1.0	1.0	0.0	0.0	0.0	0.0	0.0477290223248652	0.0	0.0	0.0	0.001086450411299	0.0009672516236009	0.3333333333333333	0.0	0.0010504201680672	0.0	0.0	0.0	0.0	0.0	0.0009462016761286	0.000957723354768	0.0009866798223976	0.0	0.0	0.0	0.0	0.0	0.0	0.0	0.0	0.0	0.0	0.0	0.0	0.0010422870756402	0.0	0.0034146341463414	0.0	0.0
Dialister.sp..type.2	0.0	0.0	0.0	0.0	0.0	0.0	0.003220611916264	0.0020997900209979	0.0021162842503898	0.0011179429849077	0.0	0.0	0.0	0.0	0.0	0.0	0.0	0.0	0.0	0.0	0.0	0.0	0.0	0.0	0.0	0.0	0.0	0.0	0.0	0.0	0.0	0.0	0.0	0.0	0.0017914725904693	0.0	0.0032840722495894	0.0	0.0	0.0	0.0	0.0	0.0	0.0	0.0024807056229327	0.0033383915022761	0.0	0.0	0.0	0.0	0.0091185410334346	0.0	0.0	0.0	0.0	0.0	0.0	0.0	0.0	0.0081680280046674	0.0	0.0050847457627118	0.0	0.0	0.0	0.0	0.0022459292532285	0.0	0.0	0.0	0.0	0.0	0.0	0.0	0.0	0.0035949670461354	0.0	0.0030651340996168	0.0	0.0	0.0011890606420927	0.0010792143319663	0.0009865824782951	0.0010068240295335	0.0034340659340659	0.0	0.0050071530758226	0.0047033285094066	0.0167738328207995	0.014341590612777	0.0	0.0	0.0	0.0	0.0	0.0	0.0	0.0	0.0	0.0021345916189192	0.0013073794305636	0.0033751205400192	0.0	0.0	0.0	0.0	0.0	0.0	0.0	0.0	0.0	0.0	0.0	0.0	0.0	0.0038043478260869	0.0073824087745201	0.0072289156626506	0.0	0.0	0.0	0.0	0.0	0.0	0.0	0.0	0.0	0.0	0.0046189376443418	0.0031850890645275	0.0143138307389515	0.0023274640760979	0.0	0.001439107753193	0.0	0.0	0.0	0.0	0.0	0.0	0.0	0.0	0.0	0.0	0.0	0.0	0.0	0.0	0.0	0.0065666041275797	0.0	0.0	0.0	0.0	0.0021888085268366	0.0055635319454414	0.0	0.0207889125799573	0.0411400247831474	0.0	0.0	0.0539104024297646	0.0	0.0	0.0	0.0	0.0023800079333597	0.0044792833146696	0.0	0.0	0.0	0.0262714718760525	0.0	0.0	0.0	0.5	0.0	0.0237050043898156	0.0	0.0	0.0	0.0	0.0304532577903682	0.0164573408401905	0.0080187103240895	0.0	0.0233258088788562	0.0011153245594467	0.0	0.0	0.0	0.0052966101694915	0.0	0.0	0.0	0.0	0.0	0.0	0.0062728698379508	0.004719454640797	0.004695996045477	0.0	0.0	0.0	0.0	0.0	0.0040955631399317	0.0176396472070558	0.0	0.0011415525114155	0.0	0.0	0.0081348053457292	0.0	0.0057099352874	0.0131810193321616	0.014279134039613	0.0	0.0	0.0049578582052553	0.0025960539979231	0.0	0.0	0.0	0.0	0.0738718022420235	0.0047573739295908	0.005068790731354	0.0023898035050451	0.0	0.0	0.0	0.0	0.0	0.0046200046200046	0.0	0.0	0.0	0.0	0.0	0.0	0.0	0.0038037276531	0.0	0.0	0.0	0.0165094339622641	0.0107768298158958	0.0077262693156732	0.0113432835820895	0.0085771947527749	0.0023310023310023	0.0	0.0	0.0	0.0026483050847457	0.0066740823136818	0.0	0.0	0.0	0.0067352002835873	0.0	0.0	0.0	0.0	0.0	0.0	0.0	0.0	0.0	0.0	0.0	0.0	0.0	0.0044642857142857	0.0105871029836381	0.0	0.0	0.0289855072463768	0.0	0.0	0.0	0.0	0.0	0.0	0.0	0.0	0.0	0.0	0.0	0.0	0.0	0.0	0.0	0.0	0.0	0.0	0.0	0.0016483516483516	0.0	0.0	0.0	0.0	0.0	0.0	0.0	0.0	0.0	0.0	0.0	0.0	0.0	0.0	0.0	0.0	0.0	0.0	0.0	0.0	0.0	0.0	0.0	0.0	0.0	0.0	0.0	0.0	0.0	0.0	0.0	0.0	0.0	0.0	0.0	0.0	0.0	0.0	0.0197400096292729	0.0	0.0	0.0	0.0	0.0	0.0	0.0	0.0	0.0	0.0	0.0
Gemella	0.0	0.0	0.0	0.0	0.0	0.0	0.003220611916264	0.0010998900109989	0.0	0.0	0.0	0.0	0.0	0.0	0.0	0.0	0.0	0.0	0.0	0.0	0.0	0.0	0.0	0.0	0.0	0.0	0.0	0.0	0.0	0.0	0.0	0.0	0.0	0.0	0.0440702257255464	0.0021285653469561	0.0082101806239737	0.0	0.0	0.0	0.0	0.0	0.0	0.0	0.0	0.0130500758725341	0.0	0.0	0.0	0.0	0.0	0.0	0.0	0.0	0.0	0.0	0.0	0.0	0.0269461077844311	0.0058343057176196	0.0112994350282485	0.0042372881355932	0.0	0.0	0.0555555555555555	0.0029192345118391	0.0042111173498034	0.0483870967741935	0.0012830382345393	0.0	0.0	0.0	0.0	0.0	0.0154250082047915	0.0035949670461354	0.0	0.0	0.0	0.0023731048121292	0.0033293697978596	0.0010792143319663	0.0	0.0021255173956818	0.0	0.0	0.0	0.0025325615050651	0.0047525859658932	0.014341590612777	0.0	0.0	0.0	0.0	0.0	0.0	0.0035353535353535	0.0	0.0	0.0	0.0	0.0	0.0	0.0	0.0	0.0	0.0	0.0	0.0	0.001953125	0.0	0.0	0.0	0.0	0.0199125789218067	0.0096014492753623	0.0099135203543556	0.0108433734939759	0.0	0.0	0.0	0.0	0.0	0.0	0.0	0.0	0.0	0.0	0.003396277679663	0.0010616963548425	0.001610305958132	0.0011131349929164	0.0	0.0	0.0	0.0	0.0	0.0	0.0	0.0	0.0	0.0	0.0	0.0	0.0	0.0	0.0	0.0	0.0	0.0065666041275797	0.0	0.0	0.0	0.0	0.0	0.0	0.0	0.0093283582089552	0.0148698884758364	0.0009741841207988	0.0	0.0	0.0	0.0	0.0010131712259371	0.0	0.0238000793335977	0.0022396416573348	0.0	0.0	0.0	0.0023576961940047	0.0	0.0	0.238095238095238	0.0	0.0	0.0032191981270119	0.0	0.0909090909090909	0.0	0.0	0.0254957507082152	0.0272845387613685	0.0317407283661877	0.0	0.0398796087283672	0.0	0.0	0.1102080624187256	0.0	0.0	0.0	0.0	0.0	0.0	0.0078387458006718	0.0028810141169691	0.0	0.0	0.0	0.0	0.0	0.0	0.0	0.0	0.0	0.0096598068038639	0.0	0.0011415525114155	0.0	0.0	0.0040674026728646	0.0	0.0	0.0038078500292911	0.0069092584062643	0.0	0.0538415003024803	0.0049578582052553	0.0	0.0	0.0	0.0	0.0	0.0250071859729807	0.0047573739295908	0.0	0.0010621348911311	0.0	0.0	0.0	0.0	0.0	0.0	0.0	0.0	0.0	0.0	0.0	0.0	0.0	0.00114111829593	0.0	0.0	0.0	0.1096698113207547	0.0080826223619218	0.0	0.0029850746268656	0.0040363269424823	0.0	0.0	0.0	0.0	0.0	0.0	0.0	0.0	0.0	0.0021269053527118	0.0	0.0	0.0	0.0	0.0	0.0	0.0	0.0	0.0	0.0	0.0	0.0	0.0	0.0022321428571428	0.0019249278152069	0.0	0.0	0.0289855072463768	0.0	0.0	0.0	0.0	0.0	0.0	0.0	0.0	0.0	0.0	0.0	0.0	0.0	0.0	0.0	0.0	0.0	0.0	0.0	0.0016483516483516	0.0	0.0	0.0	0.0	0.0	0.0	0.0	0.0	0.0	0.0	0.0	0.0	0.0	0.0	0.0	0.0	0.0	0.0	0.0	0.0	0.0	0.0	0.0	0.0	0.0	0.0	0.0	0.0	0.0	0.0	0.0	0.0	0.0	0.0	0.0	0.0	0.0	0.0	0.0072219547424169	0.0	0.0	0.0	0.0	0.0	0.0	0.0	0.0	0.0	0.0	0.0
