# Feature / Sample	PRISM|7860	PRISM|8573	PRISM|9079	PRISM|8758	PRISM|7855	PRISM|7408	PRISM|7947	PRISM|8735	PRISM|8264	PRISM|8784	PRISM|8565	PRISM|8537	PRISM|8849	PRISM|8226	PRISM|8754	PRISM|7911	PRISM|7897	PRISM|9126	PRISM|8464	PRISM|8803	PRISM|8629	PRISM|7421	PRISM|8878	PRISM|8998	PRISM|7908	PRISM|8692	PRISM|8894	PRISM|8361	PRISM|8605	PRISM|8746	PRISM|7744
Methanosphaera_stadtmanae	0.001142	0.000199	0.000697	1.6e-05	0.000714	7.2e-05	0.001415	0.001056	1.3e-05	0.000143	0.000112	8.8e-05	1.5e-05	4.4e-05	0.000366	0.000126	0.001699	0.000122	1.2e-05	8.8e-05	6.7e-05	0.000185	0.000145	0.000101	0.000271	0.000184	0.000168	0.000317	0.00057	2.9e-05	0.00019
Rothia_mucilaginosa	8.4e-05	2.3e-05	5e-05	0.000158	4.9e-05	0.000137	0.000119	7.6e-05	0.000168	2.3e-05	0.000127	0.000127	0.000165	0.000231	2.5e-05	0.000101	0.000163	4.4e-05	0.000158	4.8e-05	0.000213	2.6e-05	9.4e-05	0.000117	2.5e-05	2.2e-05	2.6e-05	2.5e-05	3.6e-05	0.000205	2.1e-05
Propionibacterium_freudenreichii	4.2e-05	3.6e-05	3.5e-05	2.6e-05	3.6e-05	6.8e-05	3.9e-05	3.7e-05	2.6e-05	3.9e-05	8.7e-05	7.8e-05	2.1e-05	5.7e-05	2.9e-05	8.3e-05	3.4e-05	6.3e-05	1.8e-05	6.1e-05	7e-05	4e-05	8.8e-05	8.2e-05	3.2e-05	3.5e-05	3.9e-05	3e-05	3e-05	4.2e-05	3.2e-05
Bifidobacterium_adolescentis	0.072396	0.006719	0.033109	0.001222	0.033256	0.004942	0.128653	0.068534	0.001012	0.005005	0.006451	0.005235	0.001618	0.003479	0.012929	0.006429	0.261678	0.004373	0.001292	0.003268	0.004873	0.006796	0.006963	0.005155	0.010094	0.006058	0.006335	0.011834	0.024397	0.002395	0.006371
Bifidobacterium_animalis	0.000802	0.001708	0.001009	0.001037	0.001078	0.001222	0.000521	0.000742	0.001099	0.001728	0.001569	0.001459	0.000503	0.001191	0.001375	0.001742	0.00032	0.001982	0.000507	0.002016	0.001297	0.00166	0.001882	0.001678	0.001421	0.00172	0.001642	0.001371	0.001119	0.000881	0.001645
Bifidobacterium_bifidum	0.009292	0.011523	0.01026	0.001017	0.011316	0.002891	0.00651	0.008593	0.00102	0.009495	0.004249	0.003597	0.00073	0.002017	0.012139	0.005103	0.00433	0.007316	0.000705	0.00629	0.002555	0.00974	0.005866	0.004605	0.010703	0.01069	0.009323	0.01151	0.011686	0.001374	0.010875
Bifidobacterium_breve	2.2e-05	5.3e-05	1.9e-05	0.006766	1.8e-05	0.002284	2.4e-05	1.9e-05	0.0076	9.8e-05	0.001749	0.00199	0.004191	0.005245	1.7e-05	0.001187	2.6e-05	0.000424	0.004357	0.000652	0.0035	8.1e-05	0.000997	0.001614	3.3e-05	5.6e-05	8.8e-05	2.3e-05	1.4e-05	0.004631	4.6e-05
Bifidobacterium_catenulatum	0.000265	4.7e-05	0.000152	1e-05	0.000154	3.3e-05	0.000342	0.000245	1e-05	3.5e-05	4.4e-05	3.5e-05	1e-05	1.6e-05	7.5e-05	4.6e-05	0.000429	3.6e-05	1e-05	2.6e-05	2.7e-05	4.5e-05	4.7e-05	3.8e-05	5.9e-05	4.3e-05	4.2e-05	6.8e-05	0.000118	1.3e-05	4.2e-05
Bifidobacterium_dentium	0.000523	0.00042	0.000473	0.007054	0.000459	0.002874	0.000537	0.000489	0.00796	0.000466	0.002144	0.002462	0.006783	0.006024	0.000387	0.001648	0.000538	0.000842	0.007413	0.001033	0.004266	0.0005	0.001473	0.002012	0.000422	0.000447	0.000507	0.000396	0.000405	0.006113	0.000415
Bifidobacterium_longum	0.036314	0.037553	0.035223	0.011916	0.03729	0.026437	0.031967	0.03463	0.012198	0.03398	0.030572	0.028187	0.011785	0.018789	0.035851	0.031222	0.02796	0.032242	0.0109	0.028718	0.024978	0.034766	0.032947	0.030024	0.034829	0.035057	0.034605	0.035743	0.036485	0.019033	0.034623
Bifidobacterium_pseudocatenulatum	0.003796	0.003789	0.003805	0.000724	0.004001	0.002232	0.003154	0.003604	0.000679	0.00351	0.002552	0.002366	0.001047	0.001181	0.003838	0.00286	0.00249	0.003217	0.000987	0.002678	0.001843	0.00364	0.002894	0.002542	0.003761	0.003692	0.003623	0.003866	0.003923	0.001446	0.003659
Adlercreutzia_equolifaciens	0.002631	0.003112	0.002505	0.000726	0.002686	0.001903	0.002163	0.002422	0.000753	0.003125	0.002604	0.002215	0.000685	0.001174	0.002566	0.002944	0.001795	0.00344	0.000672	0.003049	0.001622	0.003034	0.003123	0.002655	0.002692	0.002913	0.003025	0.002634	0.002527	0.000993	0.002806
Collinsella_aerofaciens	0.045454	0.017142	0.033387	0.002132	0.03351	0.010969	0.054321	0.04402	0.001937	0.01484	0.013413	0.011772	0.003492	0.005388	0.022675	0.014109	0.062927	0.013545	0.003138	0.010515	0.008936	0.017033	0.01461	0.012104	0.020297	0.016269	0.016534	0.021836	0.029652	0.005313	0.016561
Collinsella_intestinalis	9.4e-05	0.00023	8.8e-05	0.00156	8.5e-05	0.002562	9e-05	8.3e-05	0.001735	0.000367	0.002508	0.002421	0.001823	0.002248	8.5e-05	0.002109	7.7e-05	0.001105	0.001926	0.001318	0.002523	0.000308	0.001778	0.002368	0.000143	0.00023	0.000335	0.000105	7e-05	0.00218	0.000191
Collinsella_unclassified	6.2e-05	7.8e-05	5.6e-05	2.4e-05	6e-05	9.8e-05	5.1e-05	5.6e-05	2.4e-05	8e-05	0.00013	0.000108	2.5e-05	5.3e-05	5.4e-05	0.000131	4e-05	0.000114	2.3e-05	0.000105	8.4e-05	7.8e-05	0.000131	0.000124	6.1e-05	7.2e-05	7.8e-05	5.7e-05	5.3e-05	4.7e-05	6.6e-05
Eggerthella_lenta	0.000599	0.000434	0.000503	0.000364	0.000504	0.000937	0.000622	0.000557	0.000371	0.000436	0.000955	0.000941	0.000515	0.000757	0.000391	0.00087	0.000635	0.000639	0.000502	0.000624	0.000903	0.000456	0.000841	0.000927	0.00041	0.00042	0.000466	0.000397	0.000433	0.000719	0.000398
Eggerthella_sp_1_3_56FAA	0.001992	0.000368	0.001092	0.000386	0.001064	0.001046	0.003029	0.001853	0.000371	0.000332	0.001088	0.001007	0.000581	0.000904	0.000494	0.000945	0.004622	0.000488	0.000523	0.000464	0.001165	0.00041	0.000906	0.000939	0.000448	0.000347	0.000399	0.000474	0.000791	0.000771	0.00034
Eggerthella_unclassified	0.003927	0.002699	0.00317	0.003483	0.003155	0.005983	0.004317	0.003682	0.003475	0.002838	0.006375	0.006161	0.003453	0.005708	0.002443	0.005984	0.004703	0.00412	0.003154	0.00447	0.0063	0.003014	0.005957	0.006008	0.002623	0.002637	0.002941	0.002506	0.002727	0.00466	0.00257
Gordonibacter_pamelaeae	0.001084	0.001016	0.001058	0.000116	0.001122	0.000594	0.000868	0.001006	0.000111	0.000925	0.000738	0.00065	0.00017	0.00028	0.00102	0.000823	0.000649	0.000905	0.000145	0.000722	0.000482	0.000958	0.000832	0.000732	0.00099	0.000951	0.000941	0.001018	0.001062	0.000296	0.00095
Slackia_piriformis	0.000425	0.000499	0.00046	2.2e-05	0.000516	0.000109	0.000284	0.000385	2.1e-05	0.0004	0.000164	0.000135	2.4e-05	4.9e-05	0.000533	0.000198	0.000183	0.000303	2.2e-05	0.000233	7.9e-05	0.000422	0.000227	0.000169	0.000473	0.000459	0.000403	0.000507	0.000522	4.2e-05	0.000461
Bacteroides_caccae	0.003034	0.00451	0.00313	0.020999	0.003118	0.015058	0.002789	0.002857	0.02075	0.005512	0.014121	0.015122	0.017867	0.024377	0.003176	0.012516	0.002432	0.009159	0.018075	0.011101	0.01929	0.005202	0.012314	0.014036	0.003839	0.00466	0.005302	0.003439	0.002918	0.021152	0.004383
Bacteroides_cellulosilyticus	0.001468	0.004322	0.001759	0.001122	0.001862	0.00439	0.001032	0.001388	0.001082	0.005139	0.005464	0.004821	0.001604	0.002348	0.002395	0.005871	0.000696	0.006463	0.001443	0.005787	0.003517	0.004419	0.0059	0.005561	0.003092	0.004112	0.004605	0.002754	0.00188	0.002196	0.003868
Bacteroides_dorei	0.001356	0.004817	0.001723	0.020525	0.001677	0.023049	0.001057	0.001275	0.021799	0.007144	0.020277	0.021969	0.022655	0.021722	0.002264	0.018284	0.000732	0.014526	0.0227	0.017301	0.022119	0.006042	0.016681	0.020128	0.003408	0.005169	0.006358	0.002701	0.001646	0.023118	0.004652
Bacteroides_eggerthii	0.001677	0.004222	0.00203	0.000738	0.002199	0.002492	0.001107	0.001531	0.000778	0.004538	0.003285	0.002876	0.000799	0.00128	0.002765	0.003782	0.000718	0.004993	0.000715	0.004279	0.001975	0.00416	0.004007	0.00339	0.003263	0.004102	0.004183	0.003014	0.002216	0.00127	0.003873
Bacteroides_faecis	0.000158	0.000297	0.000157	0.000929	0.000157	0.001479	0.000135	0.00014	0.000958	0.000402	0.001497	0.001496	0.000952	0.001429	0.000156	0.001369	0.000106	0.000853	0.000895	0.000976	0.00167	0.000364	0.001259	0.001466	0.000217	0.000308	0.000383	0.000178	0.000136	0.001339	0.000268
Bacteroides_finegoldii	0.000299	0.000535	0.000322	0.00036	0.00034	0.000754	0.000221	0.000273	0.000359	0.000572	0.00091	0.000831	0.000324	0.000772	0.00036	0.000902	0.000149	0.000792	0.000309	0.000771	0.000833	0.000545	0.00092	0.000901	0.000416	0.000513	0.000555	0.000385	0.000321	0.000572	0.000476
Bacteroides_fragilis	0.005918	0.006108	0.005287	0.00145	0.005541	0.004503	0.005426	0.005475	0.001407	0.006042	0.005919	0.005014	0.001267	0.002452	0.005068	0.006421	0.004992	0.006781	0.00117	0.00583	0.003548	0.006133	0.006757	0.005649	0.005387	0.005741	0.006054	0.005236	0.005117	0.002111	0.005501
Bacteroides_intestinalis	0.000151	0.000245	0.000154	9.4e-05	0.000161	0.000262	0.000118	0.000135	9.3e-05	0.000277	0.000348	0.000304	8.2e-05	0.000173	0.000163	0.000375	8.7e-05	0.000375	7.3e-05	0.000345	0.000233	0.000263	0.000397	0.000337	0.000196	0.000241	0.000264	0.000177	0.000147	0.000133	0.000222
Bacteroides_massiliensis	0.004114	0.005876	0.004509	0.000637	0.004859	0.002323	0.003021	0.003928	0.000632	0.005447	0.003171	0.002701	0.000654	0.001244	0.005203	0.003715	0.002027	0.005056	0.000577	0.004268	0.001763	0.005305	0.003915	0.003322	0.00514	0.005453	0.005248	0.005232	0.004877	0.001007	0.005426
Bacteroides_ovatus	0.004855	0.012381	0.005639	0.00722	0.005907	0.016474	0.003543	0.004542	0.006864	0.014698	0.01722	0.016503	0.010715	0.00956	0.007332	0.017891	0.002522	0.018925	0.009998	0.017241	0.013066	0.013227	0.016705	0.017521	0.009509	0.012289	0.013748	0.008397	0.005909	0.011689	0.011406
Bacteroides_salyersiae	0.000128	0.000325	0.000132	0.000277	0.00014	0.000852	9.7e-05	0.000113	0.000271	0.00043	0.000969	0.000879	0.000376	0.00057	0.000153	0.000969	7.3e-05	0.000781	0.000351	0.000741	0.000771	0.000374	0.00089	0.000947	0.00022	0.000313	0.000394	0.000182	0.000126	0.000568	0.000279
Bacteroides_sp_2_1_22	0.000413	0.000836	0.000451	0.001352	0.000458	0.002474	0.000333	0.000382	0.001397	0.001059	0.002445	0.002485	0.001706	0.002227	0.000517	0.002239	0.000252	0.001801	0.001591	0.001988	0.002469	0.000968	0.002184	0.002377	0.000658	0.000859	0.000998	0.00057	0.000435	0.002269	0.000782
Bacteroides_stercoris	0.001172	0.007718	0.001517	0.00725	0.001584	0.019268	0.000795	0.00105	0.007618	0.012454	0.023323	0.021304	0.00703	0.011663	0.002394	0.024846	0.000524	0.024736	0.006668	0.027208	0.015779	0.009184	0.023728	0.024463	0.004119	0.007708	0.010067	0.003073	0.001548	0.011051	0.006583
Bacteroides_thetaiotaomicron	0.002693	0.008995	0.00334	0.001917	0.003607	0.00662	0.001701	0.002473	0.001996	0.010583	0.008699	0.007684	0.00212	0.003332	0.004789	0.010209	0.001013	0.012608	0.002048	0.010985	0.005065	0.009125	0.010304	0.009262	0.006265	0.008619	0.00966	0.005489	0.003663	0.003214	0.00797
Bacteroides_uniformis	0.010948	0.017808	0.012284	0.020825	0.012582	0.027919	0.008895	0.010314	0.02047	0.018944	0.02808	0.028222	0.023042	0.030489	0.013777	0.026202	0.006851	0.022738	0.021875	0.025002	0.030605	0.018243	0.026083	0.027912	0.015365	0.017812	0.018671	0.014292	0.012364	0.029084	0.017041
Bacteroides_vulgatus	0.015992	0.016408	0.014373	0.011717	0.014695	0.023774	0.015792	0.015369	0.011563	0.018202	0.027148	0.025713	0.010798	0.021874	0.013165	0.026855	0.015484	0.023106	0.009242	0.023646	0.024954	0.01762	0.027855	0.026919	0.014935	0.015879	0.017676	0.014126	0.013557	0.016938	0.015495
Bacteroides_xylanisolvens	0.000367	0.001026	0.00041	0.000392	0.00044	0.001052	0.00026	0.000335	0.000377	0.001176	0.001414	0.001198	0.000308	0.00072	0.000535	0.001535	0.000177	0.001646	0.000288	0.001458	0.000894	0.00104	0.001562	0.001436	0.000692	0.000939	0.00106	0.000607	0.000424	0.000548	0.00087
Bacteroidales_bacterium_ph8	0.00288	0.002855	0.002908	0.000134	0.003254	0.00052	0.002114	0.002617	0.000132	0.002194	0.000806	0.000642	0.000126	0.000272	0.003212	0.001045	0.001587	0.001587	0.000113	0.001191	0.000407	0.002364	0.00119	0.000843	0.002722	0.002587	0.002264	0.003005	0.003231	0.000216	0.002643
Barnesiella_intestinihominis	0.003433	0.003865	0.003386	0.000818	0.003529	0.003167	0.00285	0.003221	0.000778	0.003994	0.003927	0.003529	0.001134	0.001926	0.003399	0.004257	0.002227	0.004545	0.000966	0.003951	0.002763	0.004011	0.004305	0.003836	0.003633	0.003797	0.003962	0.003555	0.003355	0.001866	0.003697
Odoribacter_laneus	0.000413	0.000936	0.000456	0.000635	0.000482	0.001229	0.000299	0.000378	0.000691	0.001104	0.001525	0.001391	0.000515	0.000902	0.000543	0.001598	0.000199	0.001621	0.000496	0.001549	0.001127	0.000996	0.001636	0.001562	0.000693	0.000887	0.001008	0.000614	0.000459	0.000747	0.000834
Odoribacter_splanchnicus	0.001922	0.001785	0.001763	0.001372	0.001781	0.002969	0.001796	0.001785	0.001356	0.001891	0.00345	0.003247	0.001322	0.002684	0.001527	0.003254	0.001521	0.002504	0.001143	0.002679	0.003108	0.001932	0.00349	0.003237	0.001653	0.001755	0.001898	0.001577	0.0016	0.002209	0.00169
Parabacteroides_distasonis	0.001702	0.002559	0.001763	0.006407	0.001777	0.007771	0.001465	0.001616	0.006607	0.003025	0.006689	0.00706	0.007927	0.00733	0.00192	0.006031	0.001267	0.004608	0.00727	0.004495	0.007977	0.002881	0.005355	0.006448	0.002269	0.002615	0.002978	0.002064	0.001728	0.009688	0.002464
Parabacteroides_goldsteinii	0.000298	0.000411	0.000267	0.000403	0.000275	0.00119	0.000267	0.000266	0.000418	0.000512	0.001309	0.001177	0.000581	0.00072	0.000243	0.001258	0.000233	0.000913	0.000522	0.00088	0.001049	0.000472	0.001136	0.00123	0.000319	0.0004	0.000492	0.000276	0.000234	0.00074	0.00036
Parabacteroides_merdae	0.004013	0.0059	0.004001	0.015856	0.004047	0.018684	0.003548	0.003777	0.016384	0.007378	0.017682	0.018269	0.016169	0.020098	0.00403	0.016183	0.00299	0.011986	0.015978	0.012552	0.020547	0.006853	0.01479	0.017565	0.00507	0.00597	0.007081	0.004502	0.003758	0.020139	0.005576
Parabacteroides_unclassified	0.001792	0.003461	0.001848	0.022208	0.001803	0.022267	0.001654	0.00168	0.02326	0.00472	0.018034	0.020443	0.021482	0.027558	0.001948	0.015721	0.00145	0.009753	0.019473	0.011553	0.026125	0.0043	0.013653	0.018348	0.002662	0.003617	0.004625	0.002219	0.001659	0.027799	0.003219
Paraprevotella_clara	0.000268	0.00018	0.000217	3.8e-05	0.000229	0.000155	0.000254	0.000245	3.7e-05	0.000167	0.000202	0.000173	5.2e-05	9.4e-05	0.000175	0.000212	0.000246	0.000202	4.9e-05	0.000179	0.000136	0.000176	0.000218	0.000199	0.000171	0.000164	0.000172	0.000174	0.000201	8.4e-05	0.000162
Paraprevotella_unclassified	0.000735	0.000548	0.000644	0.000189	0.000667	0.000427	0.000679	0.000689	0.000203	0.000502	0.000554	0.000483	0.000219	0.000344	0.00054	0.000574	0.000599	0.000554	0.000198	0.000486	0.00044	0.000524	0.000616	0.000544	0.000525	0.000514	0.000516	0.000536	0.000595	0.000288	0.000499
Prevotella_copri	0.061755	0.023419	0.050802	0.000597	0.055447	0.002685	0.055453	0.05832	0.000547	0.016437	0.004318	0.003391	0.000573	0.001361	0.041367	0.00571	0.049037	0.009197	0.000497	0.005791	0.002058	0.019618	0.006819	0.004198	0.030097	0.021904	0.018167	0.036235	0.052972	0.000979	0.023109
Alistipes_finegoldii	0.000877	0.001958	0.000926	0.001318	0.000963	0.004455	0.000687	0.000804	0.001181	0.00244	0.004815	0.004599	0.001486	0.002704	0.001082	0.004617	0.000532	0.003908	0.001375	0.003654	0.00376	0.002229	0.004406	0.004613	0.001461	0.001922	0.002349	0.001252	0.000906	0.002591	0.001734
Alistipes_indistinctus	0.0007	0.000659	0.00063	0.000179	0.000662	0.000711	0.000605	0.000637	0.000178	0.000659	0.000828	0.000739	0.000326	0.000367	0.000555	0.000861	0.000481	0.000804	0.0003	0.000701	0.000581	0.000662	0.000846	0.000818	0.000597	0.000611	0.000668	0.000577	0.000591	0.00043	0.00059
Alistipes_onderdonkii	0.002533	0.008968	0.003235	0.01093	0.003281	0.025007	0.001788	0.002425	0.01125	0.011507	0.024375	0.024189	0.016722	0.018095	0.00447	0.022536	0.001118	0.018864	0.01546	0.019996	0.022845	0.009878	0.020493	0.024429	0.006133	0.008777	0.010391	0.005179	0.003334	0.022482	0.00805
Alistipes_putredinis	0.016852	0.023194	0.017255	0.005147	0.018026	0.014529	0.014326	0.016155	0.005046	0.024161	0.018955	0.017071	0.003922	0.009184	0.018969	0.021082	0.011906	0.025544	0.003753	0.023306	0.012034	0.023524	0.023175	0.01906	0.020571	0.022684	0.02327	0.020007	0.017823	0.006829	0.022197
Alistipes_senegalensis	0.000374	0.000238	0.000325	4.1e-05	0.000346	0.000115	0.000325	0.000352	4.1e-05	0.000199	0.000169	0.000141	2.5e-05	9.6e-05	0.000275	0.000183	0.00026	0.000194	2.1e-05	0.000162	0.000113	0.00022	0.000213	0.000163	0.000243	0.00022	0.000209	0.000264	0.000316	5.9e-05	0.000219
Alistipes_shahii	0.004055	0.006032	0.00442	0.000412	0.004859	0.002177	0.002875	0.003758	0.000394	0.005296	0.003085	0.002505	0.000544	0.000893	0.00539	0.003693	0.001958	0.004795	0.000472	0.003735	0.001588	0.00532	0.003887	0.00309	0.005136	0.005598	0.005255	0.00533	0.004929	0.000871	0.00542
Alistipes_sp_AP11	0.000422	0.00037	0.000368	0.00025	0.000383	0.000503	0.000396	0.00039	0.000254	0.000394	0.000603	0.00055	0.000202	0.000407	0.000321	0.000606	0.000368	0.000531	0.000179	0.00052	0.000489	0.000398	0.00062	0.000574	0.000348	0.000362	0.000389	0.000335	0.000341	0.000333	0.000347
Alistipes_sp_HGB5	8.2e-05	0.000273	9.2e-05	0.000638	9.5e-05	0.001109	6.2e-05	7.3e-05	0.000665	0.000379	0.001162	0.001135	0.00067	0.000991	0.000115	0.001102	4.5e-05	0.000789	0.00061	0.000873	0.001184	0.000321	0.001013	0.001168	0.000173	0.000269	0.000341	0.000138	8.7e-05	0.000925	0.000237
Alistipes_unclassified	0.000451	0.001195	0.000496	0.000492	0.000517	0.0019	0.00034	0.000416	0.000517	0.001457	0.00226	0.002031	0.00066	0.001034	0.000607	0.002286	0.000248	0.002176	0.000581	0.002043	0.001582	0.001287	0.0022	0.002219	0.000822	0.001138	0.001338	0.000705	0.000489	0.001067	0.001038
Enterococcus_avium	0.000107	2.1e-05	5.7e-05	7.2e-05	5.5e-05	9.6e-05	0.000173	9.6e-05	6.4e-05	2.1e-05	9.7e-05	9.5e-05	6e-05	0.000125	2.5e-05	8.3e-05	0.000275	3.8e-05	5e-05	4.2e-05	0.00013	2.5e-05	7.8e-05	8.8e-05	2.4e-05	2.1e-05	2.4e-05	2.4e-05	3.8e-05	0.000102	1.9e-05
Enterococcus_faecalis	7.1e-05	3.5e-05	5.1e-05	0.000828	4.9e-05	0.00033	9.2e-05	6.7e-05	0.000947	4e-05	0.000274	0.000291	0.000651	0.000687	3.1e-05	0.000202	0.000112	8.9e-05	0.000696	0.000111	0.0005	4.2e-05	0.000179	0.000247	3.4e-05	3.5e-05	4.3e-05	3.2e-05	3.8e-05	0.00059	3.3e-05
Enterococcus_faecium	0.001199	0.000808	0.000968	0.009799	0.000913	0.005401	0.001497	0.001166	0.01119	0.000943	0.004189	0.004499	0.011922	0.007735	0.000697	0.003328	0.001794	0.001847	0.013903	0.002268	0.006304	0.000942	0.002764	0.003927	0.000772	0.000813	0.000966	0.000718	0.000776	0.00895	0.000769
Lactobacillus_acidophilus	7.8e-05	4.5e-05	6e-05	0.000499	5.9e-05	0.000224	9.2e-05	7.2e-05	0.000588	4.7e-05	0.000205	0.000212	0.000335	0.000469	4.2e-05	0.000165	0.000103	8.6e-05	0.000353	0.000102	0.000332	5.1e-05	0.000159	0.000188	4.3e-05	4.5e-05	5e-05	4.1e-05	4.8e-05	0.000356	4.2e-05
Lactobacillus_casei_paracasei	2.6e-05	2.9e-05	2.2e-05	7.7e-05	2.3e-05	0.00011	2.3e-05	2.3e-05	8.4e-05	3.5e-05	0.000125	0.000114	5.6e-05	0.000103	1.8e-05	0.000114	2e-05	6.9e-05	5.2e-05	7.6e-05	0.000124	3.3e-05	0.000109	0.000122	2.3e-05	2.8e-05	3.4e-05	2e-05	1.9e-05	9.2e-05	2.5e-05
Lactobacillus_fermentum	4.7e-05	4.8e-05	4.3e-05	0.008761	3.9e-05	0.00143	5.7e-05	4.6e-05	0.010794	6.8e-05	0.000822	0.001072	0.008143	0.005209	3.4e-05	0.000515	6e-05	0.000194	0.008881	0.000326	0.0026	6.5e-05	0.000422	0.000761	4.3e-05	5.4e-05	6.8e-05	3.6e-05	3.3e-05	0.006384	4.8e-05
Lactobacillus_gasseri	1.2e-05	2.7e-05	1.2e-05	0.045391	1.1e-05	0.002967	1.5e-05	1.2e-05	0.065498	5.1e-05	0.001384	0.001913	0.049317	0.013861	1.1e-05	0.000796	1.8e-05	0.000235	0.066984	0.000408	0.005504	4.2e-05	0.000535	0.001267	1.9e-05	3e-05	4.7e-05	1.4e-05	1e-05	0.021017	2.5e-05
Lactobacillus_plantarum	0.00021	6.4e-05	0.000136	0.000792	0.000128	0.000413	0.000309	0.000199	0.000846	7e-05	0.000354	0.000384	0.000588	0.00087	7.1e-05	0.000275	0.00044	0.00013	0.000543	0.000158	0.000631	7.7e-05	0.000264	0.00032	7.3e-05	6.6e-05	7.7e-05	7.1e-05	9.8e-05	0.000684	6.2e-05
Lactobacillus_rhamnosus	0.000187	0.000168	0.000174	0.000493	0.000178	0.000437	0.000169	0.000173	0.000522	0.000168	0.00042	0.000418	0.000552	0.000635	0.000155	0.000356	0.000147	0.000239	0.000553	0.000259	0.000559	0.000177	0.000346	0.000398	0.000161	0.000166	0.000174	0.000157	0.00016	0.0006	0.000159
Lactobacillus_salivarius	0.000308	0.000264	0.000267	0.001827	0.000266	0.001088	0.000317	0.000284	0.00214	0.000294	0.000916	0.000982	0.001745	0.001572	0.000219	0.000783	0.000309	0.000503	0.001733	0.000555	0.001345	0.000295	0.000713	0.000889	0.000243	0.000268	0.000303	0.000225	0.00023	0.001718	0.000247
Pediococcus_acidilactici	1e-05	1.7e-05	1e-05	0.007352	1e-05	0.002615	1.1e-05	1e-05	0.008018	3.8e-05	0.001744	0.002004	0.006714	0.00625	1e-05	0.001059	1.3e-05	0.000243	0.006884	0.000409	0.004186	3e-05	0.0008	0.001469	1e-05	1.8e-05	3.3e-05	1e-05	1e-05	0.005904	1.4e-05
Pediococcus_lolii	1.2e-05	2.4e-05	1e-05	0.00516	1e-05	0.002932	1.6e-05	1.1e-05	0.00521	5.4e-05	0.002129	0.002461	0.004417	0.0064	1e-05	0.00135	2.1e-05	0.000345	0.004752	0.0006	0.004523	4.3e-05	0.001052	0.00188	1.5e-05	2.6e-05	4.8e-05	1e-05	1e-05	0.005187	2.1e-05
Pediococcus_unclassified	1e-05	1e-05	1e-05	0.00454	1e-05	0.000911	1e-05	1e-05	0.006218	1e-05	0.000481	0.000624	0.004729	0.002782	1e-05	0.000267	1e-05	5.9e-05	0.005575	0.000106	0.001628	1e-05	0.000183	0.000428	1e-05	1e-05	1e-05	1e-05	1e-05	0.003471	1e-05
Leuconostoc_citreum	1e-05	1e-05	1e-05	0.00333	1e-05	0.000586	1e-05	1e-05	0.004322	1.5e-05	0.000341	0.00042	0.003392	0.001918	1e-05	0.000202	1e-05	6.3e-05	0.003995	9.6e-05	0.000999	1.3e-05	0.000149	0.000295	1e-05	1e-05	1.4e-05	1e-05	1e-05	0.002303	1e-05
Lactococcus_lactis	0.000509	0.000172	0.000349	0.000973	0.000345	0.000543	0.000653	0.000476	0.001023	0.000168	0.000516	0.000525	0.000962	0.00114	0.000207	0.000444	0.000827	0.00025	0.000908	0.000277	0.000837	0.000189	0.000434	0.000484	0.000195	0.000174	0.000187	0.0002	0.000277	0.000891	0.000166
Streptococcus_australis	0.000346	7.7e-05	0.000203	0.000105	0.000199	0.000227	0.00049	0.000319	9.8e-05	7e-05	0.000229	0.000214	0.000159	0.000219	9.8e-05	0.000196	0.000666	0.000105	0.000153	9.7e-05	0.000266	8.4e-05	0.000181	0.000201	9.1e-05	7.4e-05	8.2e-05	9.4e-05	0.000148	0.000216	7e-05
Streptococcus_lutetiensis	0.000287	0.000284	0.00028	0.002684	0.000278	0.001156	0.000272	0.000277	0.003474	0.000303	0.000923	0.000993	0.002639	0.001875	0.000255	0.000752	0.000242	0.000471	0.003031	0.000552	0.001511	0.000303	0.000663	0.000895	0.000269	0.000287	0.000309	0.000259	0.000257	0.002198	0.000272
Streptococcus_mutans	0.000303	0.000167	0.00023	0.0003	0.000238	0.000464	0.000325	0.000278	0.000324	0.000162	0.000439	0.000434	0.000409	0.000466	0.000164	0.000392	0.000356	0.000238	0.000405	0.000237	0.000517	0.000176	0.000359	0.000412	0.000167	0.000158	0.000178	0.000167	0.000199	0.000507	0.000152
Streptococcus_parasanguinis	0.005472	0.001248	0.003225	0.00137	0.003178	0.002531	0.007814	0.005116	0.001204	0.001167	0.002586	0.002413	0.002065	0.002624	0.001636	0.00238	0.011078	0.001507	0.001861	0.001312	0.002834	0.001362	0.00225	0.00226	0.001519	0.001212	0.001328	0.001585	0.002446	0.002476	0.001183
Streptococcus_salivarius	0.010591	0.00394	0.00743	0.004634	0.007444	0.006779	0.013288	0.010035	0.0047	0.003622	0.00683	0.006554	0.006205	0.007473	0.004773	0.006284	0.017384	0.004332	0.005659	0.004207	0.007895	0.00409	0.006064	0.006375	0.004429	0.003851	0.003999	0.004599	0.006256	0.007482	0.003754
Streptococcus_sanguinis	0.000158	8e-05	0.000119	2.5e-05	0.000124	8.3e-05	0.000159	0.000146	2.6e-05	7e-05	0.000104	8.6e-05	3.4e-05	5.7e-05	8.4e-05	0.000107	0.000154	8.4e-05	3e-05	7.1e-05	7.9e-05	7.7e-05	0.000103	9.9e-05	7.9e-05	7.2e-05	7.6e-05	8.3e-05	0.000103	4.8e-05	7e-05
Streptococcus_thermophilus	0.003411	0.002837	0.003305	0.01016	0.003211	0.007383	0.003492	0.00339	0.010527	0.002961	0.005902	0.006589	0.013636	0.010315	0.00291	0.005211	0.003478	0.004007	0.015889	0.004221	0.008295	0.003011	0.004633	0.005955	0.002947	0.002961	0.003105	0.002894	0.003026	0.011321	0.002859
Streptococcus_vestibularis	0.000153	8.9e-05	0.000113	0.002521	0.000106	0.001288	0.000201	0.000143	0.00277	0.000111	0.000967	0.001103	0.00285	0.002791	7.2e-05	0.000692	0.000252	0.000277	0.002994	0.000381	0.001966	0.000115	0.000598	0.000877	8.5e-05	9.4e-05	0.00012	7.6e-05	8.4e-05	0.00264	8.4e-05
Butyricicoccus_pullicaecorum	0.000101	8.5e-05	8.3e-05	0.000475	8.2e-05	0.000497	0.000109	9.2e-05	0.000499	0.000104	0.000432	0.000456	0.000601	0.00063	6.2e-05	0.000372	0.000114	0.000206	0.000568	0.000234	0.000608	0.000104	0.000324	0.000416	7.7e-05	8.6e-05	0.000108	6.8e-05	6.7e-05	0.000639	7.9e-05
Clostridiaceae_bacterium_JC118	9.1e-05	0.000129	8.8e-05	6.8e-05	9.3e-05	0.000216	7.5e-05	8.2e-05	6.6e-05	0.000145	0.000266	0.000238	6.9e-05	0.000145	8.8e-05	0.000261	5.7e-05	0.000222	6.1e-05	0.000219	0.000201	0.000139	0.000266	0.000256	0.000104	0.000124	0.00014	9.5e-05	8.3e-05	0.000119	0.000116
Clostridium_asparagiforme	0.000164	0.000187	0.000154	0.000626	0.000153	0.000618	0.000154	0.000152	0.000652	0.000227	0.000612	0.000631	0.000505	0.000831	0.000136	0.000569	0.000135	0.000394	0.000496	0.000427	0.00075	0.00022	0.000553	0.000599	0.000166	0.000194	0.000225	0.000149	0.000134	0.000709	0.000179
Clostridium_bolteae	0.000356	0.001608	0.000418	0.010279	0.000413	0.013919	0.000276	0.000315	0.010539	0.002655	0.013611	0.014186	0.008345	0.014013	0.000541	0.011918	0.000198	0.00704	0.007875	0.009295	0.0151	0.002151	0.011091	0.013389	0.000946	0.001694	0.002326	0.000675	0.000378	0.01259	0.001406
Clostridium_butyricum	1e-05	1e-05	1e-05	0.002756	1e-05	0.000325	1e-05	1e-05	0.00381	1e-05	0.000176	0.00022	0.001858	0.001477	1e-05	9.6e-05	1e-05	1.8e-05	0.002199	3.3e-05	0.000677	1e-05	6.5e-05	0.000147	1e-05	1e-05	1e-05	1e-05	1e-05	0.001399	1e-05
Clostridium_clostridioforme	0.000316	0.000251	0.000255	0.018065	0.000237	0.004807	0.000399	0.000305	0.021662	0.000338	0.003066	0.003757	0.020415	0.013326	0.000181	0.002097	0.000492	0.000846	0.022818	0.001157	0.007744	0.000328	0.001687	0.002854	0.000233	0.000262	0.000346	0.000202	0.000196	0.014814	0.00024
Clostridium_hathewayi	0.000105	0.000124	9.3e-05	0.000919	8.9e-05	0.000882	0.00011	9.8e-05	0.001037	0.000174	0.000757	0.000803	0.001108	0.001031	7.7e-05	0.000661	0.000108	0.000382	0.001115	0.000444	0.001001	0.00016	0.000553	0.000728	0.000106	0.000131	0.000169	8.8e-05	7.5e-05	0.001145	0.000117
Clostridium_leptum	0.006345	0.00421	0.005207	0.00202	0.005159	0.005438	0.006742	0.006238	0.001906	0.00437	0.006033	0.00561	0.002901	0.003924	0.004037	0.006107	0.006751	0.005285	0.002764	0.004802	0.005036	0.004472	0.005968	0.005769	0.00426	0.004042	0.004439	0.004178	0.004597	0.003908	0.003957
Clostridium_nexile	0.000549	0.00065	0.000492	0.036083	0.000455	0.010416	0.000658	0.000527	0.043074	0.000937	0.007142	0.008434	0.033419	0.02333	0.000415	0.005001	0.000751	0.002361	0.040603	0.003309	0.01481	0.000879	0.004208	0.006405	0.000561	0.000711	0.000914	0.000464	0.000395	0.026335	0.000633
Clostridium_perfringens	1e-05	1e-05	1e-05	0.005947	1e-05	0.000595	1e-05	1e-05	0.009076	1e-05	0.000252	0.000361	0.008341	0.00235	1e-05	0.000131	1e-05	2.7e-05	0.009912	5.3e-05	0.00114	1e-05	8.1e-05	0.000219	1e-05	1e-05	1e-05	1e-05	1e-05	0.004158	1e-05
Clostridium_scindens	6.2e-05	0.000106	5.8e-05	0.001458	5.5e-05	0.001206	6.4e-05	5.9e-05	0.001641	0.000159	0.00106	0.001117	0.001336	0.001682	5.2e-05	0.000825	5.9e-05	0.000416	0.001254	0.000514	0.001551	0.00014	0.000745	0.000984	7.8e-05	0.000109	0.000147	6.2e-05	4.7e-05	0.00156	9.6e-05
Clostridium_sp_KLE_1755	0.000133	0.000317	0.000151	0.011181	0.000147	0.002642	0.000114	0.000123	0.013366	0.000436	0.00214	0.002412	0.006588	0.00708	0.000177	0.001646	9.2e-05	0.000939	0.007281	0.001362	0.004206	0.000386	0.001497	0.002057	0.000237	0.000338	0.000402	0.000195	0.00014	0.006626	0.000301
Clostridium_sp_L2_50	0.001571	0.001534	0.001429	0.000203	0.001574	0.000586	0.001296	0.001461	0.000203	0.001383	0.000898	0.000712	0.000157	0.000361	0.001407	0.001053	0.001085	0.001256	0.000146	0.001019	0.00049	0.001386	0.001155	0.000906	0.00139	0.001362	0.001343	0.001444	0.001478	0.000245	0.001385
Clostridium_symbiosum	0.00027	0.000343	0.00025	0.005592	0.000242	0.003786	0.000276	0.000251	0.006107	0.00046	0.002819	0.003193	0.007547	0.006098	0.000224	0.002172	0.000278	0.001064	0.007493	0.001384	0.004908	0.000436	0.001829	0.002656	0.000288	0.000362	0.000457	0.000247	0.000212	0.006763	0.000325
Clostridiales_bacterium_1_7_47FAA	8.6e-05	6.5e-05	6.8e-05	0.000501	6.6e-05	0.000527	9.4e-05	7.9e-05	0.000493	7.9e-05	0.000465	0.000478	0.000495	0.000692	4.8e-05	0.000377	9.7e-05	0.000178	0.00049	0.000197	0.000667	8e-05	0.000321	0.000426	5.8e-05	6.6e-05	8.3e-05	5.2e-05	5.3e-05	0.000675	5.9e-05
Flavonifractor_plautii	0.00043	0.000478	0.000401	0.001214	0.000391	0.001501	0.000427	0.000413	0.001314	0.000559	0.001516	0.001501	0.001177	0.0018	0.00036	0.001338	0.000384	0.000951	0.001162	0.001047	0.001671	0.000541	0.001286	0.001445	0.000421	0.000486	0.000544	0.000383	0.00035	0.001442	0.000451
Eubacterium_eligens	0.003617	0.005456	0.00371	0.005407	0.003834	0.010666	0.003091	0.003444	0.005477	0.006047	0.010845	0.010441	0.006722	0.008901	0.004018	0.01014	0.002515	0.008502	0.006533	0.008516	0.00989	0.00576	0.009581	0.010687	0.004594	0.005327	0.005832	0.004291	0.00369	0.008176	0.005083
Eubacterium_hallii	0.020561	0.019771	0.020552	0.001944	0.022612	0.007135	0.016076	0.019277	0.001879	0.016049	0.009035	0.00768	0.002619	0.003635	0.021956	0.010135	0.012411	0.012755	0.002402	0.009866	0.005709	0.017011	0.010499	0.009044	0.019234	0.018255	0.016617	0.021022	0.022675	0.004007	0.018325
Eubacterium_ramulus	0.00183	0.00453	0.002228	0.001093	0.002368	0.003583	0.001208	0.00172	0.001058	0.005021	0.004108	0.003803	0.00159	0.001837	0.002935	0.004655	0.000697	0.005723	0.001458	0.004869	0.002769	0.004452	0.004427	0.004391	0.003476	0.004324	0.004598	0.003222	0.002412	0.002248	0.004125
Eubacterium_rectale	0.078139	0.179399	0.101314	0.006929	0.112421	0.023792	0.048775	0.075942	0.007001	0.153723	0.036775	0.029306	0.007381	0.01038	0.152081	0.049875	0.028059	0.098872	0.00731	0.071834	0.016513	0.140931	0.055257	0.040951	0.144897	0.160164	0.139116	0.151519	0.125916	0.010161	0.163864
Eubacterium_siraeum	0.002909	0.012332	0.003877	0.003146	0.004145	0.010366	0.001805	0.002787	0.003174	0.014589	0.01337	0.011744	0.003364	0.005186	0.006091	0.01452	0.001031	0.017923	0.003229	0.01561	0.007923	0.012334	0.01495	0.014054	0.008153	0.011554	0.012775	0.007141	0.004384	0.005232	0.010864
Eubacterium_sp_3_1_31	0.001853	0.001219	0.001246	0.015508	0.001171	0.012743	0.002695	0.001744	0.01663	0.001734	0.011175	0.011579	0.012888	0.016713	0.000774	0.008779	0.004131	0.004212	0.012657	0.005194	0.014995	0.001634	0.007834	0.010189	0.001063	0.001216	0.00171	0.0009	0.000907	0.015587	0.001101
Eubacterium_ventriosum	0.001993	0.00266	0.002132	0.000148	0.002382	0.000589	0.00139	0.001838	0.000152	0.002324	0.000945	0.000775	0.000103	0.000346	0.002556	0.001157	0.000951	0.00186	9e-05	0.001421	0.000476	0.00232	0.001413	0.000963	0.002389	0.002442	0.002235	0.002521	0.002411	0.000231	0.00247
Anaerostipes_caccae	2.9e-05	3.3e-05	2.5e-05	0.000114	2.5e-05	0.000193	2.9e-05	2.6e-05	0.000115	4.2e-05	0.000192	0.000189	0.00014	0.000197	2e-05	0.000163	2.6e-05	9.4e-05	0.000131	0.000103	0.000222	3.9e-05	0.000149	0.00018	2.6e-05	3.3e-05	4.1e-05	2.2e-05	2e-05	0.00019	2.9e-05
Anaerostipes_hadrus	0.002997	0.001935	0.002625	0.000157	0.002771	0.000606	0.002683	0.002886	0.000145	0.00161	0.00088	0.000717	0.000168	0.000338	0.002296	0.001027	0.002247	0.001318	0.000158	0.000988	0.000484	0.001737	0.001154	0.000858	0.002038	0.001763	0.001637	0.00222	0.002613	0.000258	0.001819
Anaerostipes_unclassified	0.000365	0.000849	0.00039	0.002274	0.000403	0.002864	0.000279	0.000329	0.00245	0.001085	0.003046	0.002913	0.002184	0.002924	0.00044	0.002846	0.000201	0.001983	0.002113	0.002398	0.003096	0.000955	0.002679	0.003065	0.000596	0.000825	0.000987	0.000497	0.000367	0.002638	0.000745
Blautia_hansenii	0.000108	1.6e-05	5e-05	6.7e-05	4.8e-05	0.000135	0.000196	9.6e-05	6.2e-05	1.6e-05	0.000119	0.000117	0.000112	0.000152	1.9e-05	9.2e-05	0.000381	3.3e-05	9.7e-05	3.4e-05	0.000172	2e-05	8.1e-05	9.6e-05	1.9e-05	1.5e-05	1.9e-05	1.8e-05	3.1e-05	0.000154	1.4e-05
Blautia_hydrogenotrophica	0.001759	0.000914	0.001274	0.00079	0.001275	0.002101	0.002073	0.00164	0.000721	0.000948	0.002027	0.001953	0.001951	0.001567	0.000878	0.001888	0.002452	0.001325	0.00191	0.0012	0.002093	0.000988	0.001693	0.00191	0.000918	0.000889	0.001007	0.000886	0.00106	0.00187	0.000843
Blautia_producta	0.000195	0.000138	0.000154	0.002139	0.000151	0.001083	0.000219	0.000179	0.002471	0.000164	0.000876	0.000949	0.002357	0.002058	0.000112	0.000698	0.000244	0.000321	0.002415	0.000412	0.001597	0.000166	0.000609	0.000826	0.000131	0.00014	0.00017	0.000118	0.000125	0.002145	0.00013
Ruminococcus_gnavus	0.010434	0.005043	0.007182	0.150008	0.00648	0.052593	0.016823	0.010409	0.175353	0.006268	0.040831	0.045012	0.144778	0.102539	0.00432	0.030393	0.027429	0.013799	0.160898	0.018314	0.074801	0.006425	0.026182	0.036918	0.005012	0.005303	0.006643	0.00453	0.005199	0.102061	0.004829
Ruminococcus_obeum	0.012524	0.01191	0.011949	0.001785	0.012992	0.005277	0.01034	0.011958	0.001845	0.010309	0.006977	0.005732	0.0024	0.003039	0.012333	0.007703	0.008831	0.009145	0.002165	0.007368	0.004355	0.010716	0.008039	0.006815	0.011502	0.010797	0.010275	0.012172	0.012759	0.002892	0.010963
Ruminococcus_torques	0.016619	0.020862	0.016977	0.015662	0.017463	0.024531	0.014636	0.015885	0.015222	0.021845	0.028762	0.027276	0.014109	0.025999	0.017618	0.027512	0.012576	0.025767	0.012484	0.026238	0.02701	0.021719	0.030365	0.027659	0.019059	0.020695	0.0216	0.018235	0.016785	0.019846	0.019999
Coprococcus_catus	0.002072	0.001836	0.002075	9.5e-05	0.002296	0.000403	0.001528	0.001902	8.7e-05	0.001515	0.000615	0.00051	0.0001	0.000225	0.002132	0.000768	0.001092	0.00114	8.6e-05	0.000849	0.000335	0.001613	0.00089	0.000627	0.001888	0.001739	0.001562	0.002052	0.002249	0.000175	0.001763
Coprococcus_comes	0.011113	0.008022	0.009621	0.003681	0.00986	0.008789	0.011042	0.010335	0.003281	0.007821	0.010919	0.009989	0.003058	0.007813	0.008073	0.010863	0.010741	0.009307	0.002854	0.009307	0.008821	0.008318	0.011751	0.010444	0.007977	0.007925	0.008167	0.007959	0.008921	0.005197	0.007637
Coprococcus_sp_ART55_1	0.00718	0.005434	0.007038	0.000176	0.007771	0.000774	0.005517	0.006663	0.000169	0.004255	0.001256	0.00101	0.000147	0.000373	0.007184	0.001642	0.004285	0.0028	0.000129	0.002048	0.000569	0.004673	0.00203	0.00128	0.005932	0.00506	0.004338	0.006655	0.007744	0.00026	0.005355
Dorea_formicigenerans	0.009031	0.009575	0.009448	0.000799	0.010207	0.002508	0.006922	0.008411	0.000786	0.008455	0.003566	0.003034	0.000708	0.001215	0.010418	0.00438	0.005116	0.006788	0.000671	0.005344	0.001845	0.008768	0.004961	0.003644	0.009627	0.009305	0.008423	0.010112	0.010301	0.001059	0.009403
Dorea_longicatena	0.014853	0.023705	0.016768	0.000821	0.018947	0.004657	0.009955	0.013487	0.000814	0.021456	0.006481	0.005456	0.001188	0.001765	0.021442	0.008782	0.006841	0.015482	0.001117	0.011255	0.003054	0.020174	0.009012	0.007044	0.020721	0.021779	0.020571	0.021725	0.019732	0.001864	0.022229
Dorea_unclassified	8.3e-05	8.3e-05	6.5e-05	0.000208	6.4e-05	0.000365	8.8e-05	7.5e-05	0.000218	0.000105	0.000416	0.000379	0.000185	0.000324	4.9e-05	0.000375	8.8e-05	0.000223	0.000166	0.000242	0.000395	9.9e-05	0.000359	0.000395	6.5e-05	7.9e-05	0.000102	5.5e-05	5.2e-05	0.000268	7e-05
Lachnospiraceae_bacterium_1_1_57FAA	0.008306	0.006207	0.006267	0.002325	0.006221	0.009176	0.009948	0.007979	0.00215	0.007149	0.011541	0.009867	0.003466	0.005162	0.00475	0.01215	0.011598	0.010624	0.002908	0.009392	0.007578	0.006975	0.011568	0.010941	0.005574	0.006001	0.007014	0.005194	0.005276	0.004535	0.005577
Lachnospiraceae_bacterium_1_4_56FAA	0.001016	0.00109	0.000969	0.000642	0.001007	0.001344	0.000887	0.000948	0.000647	0.001134	0.001553	0.001433	0.000623	0.001035	0.000946	0.001567	0.000747	0.001429	0.000646	0.001354	0.001261	0.00113	0.001571	0.001521	0.000999	0.001062	0.00113	0.00097	0.000938	0.000897	0.001028
Lachnospiraceae_bacterium_2_1_58FAA	0.000768	0.000643	0.000583	0.001762	0.000572	0.003083	0.000911	0.000706	0.001673	0.000799	0.002971	0.002928	0.002042	0.002751	0.000431	0.002609	0.001085	0.001613	0.001851	0.001696	0.003111	0.00077	0.002341	0.002813	0.00054	0.00062	0.000798	0.000474	0.000467	0.002723	0.000571
Lachnospiraceae_bacterium_3_1_46FAA	0.001873	0.00202	0.001869	0.000344	0.002007	0.001245	0.001478	0.001767	0.000353	0.001885	0.001532	0.001346	0.000572	0.000785	0.001933	0.001593	0.001124	0.001781	0.000525	0.001503	0.001049	0.001862	0.001688	0.001484	0.001882	0.0019	0.001851	0.001931	0.00195	0.000716	0.001868
Lachnospiraceae_bacterium_3_1_57FAA_CT1	0.000145	0.000104	0.000105	0.001068	0.000101	0.001087	0.000178	0.000134	0.001017	0.000134	0.000909	0.000937	0.001367	0.001358	7e-05	0.000717	0.00021	0.00034	0.001352	0.000363	0.001274	0.000131	0.000584	0.000842	9.1e-05	0.000102	0.000136	7.8e-05	7.9e-05	0.001483	9.2e-05
Lachnospiraceae_bacterium_4_1_37FAA	4.5e-05	4.8e-05	3.6e-05	0.00035	3.4e-05	0.000525	5.3e-05	4.1e-05	0.000351	6.8e-05	0.000499	0.000514	0.000366	0.0007	2.7e-05	0.000398	5.6e-05	0.000188	0.000324	0.000239	0.00067	6.4e-05	0.000365	0.000463	3.7e-05	5e-05	6.6e-05	3.1e-05	2.7e-05	0.000549	4.3e-05
Lachnospiraceae_bacterium_5_1_57FAA	0.000322	0.000529	0.000304	0.002754	0.000306	0.002816	0.000294	0.000295	0.003125	0.000697	0.002561	0.002595	0.003221	0.003163	0.000289	0.002219	0.000257	0.001432	0.003251	0.001577	0.003095	0.000625	0.001952	0.00245	0.000396	0.000512	0.000652	0.000334	0.000265	0.003125	0.000467
Lachnospiraceae_bacterium_5_1_63FAA	0.002823	0.003611	0.002963	0.002514	0.003072	0.004477	0.002279	0.002577	0.002614	0.003732	0.004614	0.004541	0.002971	0.003667	0.003091	0.004593	0.001712	0.004462	0.002869	0.004127	0.00423	0.003684	0.004548	0.004543	0.003263	0.003634	0.003738	0.003134	0.002931	0.003987	0.003454
Lachnospiraceae_bacterium_6_1_63FAA	8.1e-05	9.4e-05	7e-05	0.000659	7e-05	0.000696	8e-05	7.5e-05	0.000719	0.000116	0.000599	0.000601	0.000982	0.000789	5.8e-05	0.000496	7.2e-05	0.000257	0.001005	0.000296	0.000814	0.00011	0.000401	0.000578	7.4e-05	9e-05	0.000115	6.5e-05	5.9e-05	0.000933	8.1e-05
Lachnospiraceae_bacterium_7_1_58FAA	0.000341	0.000423	0.000309	0.00031	0.000314	0.001109	0.000319	0.000309	0.000317	0.000523	0.001268	0.001178	0.000316	0.000709	0.00028	0.001201	0.000283	0.000905	0.000287	0.000898	0.000976	0.000494	0.001162	0.001184	0.000354	0.000426	0.000508	0.000311	0.000273	0.000597	0.000388
Lachnospiraceae_bacterium_8_1_57FAA	0.00115	0.001353	0.001199	0.001081	0.001251	0.001788	0.000931	0.001075	0.001212	0.001238	0.001717	0.001692	0.002009	0.001479	0.001237	0.001656	0.000699	0.001423	0.002023	0.001352	0.001788	0.001268	0.001548	0.001752	0.001206	0.001274	0.001302	0.001222	0.001211	0.001972	0.001235
Lachnospiraceae_bacterium_9_1_43BFAA	0.000204	6.8e-05	0.000123	0.000831	0.000116	0.000525	0.000313	0.00019	0.000836	7.9e-05	0.000486	0.000493	0.000728	0.000985	6.4e-05	0.000393	0.000495	0.000172	0.000707	0.000207	0.000751	8.6e-05	0.000361	0.000444	7.1e-05	6.9e-05	8.6e-05	6.6e-05	8.6e-05	0.000797	6.3e-05
Roseburia_hominis	0.004128	0.00395	0.00411	0.000335	0.004507	0.001167	0.003227	0.003804	0.000331	0.003253	0.001627	0.001376	0.000328	0.000683	0.004293	0.001917	0.002488	0.002519	0.000291	0.001985	0.00099	0.003445	0.002099	0.001654	0.003867	0.003621	0.003356	0.004144	0.00444	0.000568	0.003718
Roseburia_intestinalis	0.007916	0.017889	0.010111	0.008	0.010645	0.012543	0.005409	0.007466	0.008439	0.018777	0.014169	0.013848	0.007455	0.011005	0.013819	0.015418	0.003406	0.019506	0.006898	0.018003	0.01178	0.017476	0.016201	0.014785	0.015035	0.01812	0.017873	0.014309	0.011187	0.0102	0.017334
Roseburia_inulinivorans	0.003507	0.005408	0.004053	0.010777	0.004121	0.007598	0.002737	0.00335	0.01165	0.005559	0.007606	0.007692	0.010028	0.009624	0.00469	0.007608	0.001958	0.006856	0.010149	0.007285	0.008971	0.005533	0.007403	0.0078	0.00487	0.005543	0.005589	0.004676	0.004122	0.009052	0.005281
Roseburia_unclassified	0.000846	0.000799	0.000615	0.00165	0.000612	0.00385	0.001	0.000769	0.00163	0.001078	0.004055	0.003827	0.002373	0.003271	0.000458	0.003708	0.001187	0.002313	0.002397	0.002441	0.003817	0.001003	0.003379	0.003765	0.000626	0.000786	0.001054	0.00053	0.000487	0.002835	0.000689
Oscillibacter_sp_KLE_1728	0.001544	0.001326	0.001427	0.000132	0.001543	0.000538	0.001269	0.001429	0.000136	0.001132	0.000781	0.000635	0.000178	0.000302	0.001353	0.000902	0.001013	0.001014	0.00016	0.000807	0.000457	0.001198	0.00098	0.000778	0.001263	0.001224	0.001188	0.001332	0.001443	0.000243	0.001199
Oscillibacter_sp_KLE_1745	0.000947	0.00095	0.000888	0.00142	0.000899	0.002156	0.000878	0.000879	0.001493	0.00103	0.002192	0.002128	0.001336	0.002074	0.000818	0.00207	0.000776	0.001535	0.001245	0.001574	0.002277	0.00105	0.001944	0.002092	0.000891	0.000969	0.001052	0.000841	0.000818	0.001934	0.000911
Oscillibacter_unclassified	0.003894	0.006243	0.004	0.00207	0.004209	0.005627	0.003212	0.003637	0.002026	0.006824	0.007053	0.006357	0.002004	0.003766	0.004499	0.007472	0.002665	0.008119	0.0018	0.007554	0.005015	0.00623	0.007766	0.007107	0.005072	0.005905	0.006256	0.004786	0.004083	0.003193	0.005767
Clostridium_bartlettii	0.001382	0.000497	0.000971	0.002648	0.000954	0.00199	0.001748	0.00127	0.002703	0.0005	0.001597	0.001735	0.003312	0.002969	0.000582	0.001369	0.002269	0.000766	0.003439	0.000803	0.002491	0.000566	0.001197	0.001474	0.000576	0.000501	0.000582	0.000574	0.000769	0.003144	0.000484
Clostridium_difficile	0.00011	0.000165	0.000107	0.00076	0.000108	0.000595	9.8e-05	0.000103	0.000784	0.000201	0.000594	0.000589	0.000575	0.000822	0.000104	0.000524	8.1e-05	0.000365	0.000615	0.000408	0.000695	0.000187	0.000498	0.000582	0.000131	0.00016	0.000189	0.000116	9.7e-05	0.000667	0.00015
Peptostreptococcaceae_noname_unclassified	0.001131	0.00034	0.000758	0.000402	0.000753	0.000597	0.001419	0.001052	0.000385	0.000302	0.000589	0.000569	0.000565	0.000545	0.000451	0.000554	0.001803	0.000375	0.000545	0.000341	0.000669	0.000352	0.000518	0.000551	0.000401	0.000332	0.000345	0.000421	0.000613	0.000641	0.000324
Anaerotruncus_colihominis	0.000128	0.000176	0.000116	0.00019	0.00012	0.000497	0.000114	0.000115	0.000181	0.00021	0.000561	0.00051	0.000265	0.000379	0.00011	0.000521	9.7e-05	0.000364	0.000234	0.000369	0.000499	0.000196	0.000495	0.000528	0.000136	0.000169	0.000201	0.00012	0.000105	0.000359	0.000154
Anaerotruncus_unclassified	0.000201	0.000284	0.000204	4e-05	0.000217	0.000191	0.000155	0.000192	4.1e-05	0.000277	0.000239	0.000204	6.1e-05	7.8e-05	0.000215	0.000262	0.000111	0.000306	5.3e-05	0.000235	0.000133	0.000267	0.00026	0.00024	0.000236	0.000257	0.00027	0.000231	0.000205	8.3e-05	0.000248
Faecalibacterium_prausnitzii	0.051098	0.092589	0.056812	0.0063	0.060367	0.03938	0.039756	0.049274	0.005911	0.089522	0.050702	0.043242	0.01049	0.011624	0.071933	0.059725	0.030891	0.083119	0.009907	0.067402	0.023798	0.086168	0.059862	0.050974	0.0765	0.087939	0.08809	0.074828	0.062531	0.014399	0.08408
Ruminococcaceae_bacterium_D16	0.000771	0.001072	0.000706	0.000639	0.000716	0.002069	0.000727	0.00072	0.000639	0.001283	0.002395	0.002181	0.000786	0.001247	0.000675	0.002352	0.000667	0.002056	0.000726	0.001975	0.001728	0.001172	0.00226	0.002316	0.000841	0.001028	0.001209	0.00075	0.000639	0.001197	0.000949
Ruminococcus_bromii	0.043679	0.035561	0.040569	0.001661	0.045291	0.00702	0.035018	0.039706	0.001564	0.028106	0.010677	0.00833	0.001911	0.003046	0.041294	0.013587	0.029623	0.019517	0.001639	0.014135	0.005477	0.03041	0.015235	0.01071	0.035841	0.033062	0.028781	0.039253	0.043864	0.003007	0.033322
Ruminococcus_callidus	0.001562	0.002267	0.001658	0.00026	0.001805	0.000917	0.001125	0.001437	0.000274	0.002115	0.001298	0.001074	0.000245	0.000416	0.001917	0.001541	0.000782	0.002002	0.00023	0.001587	0.000702	0.002084	0.001627	0.00132	0.001959	0.002112	0.002049	0.001964	0.001782	0.000423	0.002075
Ruminococcus_lactaris	0.004277	0.005012	0.004363	0.000776	0.004695	0.002145	0.0033	0.003938	0.000774	0.004807	0.002932	0.002536	0.000695	0.001251	0.004621	0.003503	0.002414	0.004605	0.000634	0.003901	0.001858	0.00476	0.003771	0.00308	0.00461	0.004776	0.004632	0.004681	0.004558	0.001142	0.004791
Ruminococcus_sp_5_1_39BFAA	0.032266	0.047818	0.035445	0.020799	0.0371	0.046834	0.026456	0.030707	0.019955	0.04866	0.049724	0.048486	0.023899	0.032123	0.042181	0.050214	0.021382	0.052996	0.021329	0.051579	0.042602	0.048522	0.050536	0.04909	0.044121	0.048697	0.048368	0.042914	0.03797	0.033753	0.04735
Subdoligranulum_sp_4_3_54A2FAA	0.000838	0.001978	0.000942	0.000742	0.000996	0.002287	0.000609	0.000776	0.000734	0.002392	0.002722	0.002471	0.000963	0.001379	0.001187	0.002921	0.00042	0.003207	0.000945	0.002889	0.001813	0.002139	0.00287	0.002706	0.001519	0.001929	0.002178	0.001349	0.000973	0.001246	0.001819
Subdoligranulum_unclassified	0.041352	0.060783	0.045249	0.008323	0.048057	0.028021	0.032115	0.039816	0.008022	0.059254	0.037161	0.032744	0.00877	0.014914	0.05298	0.041954	0.024164	0.054446	0.008107	0.048748	0.022318	0.057234	0.046011	0.038385	0.054331	0.058148	0.056976	0.054047	0.049023	0.013949	0.05758
Catenibacterium_mitsuokai	0.000996	0.00049	0.000817	3.3e-05	0.00087	0.000132	0.000911	0.000927	3.2e-05	0.000379	0.000203	0.00016	3.4e-05	7.7e-05	0.000653	0.000236	0.000806	0.000291	2.9e-05	0.000207	0.000113	0.000425	0.000268	0.000196	0.000539	0.000451	0.000405	0.000604	0.000788	5.4e-05	0.000459
Coprobacillus_unclassified	0.000913	0.000656	0.00068	0.005539	0.000643	0.00753	0.001183	0.000852	0.005597	0.000842	0.0062	0.00657	0.008785	0.009842	0.000465	0.00477	0.001495	0.002069	0.008452	0.002603	0.009468	0.000842	0.004008	0.005619	0.000578	0.000679	0.00088	0.000505	0.000514	0.009524	0.000602
Clostridium_ramosum	0.000794	0.000157	0.000431	0.002925	0.000395	0.001791	0.00143	0.000737	0.002959	0.000177	0.00135	0.001488	0.002801	0.003004	0.000187	0.001007	0.002663	0.000394	0.002772	0.000483	0.002465	0.000203	0.00085	0.001172	0.000189	0.000164	0.000204	0.000182	0.000285	0.003088	0.000153
Clostridium_spiroforme	9.4e-05	0.000164	9.3e-05	0.000222	9.3e-05	0.000499	8.1e-05	8.7e-05	0.000229	0.000212	0.000556	0.000515	0.000214	0.000382	9.3e-05	0.000521	6.3e-05	0.000392	0.000202	0.000409	0.000469	0.00019	0.000483	0.000524	0.000125	0.000161	0.000197	0.000106	8.3e-05	0.000354	0.000146
Erysipelotrichaceae_bacterium_21_3	4.2e-05	5.6e-05	3.8e-05	0.002563	3.6e-05	0.000905	4.6e-05	3.9e-05	0.002824	7.7e-05	0.000683	0.000766	0.002191	0.002089	3.3e-05	0.000476	4.7e-05	0.000209	0.00233	0.000289	0.00129	7.2e-05	0.000409	0.000614	4.4e-05	5.8e-05	7.5e-05	3.6e-05	3e-05	0.001786	5.1e-05
Erysipelotrichaceae_bacterium_2_2_44A	6.4e-05	4.5e-05	5e-05	0.00031	4.9e-05	0.000242	7e-05	5.6e-05	0.000307	5.2e-05	0.000234	0.000241	0.00021	0.000407	3.5e-05	0.000195	7.1e-05	0.000101	0.000205	0.000122	0.000335	5.4e-05	0.000194	0.000215	4.1e-05	4.6e-05	5.4e-05	3.7e-05	3.9e-05	0.000287	4.2e-05
Erysipelotrichaceae_bacterium_3_1_53	0.000228	7.2e-05	0.000145	7.4e-05	0.000144	0.000164	0.000303	0.000209	7.2e-05	6.7e-05	0.000174	0.000164	7.6e-05	0.000156	8.2e-05	0.000153	0.000406	9.6e-05	6.8e-05	8.4e-05	0.000178	7.7e-05	0.000148	0.000155	7.9e-05	6.8e-05	7.7e-05	8.1e-05	0.000112	0.000127	6.5e-05
Erysipelotrichaceae_bacterium_5_2_54FAA	0.000234	0.00028	0.000205	0.000678	0.000207	0.001261	0.000229	0.000213	0.000697	0.000344	0.001138	0.001117	0.001472	0.000927	0.000181	0.000994	0.000219	0.000656	0.001493	0.00065	0.001176	0.000325	0.000834	0.001068	0.000228	0.000279	0.000342	0.000201	0.000178	0.001217	0.000248
Erysipelotrichaceae_bacterium_6_1_45	0.000102	0.000128	9e-05	0.000139	9.5e-05	0.000321	8.7e-05	8.9e-05	0.000134	0.000152	0.000381	0.000343	0.000146	0.00027	8.3e-05	0.000364	7.2e-05	0.000261	0.000134	0.000271	0.000341	0.000143	0.000355	0.000367	0.000102	0.000123	0.000143	9e-05	8.2e-05	0.000231	0.000113
Eubacterium_biforme	0.002322	0.000891	0.001887	8.2e-05	0.001956	0.00029	0.002221	0.002209	7.1e-05	0.000689	0.000435	0.000361	6e-05	0.000185	0.001377	0.000482	0.001995	0.000544	4.9e-05	0.000428	0.000258	0.00082	0.000574	0.00041	0.001095	0.000847	0.000764	0.001245	0.001761	0.000123	0.000874
Eubacterium_cylindroides	0.000632	0.000853	0.000671	7.7e-05	0.000742	0.000264	0.000438	0.000586	7.8e-05	0.000765	0.000403	0.000331	5.6e-05	0.000151	0.000787	0.000488	0.000297	0.000704	5.1e-05	0.000562	0.000215	0.000775	0.000554	0.000412	0.000769	0.000793	0.000738	0.00079	0.000738	0.000111	0.000789
Eubacterium_dolichum	0.00031	0.000408	0.000305	0.000206	0.000313	0.000555	0.000263	0.000284	0.000209	0.000435	0.000635	0.0006	0.000223	0.000383	0.000299	0.000632	0.000209	0.000597	0.000211	0.000544	0.000517	0.000425	0.00063	0.000622	0.000341	0.000397	0.000436	0.000316	0.000284	0.000365	0.000368
Holdemania_filiformis	0.000433	0.000446	0.000428	0.000741	0.000446	0.000696	0.000352	0.000393	0.000799	0.000443	0.000751	0.000729	0.0005	0.000888	0.000418	0.000722	0.000277	0.000579	0.000458	0.000576	0.000848	0.000463	0.000731	0.000737	0.000428	0.000443	0.000457	0.000417	0.000412	0.000701	0.00043
Holdemania_unclassified	0.000113	0.000143	0.000107	7.9e-05	0.000108	0.00027	0.0001	0.000105	7.5e-05	0.000159	0.000312	0.000289	0.000105	0.00021	9.9e-05	0.000303	7.8e-05	0.000246	8.9e-05	0.000232	0.000268	0.000156	0.000298	0.000299	0.000119	0.00014	0.000159	0.000108	9.5e-05	0.000171	0.000129
Turicibacter_unclassified	8.3e-05	8.7e-05	7.1e-05	0.000104	7e-05	0.000308	8.1e-05	7.6e-05	0.000103	0.000103	0.000337	0.000313	0.000142	0.000205	5.8e-05	0.000309	7.2e-05	0.000195	0.000125	0.000195	0.000311	0.000101	0.000287	0.000317	7.2e-05	8.5e-05	0.000104	6.3e-05	5.8e-05	0.000205	7.7e-05
Acidaminococcus_intestini	0.001338	0.001257	0.001284	0.000159	0.001354	0.000613	0.001125	0.001241	0.00015	0.001168	0.000845	0.000737	0.000137	0.000309	0.00124	0.000972	0.000943	0.001157	0.000125	0.000966	0.000499	0.001197	0.001058	0.000869	0.001216	0.001204	0.001166	0.001231	0.001273	0.000262	0.001198
Acidaminococcus_unclassified	0.003543	0.004639	0.003701	0.004532	0.003758	0.007197	0.003033	0.003272	0.004135	0.005156	0.007667	0.007876	0.003777	0.007006	0.003751	0.007432	0.002413	0.006623	0.003693	0.00683	0.0076	0.005044	0.007838	0.007707	0.004242	0.004786	0.005147	0.003913	0.003539	0.005823	0.004566
Phascolarctobacterium_succinatutens	0.000515	0.000789	0.000591	9.9e-05	0.000633	0.000352	0.000355	0.000478	0.000103	0.00075	0.000491	0.000425	9e-05	0.000189	0.000697	0.000571	0.00022	0.000747	7.8e-05	0.000646	0.000291	0.000746	0.000621	0.000518	0.000707	0.000765	0.000736	0.000707	0.000632	0.000155	0.000753
Dialister_invisus	0.01506	0.037426	0.018516	0.006288	0.020011	0.016861	0.010124	0.014209	0.005935	0.038881	0.0229	0.019238	0.006663	0.008629	0.025819	0.027082	0.006455	0.037832	0.006639	0.032926	0.012671	0.034689	0.027891	0.024376	0.028976	0.035187	0.035085	0.027506	0.021042	0.008233	0.034245
Megamonas_hypermegale	0.002806	0.000705	0.001965	3.7e-05	0.002114	0.000166	0.002862	0.002557	3.2e-05	0.000475	0.000271	0.000205	3.6e-05	8.9e-05	0.001275	0.000316	0.002831	0.000347	3.3e-05	0.000257	0.000143	0.000605	0.000369	0.000252	0.000891	0.000637	0.000554	0.001081	0.001825	6.1e-05	0.000662
Megamonas_unclassified	0.006334	0.001649	0.004628	8.7e-05	0.004819	0.00043	0.006713	0.006105	8.2e-05	0.001146	0.000581	0.000487	0.000113	0.000227	0.003015	0.000667	0.006749	0.000787	9.7e-05	0.000535	0.000367	0.001438	0.00073	0.000555	0.002212	0.001527	0.001339	0.002655	0.00427	0.000197	0.001611
Megasphaera_micronuciformis	1e-05	1e-05	1e-05	0.00302	1e-05	0.000265	1e-05	1e-05	0.004063	1e-05	0.000132	0.000178	0.0023	0.00129	1e-05	7.2e-05	1e-05	1.6e-05	0.002744	3.1e-05	0.000531	1e-05	4.9e-05	0.000121	1e-05	1e-05	1e-05	1e-05	1e-05	0.001531	1e-05
Megasphaera_unclassified	0.00265	0.002244	0.002286	0.004246	0.002295	0.006559	0.002718	0.002434	0.004118	0.002403	0.006483	0.006538	0.00436	0.006981	0.001895	0.005566	0.002758	0.003615	0.004268	0.003854	0.007437	0.002486	0.005578	0.005916	0.002097	0.002245	0.002508	0.001962	0.002021	0.006266	0.0021
Veillonella_atypica	0.000392	0.000177	0.000315	0.006507	0.000291	0.001459	0.000505	0.0004	0.007598	0.000185	0.000955	0.001124	0.006365	0.004258	0.000208	0.000647	0.0006	0.000315	0.007425	0.000369	0.002317	0.000201	0.000543	0.000853	0.000205	0.000186	0.000207	0.000205	0.000252	0.00477	0.000178
Veillonella_dispar	4.7e-05	5.4e-05	4.3e-05	0.000312	4.2e-05	0.000253	4.5e-05	4.3e-05	0.000323	6.4e-05	0.000242	0.000245	0.000288	0.000394	3.7e-05	0.000208	3.9e-05	0.000126	0.000281	0.000148	0.000329	6.1e-05	0.000194	0.000236	4.4e-05	5.4e-05	6.3e-05	3.9e-05	3.6e-05	0.000349	4.9e-05
Veillonella_parvula	0.000829	0.000289	0.000478	0.004925	0.000439	0.003466	0.001395	0.000773	0.005002	0.000366	0.00322	0.003278	0.004001	0.005822	0.000231	0.002429	0.002322	0.000955	0.003934	0.00125	0.004963	0.000383	0.002305	0.002831	0.000281	0.000291	0.000382	0.000247	0.000312	0.004373	0.000263
Veillonella_unclassified	0.001711	0.002067	0.001727	0.003503	0.001768	0.004007	0.001474	0.001599	0.003924	0.0021	0.003718	0.003743	0.003659	0.003845	0.001749	0.003465	0.00117	0.002853	0.003703	0.002823	0.003999	0.002099	0.003144	0.003729	0.001818	0.00204	0.002152	0.001763	0.001681	0.004269	0.001911
Fusobacterium_nucleatum	0.000753	0.000145	0.000393	0.003815	0.000352	0.001827	0.001457	0.000734	0.004125	0.000163	0.001386	0.00149	0.004194	0.003644	0.000162	0.000992	0.002772	0.000363	0.004274	0.000427	0.002635	0.000186	0.000854	0.001175	0.00017	0.000144	0.000187	0.000162	0.00025	0.003351	0.000136
Burkholderiales_bacterium_1_1_47	0.000396	0.000647	0.000403	0.000302	0.000423	0.000867	0.000316	0.000367	0.00029	0.000722	0.000981	0.000921	0.000345	0.000575	0.000444	0.001006	0.000235	0.000978	0.000296	0.000865	0.000792	0.000685	0.000997	0.000964	0.000527	0.000622	0.000697	0.000487	0.000401	0.000587	0.000583
Parasutterella_excrementihominis	0.000209	0.000538	0.000229	0.000334	0.000244	0.00093	0.00015	0.000191	0.000344	0.000664	0.001098	0.000974	0.000456	0.000555	0.000284	0.001139	0.000102	0.001053	0.000415	0.000964	0.000811	0.000577	0.001063	0.001106	0.000379	0.000509	0.000598	0.000331	0.000232	0.00062	0.000466
Sutterella_wadsworthensis	0.003218	0.003857	0.00335	0.000898	0.003596	0.001937	0.002476	0.003004	0.000907	0.003547	0.002604	0.002243	0.000655	0.001338	0.00366	0.002887	0.001912	0.003374	0.00063	0.003025	0.00174	0.003528	0.003107	0.002695	0.003563	0.003633	0.003486	0.003601	0.003552	0.001095	0.003622
Bilophila_unclassified	0.002248	0.002608	0.002192	0.001366	0.002317	0.002506	0.001841	0.002062	0.00145	0.002666	0.002923	0.002661	0.001549	0.001742	0.002232	0.003153	0.001498	0.003238	0.001479	0.002927	0.002272	0.002644	0.003101	0.002938	0.002362	0.002535	0.002632	0.002285	0.002182	0.001925	0.002437
Bilophila_wadsworthia	0.000163	0.000271	0.000177	0.00012	0.000189	0.000226	0.000119	0.000148	0.000118	0.000275	0.000289	0.000258	0.000104	0.000184	0.000203	0.000313	7.9e-05	0.000332	9.6e-05	0.0003	0.00022	0.000268	0.000328	0.000295	0.000223	0.000263	0.000266	0.000212	0.000181	0.00015	0.000248
Desulfovibrio_piger	0.000265	0.000145	0.000216	2e-05	0.000223	6.5e-05	0.000254	0.000254	2.2e-05	0.000123	9.9e-05	7.9e-05	1.6e-05	3.8e-05	0.000165	0.000109	0.00022	0.000121	1.3e-05	0.0001	5.7e-05	0.000132	0.000121	9.6e-05	0.000147	0.000131	0.000126	0.000158	0.000197	2.9e-05	0.000131
Citrobacter_unclassified	0.000211	4.8e-05	0.000122	0.000207	0.000116	0.000279	0.000324	0.000195	0.000208	4.5e-05	0.000254	0.000259	0.000228	0.000371	5.7e-05	0.0002	0.000487	8.6e-05	0.00021	9.1e-05	0.000378	5.5e-05	0.00018	0.000226	5.4e-05	4.7e-05	5.5e-05	5.4e-05	8.4e-05	0.000329	4.3e-05
Enterobacter_cloacae	4.5e-05	4.8e-05	3.6e-05	0.00652	3.2e-05	0.002189	6.3e-05	4.4e-05	0.007608	7.8e-05	0.001301	0.001575	0.009615	0.00495	2.6e-05	0.00084	8.3e-05	0.000285	0.010827	0.000403	0.003232	6.8e-05	0.00059	0.001201	3.8e-05	5.1e-05	7.5e-05	3e-05	2.6e-05	0.006462	4.4e-05
Escherichia_coli	0.000963	0.001024	0.000887	0.189266	0.000808	0.021011	0.001208	0.000975	0.259771	0.00145	0.011949	0.015308	0.154393	0.06312	0.000754	0.008184	0.001575	0.003773	0.198329	0.005463	0.032904	0.001358	0.006048	0.011289	0.000958	0.001152	0.00146	0.000831	0.000729	0.092049	0.001031
Escherichia_unclassified	0.000424	0.000231	0.000314	0.031022	0.000281	0.004318	0.000633	0.000419	0.037447	0.000299	0.002755	0.003348	0.026191	0.014732	0.000195	0.001842	0.000928	0.000737	0.0314	0.00104	0.007222	0.0003	0.001499	0.002485	0.000232	0.000249	0.000315	0.000206	0.000227	0.015457	0.000225
Klebsiella_oxytoca	9.2e-05	8.6e-05	8.3e-05	0.003842	7.9e-05	0.000657	0.000103	8.9e-05	0.004889	0.000106	0.000517	0.000591	0.00239	0.002166	6.7e-05	0.000397	0.000108	0.000219	0.002675	0.000309	0.001114	0.000102	0.000359	0.000511	7.9e-05	8.9e-05	0.000104	7.1e-05	6.9e-05	0.002088	8.3e-05
Klebsiella_pneumoniae	0.00152	0.001811	0.001333	0.002524	0.001328	0.005504	0.001563	0.00143	0.002457	0.002228	0.005256	0.00506	0.004476	0.003798	0.001182	0.00486	0.001623	0.003755	0.004476	0.003656	0.004966	0.002053	0.004145	0.005152	0.00149	0.001772	0.002148	0.001319	0.001169	0.005237	0.001624
Klebsiella_unclassified	1e-05	1e-05	1e-05	0.002832	1e-05	0.000279	1e-05	1e-05	0.003749	1e-05	0.00014	0.00019	0.002368	0.001305	1e-05	8.2e-05	1e-05	2.1e-05	0.002712	3.6e-05	0.00056	1e-05	5.5e-05	0.00013	1e-05	1e-05	1e-05	1e-05	1e-05	0.001659	1e-05
Proteus_mirabilis	0.000245	3.6e-05	0.000123	0.00031	0.000117	0.000293	0.000433	0.000221	0.000307	3.5e-05	0.000247	0.000253	0.000378	0.000457	4.9e-05	0.000186	0.000823	6.9e-05	0.000337	7.6e-05	0.000423	4.3e-05	0.000165	0.00021	4.6e-05	3.6e-05	4.3e-05	4.7e-05	8.1e-05	0.00042	3.4e-05
Haemophilus_parainfluenzae	0.012885	0.001618	0.006482	0.000367	0.006528	0.001616	0.020247	0.011954	0.000315	0.001261	0.001999	0.00164	0.000633	0.000979	0.002745	0.001967	0.033978	0.001315	0.000524	0.001002	0.001526	0.001638	0.001959	0.001692	0.002221	0.001476	0.001548	0.002534	0.004851	0.000828	0.001495
Akkermansia_muciniphila	0.060208	0.015805	0.041133	0.002484	0.041855	0.009599	0.07369	0.057468	0.002214	0.012052	0.011186	0.010074	0.004531	0.006165	0.024881	0.011626	0.087216	0.010326	0.003736	0.008115	0.009192	0.014921	0.012143	0.010418	0.020018	0.014928	0.014458	0.02258	0.035794	0.006193	0.014965
