# Feature / Sample,PRISM|7860,PRISM|8573,PRISM|9079,PRISM|8758,PRISM|7855,PRISM|7408,PRISM|7947,PRISM|8735,PRISM|8264,PRISM|8784,PRISM|8565,PRISM|8537,PRISM|8849,PRISM|8226,PRISM|8754,PRISM|7911,PRISM|7897,PRISM|9126,PRISM|8464,PRISM|8803,PRISM|8629,PRISM|7421,PRISM|8878,PRISM|8998,PRISM|7908,PRISM|8692,PRISM|8894,PRISM|8361,PRISM|8605,PRISM|8746,PRISM|7744
Methanosphaera_stadtmanae,0.000533,0.000455,0.000248,0.000010,0.000474,0.000056,0.000508,0.000170,0.000010,0.000490,0.000012,0.000057,0.000010,0.000010,0.000455,0.000357,0.000534,0.000332,0.000010,0.000454,0.000010,0.000542,0.000332,0.000288,0.000539,0.000497,0.000360,0.000543,0.000535,0.000010,0.000547
Rothia_mucilaginosa,0.000017,0.000023,0.000043,0.000443,0.000020,0.000100,0.000019,0.000055,0.000248,0.000018,0.000199,0.000101,0.000286,0.000371,0.000021,0.000033,0.000016,0.000033,0.000352,0.000021,0.000480,0.000016,0.000032,0.000030,0.000014,0.000020,0.000029,0.000015,0.000019,0.000338,0.000015
Propionibacterium_freudenreichii,0.000036,0.000042,0.000069,0.000011,0.000040,0.000081,0.000040,0.000083,0.000010,0.000039,0.000037,0.000075,0.000037,0.000027,0.000054,0.000064,0.000032,0.000068,0.000010,0.000043,0.000016,0.000031,0.000065,0.000053,0.000028,0.000042,0.000056,0.000030,0.000037,0.000023,0.000031
Bifidobacterium_adolescentis,0.062680,0.036185,0.007404,0.000010,0.043286,0.000438,0.052251,0.003472,0.000010,0.052253,0.000062,0.000507,0.000036,0.000020,0.035745,0.017271,0.070541,0.014727,0.000010,0.039122,0.000010,0.073620,0.014668,0.013656,0.085229,0.047578,0.018638,0.078773,0.058992,0.000018,0.076590
Bifidobacterium_animalis,0.001417,0.001339,0.001132,0.001362,0.001409,0.000791,0.001425,0.001003,0.001425,0.001386,0.000667,0.000826,0.000813,0.000764,0.001309,0.001316,0.001402,0.001230,0.001533,0.001364,0.001087,0.001430,0.001228,0.001130,0.001436,0.001397,0.001245,0.001434,0.001423,0.000704,0.001402
Bifidobacterium_bifidum,0.008898,0.009267,0.008302,0.000186,0.009179,0.004708,0.009014,0.007000,0.000081,0.008852,0.001620,0.004487,0.001203,0.000755,0.008780,0.008910,0.008706,0.008892,0.000113,0.009169,0.000306,0.008821,0.008593,0.008610,0.008635,0.009011,0.009058,0.008718,0.009104,0.000678,0.008646
Bifidobacterium_breve,0.000181,0.000232,0.000565,0.008202,0.000218,0.002102,0.000199,0.000879,0.007045,0.000193,0.003329,0.001947,0.004808,0.005092,0.000250,0.000392,0.000162,0.000432,0.008286,0.000225,0.007227,0.000161,0.000418,0.000369,0.000148,0.000211,0.000348,0.000154,0.000189,0.004703,0.000153
Bifidobacterium_catenulatum,0.000119,0.000112,0.000086,0.000010,0.000115,0.000038,0.000118,0.000069,0.000010,0.000115,0.000013,0.000038,0.000013,0.000010,0.000115,0.000103,0.000114,0.000104,0.000010,0.000112,0.000010,0.000116,0.000102,0.000090,0.000113,0.000117,0.000103,0.000115,0.000120,0.000010,0.000115
Bifidobacterium_dentium,0.000417,0.000532,0.000958,0.010531,0.000487,0.002095,0.000453,0.001160,0.008841,0.000431,0.003977,0.002075,0.005482,0.006780,0.000501,0.000712,0.000385,0.000738,0.010395,0.000504,0.009810,0.000389,0.000722,0.000684,0.000352,0.000470,0.000674,0.000373,0.000443,0.006313,0.000374
Bifidobacterium_longum,0.027030,0.032101,0.039628,0.002740,0.029158,0.046415,0.027738,0.042567,0.000877,0.027518,0.025421,0.043851,0.018356,0.014096,0.029344,0.032479,0.025968,0.034205,0.001346,0.029634,0.005348,0.026328,0.034132,0.036101,0.024909,0.028529,0.034659,0.025614,0.028285,0.013289,0.025828
Bifidobacterium_pseudocatenulatum,0.003947,0.003725,0.002750,0.000102,0.003725,0.001277,0.003785,0.002237,0.000057,0.003610,0.000476,0.001302,0.000398,0.000257,0.003497,0.003233,0.003892,0.003263,0.000071,0.003609,0.000139,0.003946,0.003168,0.002883,0.003855,0.003832,0.003282,0.003913,0.004024,0.000240,0.003946
Adlercreutzia_equolifaciens,0.002916,0.002984,0.003091,0.000086,0.003016,0.002093,0.003002,0.002928,0.000023,0.002939,0.000866,0.002132,0.000669,0.000466,0.003226,0.003252,0.002733,0.003439,0.000038,0.003001,0.000170,0.002705,0.003280,0.002980,0.002584,0.003037,0.003183,0.002659,0.002933,0.000425,0.002668
Collinsella_aerofaciens,0.024525,0.025611,0.024852,0.000518,0.024403,0.014597,0.024434,0.023573,0.000191,0.023377,0.005848,0.015331,0.004135,0.002828,0.024314,0.024600,0.023899,0.025299,0.000271,0.024535,0.000974,0.024065,0.025113,0.023197,0.022929,0.024896,0.025455,0.023492,0.025294,0.002686,0.024004
Collinsella_intestinalis,0.000364,0.000514,0.001367,0.000258,0.000462,0.003693,0.000420,0.002112,0.000065,0.000419,0.002358,0.003404,0.002059,0.001499,0.000612,0.000850,0.000318,0.001022,0.000114,0.000505,0.000535,0.000306,0.000995,0.000939,0.000267,0.000447,0.000836,0.000288,0.000380,0.001350,0.000298
Collinsella_unclassified,0.000070,0.000080,0.000115,0.000018,0.000078,0.000115,0.000076,0.000125,0.000010,0.000073,0.000057,0.000112,0.000060,0.000042,0.000088,0.000106,0.000064,0.000114,0.000011,0.000080,0.000026,0.000063,0.000109,0.000094,0.000059,0.000078,0.000099,0.000061,0.000072,0.000036,0.000061
Eggerthella_lenta,0.000488,0.000572,0.000892,0.000113,0.000540,0.000993,0.000513,0.001013,0.000034,0.000490,0.000528,0.000983,0.000494,0.000380,0.000610,0.000741,0.000455,0.000821,0.000058,0.000552,0.000191,0.000447,0.000792,0.000702,0.000410,0.000537,0.000720,0.000432,0.000506,0.000345,0.000438
Eggerthella_sp_1_3_56FAA,0.001087,0.001227,0.001387,0.000143,0.001180,0.001265,0.001137,0.001373,0.000059,0.001116,0.000615,0.001222,0.000566,0.000400,0.001180,0.001374,0.001028,0.001392,0.000088,0.001176,0.000218,0.001042,0.001325,0.001285,0.000988,0.001149,0.001317,0.001016,0.001127,0.000349,0.001016
Eggerthella_unclassified,0.002959,0.003496,0.005033,0.001825,0.003285,0.007378,0.003111,0.005842,0.000860,0.003101,0.005367,0.007185,0.005240,0.004245,0.003524,0.004178,0.002767,0.004571,0.001180,0.003332,0.002616,0.002757,0.004439,0.004374,0.002598,0.003203,0.004182,0.002676,0.003047,0.003946,0.002699
Gordonibacter_pamelaeae,0.000928,0.000970,0.001040,0.000017,0.000973,0.000582,0.000978,0.000979,0.000010,0.000966,0.000145,0.000570,0.000117,0.000064,0.001096,0.001106,0.000876,0.001154,0.000010,0.000999,0.000027,0.000866,0.001110,0.000995,0.000824,0.000984,0.001070,0.000847,0.000939,0.000056,0.000856
Slackia_piriformis,0.000468,0.000417,0.000233,0.000010,0.000424,0.000061,0.000447,0.000165,0.000010,0.000429,0.000014,0.000063,0.000012,0.000010,0.000386,0.000315,0.000471,0.000304,0.000010,0.000406,0.000010,0.000482,0.000299,0.000271,0.000484,0.000440,0.000331,0.000482,0.000475,0.000010,0.000481
Bacteroides_caccae,0.006026,0.007298,0.014901,0.002040,0.006830,0.029758,0.006572,0.019628,0.000581,0.006446,0.018718,0.028638,0.015236,0.010728,0.007872,0.010269,0.005589,0.011119,0.000964,0.007208,0.003931,0.005558,0.011468,0.010516,0.005166,0.006757,0.009999,0.005409,0.006197,0.009858,0.005415
Bacteroides_cellulosilyticus,0.003970,0.004305,0.004515,0.000180,0.004240,0.002791,0.004107,0.004352,0.000083,0.004047,0.001080,0.002921,0.000926,0.000563,0.004580,0.004579,0.003761,0.005060,0.000113,0.004237,0.000263,0.003726,0.004845,0.004402,0.003549,0.004192,0.004638,0.003642,0.004048,0.000524,0.003647
Bacteroides_dorei,0.006480,0.007957,0.014428,0.013077,0.007530,0.025713,0.006998,0.018127,0.010644,0.006910,0.018576,0.024153,0.020103,0.015357,0.008176,0.011072,0.006064,0.012040,0.012075,0.007820,0.013463,0.006006,0.011833,0.011170,0.005620,0.007265,0.010517,0.005847,0.006679,0.014244,0.005845
Bacteroides_eggerthii,0.003261,0.003328,0.003457,0.000035,0.003371,0.002027,0.003410,0.003291,0.000014,0.003389,0.000432,0.001916,0.000323,0.000157,0.003802,0.003715,0.003123,0.003821,0.000021,0.003456,0.000058,0.003095,0.003713,0.003443,0.002990,0.003394,0.003603,0.003066,0.003281,0.000138,0.003070
Bacteroides_faecis,0.000374,0.000485,0.000847,0.000801,0.000447,0.001357,0.000406,0.000986,0.000359,0.000392,0.001346,0.001367,0.001461,0.001428,0.000479,0.000653,0.000339,0.000733,0.000519,0.000457,0.001069,0.000336,0.000690,0.000646,0.000302,0.000428,0.000631,0.000320,0.000392,0.001320,0.000320
Bacteroides_finegoldii,0.000544,0.000615,0.000800,0.000117,0.000586,0.000827,0.000574,0.000876,0.000042,0.000572,0.000487,0.000799,0.000438,0.000364,0.000676,0.000690,0.000512,0.000767,0.000066,0.000601,0.000192,0.000507,0.000750,0.000708,0.000480,0.000587,0.000719,0.000491,0.000556,0.000332,0.000496
Bacteroides_fragilis,0.006730,0.006719,0.006897,0.000116,0.006915,0.004637,0.006909,0.006293,0.000041,0.006708,0.001470,0.004563,0.001083,0.000582,0.006954,0.007452,0.006564,0.007256,0.000062,0.006881,0.000204,0.006524,0.007075,0.006591,0.006333,0.006882,0.006954,0.006533,0.006759,0.000517,0.006462
Bacteroides_intestinalis,0.000333,0.000319,0.000266,0.000010,0.000331,0.000105,0.000341,0.000229,0.000010,0.000335,0.000023,0.000103,0.000019,0.000010,0.000366,0.000333,0.000315,0.000341,0.000010,0.000327,0.000010,0.000313,0.000326,0.000281,0.000300,0.000340,0.000319,0.000310,0.000333,0.000010,0.000311
Bacteroides_massiliensis,0.002797,0.003413,0.005347,0.000310,0.003201,0.006853,0.003042,0.006161,0.000105,0.002960,0.002967,0.006294,0.002314,0.001413,0.003628,0.004510,0.002600,0.004749,0.000163,0.003334,0.000552,0.002588,0.004646,0.004472,0.002379,0.003140,0.004334,0.002489,0.002903,0.001296,0.002523
Bacteroides_ovatus,0.012812,0.013094,0.011687,0.008452,0.012704,0.009313,0.012690,0.011180,0.009902,0.012408,0.006700,0.009262,0.007201,0.006244,0.012024,0.012510,0.012587,0.012274,0.009653,0.012482,0.007169,0.012934,0.012116,0.011585,0.012731,0.012798,0.012258,0.012785,0.013121,0.005846,0.012823
Bacteroides_salyersiae,0.000420,0.000471,0.000684,0.000081,0.000459,0.000821,0.000444,0.000792,0.000034,0.000437,0.000375,0.000767,0.000356,0.000234,0.000530,0.000609,0.000392,0.000658,0.000050,0.000470,0.000123,0.000386,0.000632,0.000584,0.000365,0.000458,0.000580,0.000376,0.000425,0.000205,0.000379
Bacteroides_sp_2_1_22,0.001214,0.001368,0.001910,0.000341,0.001304,0.002470,0.001261,0.002209,0.000150,0.001251,0.001467,0.002340,0.001308,0.000973,0.001479,0.001617,0.001141,0.001744,0.000212,0.001329,0.000521,0.001119,0.001693,0.001619,0.001054,0.001304,0.001622,0.001081,0.001243,0.000882,0.001107
Bacteroides_stercoris,0.010662,0.011492,0.014400,0.004152,0.011293,0.016639,0.010910,0.015702,0.002773,0.010805,0.010421,0.016607,0.010348,0.007718,0.011871,0.013440,0.010350,0.014189,0.003272,0.011420,0.005147,0.010184,0.013564,0.013065,0.009806,0.011164,0.012931,0.010006,0.010787,0.007225,0.010125
Bacteroides_thetaiotaomicron,0.006549,0.007460,0.008614,0.000177,0.006981,0.008133,0.006749,0.009245,0.000055,0.006709,0.002802,0.007864,0.001997,0.001163,0.007611,0.007944,0.006133,0.008867,0.000085,0.007103,0.000358,0.006094,0.008340,0.008146,0.005664,0.006985,0.008141,0.005899,0.006724,0.001053,0.006024
Bacteroides_uniformis,0.015566,0.017564,0.027503,0.006015,0.017010,0.037349,0.016789,0.033550,0.002156,0.016853,0.029164,0.037126,0.024555,0.021655,0.020916,0.022908,0.014292,0.025443,0.003223,0.017693,0.010514,0.014007,0.025205,0.023164,0.013202,0.017212,0.022629,0.013657,0.015724,0.020838,0.013912
Bacteroides_vulgatus,0.018305,0.018763,0.021936,0.007401,0.018668,0.027842,0.019055,0.024206,0.004170,0.019066,0.023375,0.026163,0.020031,0.018766,0.020439,0.021526,0.017555,0.020759,0.005166,0.019070,0.010770,0.017588,0.021176,0.020035,0.017020,0.018978,0.020371,0.017453,0.018367,0.017988,0.017635
Bacteroides_xylanisolvens,0.000974,0.001079,0.001292,0.000061,0.001015,0.001101,0.001005,0.001329,0.000022,0.000989,0.000431,0.001073,0.000368,0.000236,0.001086,0.001166,0.000932,0.001217,0.000034,0.001041,0.000104,0.000939,0.001217,0.001159,0.000886,0.001025,0.001190,0.000914,0.001007,0.000210,0.000941
Bacteroidales_bacterium_ph8,0.002518,0.002311,0.001510,0.000011,0.002382,0.000416,0.002469,0.001152,0.000010,0.002428,0.000091,0.000429,0.000070,0.000038,0.002411,0.002046,0.002452,0.002113,0.000010,0.002327,0.000016,0.002482,0.001969,0.001776,0.002470,0.002458,0.002049,0.002459,0.002526,0.000034,0.002439
Barnesiella_intestinihominis,0.004080,0.004224,0.004479,0.000124,0.004149,0.003542,0.004146,0.004668,0.000051,0.004040,0.001262,0.003440,0.000965,0.000574,0.004293,0.004415,0.003966,0.004399,0.000072,0.004146,0.000216,0.003989,0.004509,0.004158,0.003856,0.004165,0.004430,0.003964,0.004167,0.000523,0.003989
Odoribacter_laneus,0.000990,0.001075,0.001405,0.000099,0.001064,0.001316,0.001060,0.001514,0.000045,0.001067,0.000542,0.001258,0.000468,0.000285,0.001261,0.001367,0.000922,0.001409,0.000063,0.001103,0.000142,0.000911,0.001361,0.001250,0.000863,0.001070,0.001268,0.000892,0.000996,0.000253,0.000898
Odoribacter_splanchnicus,0.001915,0.002129,0.003002,0.000234,0.002103,0.003464,0.002038,0.003231,0.000090,0.002020,0.001662,0.003320,0.001389,0.000949,0.002404,0.002866,0.001769,0.002988,0.000133,0.002156,0.000402,0.001719,0.002754,0.002637,0.001605,0.002083,0.002594,0.001686,0.001926,0.000851,0.001713
Parabacteroides_distasonis,0.002822,0.003164,0.004855,0.005407,0.003046,0.007882,0.002970,0.005733,0.001897,0.002942,0.010573,0.008103,0.011096,0.011820,0.003287,0.003889,0.002657,0.004122,0.003012,0.003170,0.008348,0.002653,0.004055,0.003888,0.002520,0.003029,0.003784,0.002605,0.002861,0.011290,0.002604
Parabacteroides_goldsteinii,0.000625,0.000699,0.000883,0.000017,0.000667,0.000635,0.000658,0.000923,0.000010,0.000650,0.000162,0.000614,0.000126,0.000066,0.000770,0.000792,0.000589,0.000857,0.000010,0.000688,0.000026,0.000585,0.000854,0.000794,0.000552,0.000673,0.000821,0.000564,0.000641,0.000058,0.000580
Parabacteroides_merdae,0.006575,0.008278,0.015700,0.004839,0.007823,0.026228,0.007263,0.020025,0.001693,0.007163,0.018006,0.024186,0.016999,0.014509,0.009763,0.012281,0.006000,0.014252,0.002658,0.008279,0.007784,0.005775,0.013573,0.012597,0.005236,0.007665,0.011860,0.005510,0.006796,0.013671,0.005671
Parabacteroides_unclassified,0.003433,0.004331,0.009260,0.016979,0.003998,0.025053,0.003786,0.012912,0.005607,0.003758,0.038589,0.024278,0.038104,0.045153,0.004790,0.006253,0.003152,0.007051,0.008842,0.004282,0.028207,0.003092,0.006950,0.006768,0.002826,0.003959,0.006199,0.002968,0.003545,0.044200,0.003048
Paraprevotella_clara,0.000213,0.000225,0.000257,0.000016,0.000225,0.000189,0.000221,0.000252,0.000010,0.000216,0.000069,0.000184,0.000064,0.000041,0.000243,0.000258,0.000195,0.000277,0.000010,0.000225,0.000023,0.000194,0.000266,0.000230,0.000182,0.000226,0.000250,0.000189,0.000216,0.000036,0.000191
Paraprevotella_unclassified,0.000598,0.000675,0.000770,0.000045,0.000634,0.000524,0.000620,0.000769,0.000017,0.000605,0.000235,0.000540,0.000208,0.000145,0.000709,0.000755,0.000556,0.000818,0.000026,0.000646,0.000071,0.000554,0.000770,0.000709,0.000511,0.000642,0.000749,0.000533,0.000619,0.000130,0.000543
Prevotella_copri,0.019414,0.020969,0.027044,0.000429,0.020373,0.021030,0.020330,0.027925,0.000152,0.020380,0.005871,0.019969,0.004038,0.002124,0.022416,0.024302,0.018572,0.024883,0.000230,0.021179,0.000733,0.018449,0.024855,0.024004,0.017790,0.020424,0.023988,0.018258,0.019571,0.001931,0.018299
Alistipes_finegoldii,0.002455,0.002723,0.003622,0.000098,0.002663,0.003315,0.002629,0.004000,0.000032,0.002639,0.000996,0.003087,0.000809,0.000456,0.003189,0.003623,0.002288,0.003696,0.000052,0.002749,0.000173,0.002256,0.003579,0.003313,0.002127,0.002672,0.003304,0.002215,0.002478,0.000409,0.002224
Alistipes_indistinctus,0.000645,0.000713,0.000958,0.000061,0.000721,0.000958,0.000691,0.000997,0.000024,0.000683,0.000372,0.000881,0.000348,0.000207,0.000856,0.000948,0.000607,0.001007,0.000036,0.000735,0.000095,0.000590,0.000969,0.000861,0.000552,0.000708,0.000881,0.000572,0.000654,0.000185,0.000579
Alistipes_onderdonkii,0.009940,0.011678,0.018116,0.002101,0.010950,0.024193,0.010280,0.021896,0.000857,0.009861,0.013905,0.024250,0.011622,0.008469,0.011335,0.014950,0.009218,0.016336,0.001212,0.010927,0.003588,0.009279,0.015744,0.014410,0.008724,0.010789,0.014360,0.008994,0.010342,0.007791,0.009023
Alistipes_putredinis,0.021485,0.022515,0.022941,0.000364,0.021895,0.014228,0.021749,0.022681,0.000123,0.021664,0.004573,0.014522,0.003471,0.001965,0.023871,0.023694,0.020787,0.025081,0.000186,0.022096,0.000670,0.020673,0.023973,0.022681,0.020052,0.022115,0.023653,0.020274,0.021816,0.001770,0.020524
Alistipes_senegalensis,0.000258,0.000254,0.000228,0.000010,0.000253,0.000107,0.000253,0.000202,0.000010,0.000243,0.000032,0.000106,0.000028,0.000017,0.000255,0.000239,0.000254,0.000253,0.000010,0.000251,0.000010,0.000255,0.000248,0.000222,0.000248,0.000258,0.000248,0.000251,0.000263,0.000015,0.000252
Alistipes_shahii,0.004993,0.004737,0.004046,0.000046,0.004870,0.001666,0.004999,0.003397,0.000022,0.005006,0.000426,0.001642,0.000311,0.000175,0.005220,0.004453,0.004936,0.004517,0.000029,0.004888,0.000070,0.004907,0.004533,0.004276,0.004881,0.004922,0.004621,0.004913,0.004979,0.000157,0.004912
Alistipes_sp_AP11,0.000421,0.000489,0.000686,0.000053,0.000473,0.000653,0.000454,0.000735,0.000018,0.000441,0.000326,0.000651,0.000286,0.000212,0.000521,0.000611,0.000392,0.000656,0.000029,0.000484,0.000093,0.000391,0.000638,0.000582,0.000365,0.000465,0.000596,0.000378,0.000437,0.000191,0.000379
Alistipes_sp_HGB5,0.000605,0.000650,0.000749,0.000125,0.000632,0.000721,0.000620,0.000808,0.000058,0.000601,0.000379,0.000683,0.000365,0.000269,0.000670,0.000729,0.000582,0.000737,0.000084,0.000640,0.000168,0.000581,0.000714,0.000669,0.000555,0.000632,0.000702,0.000566,0.000620,0.000243,0.000572
Alistipes_unclassified,0.001355,0.001535,0.001775,0.000032,0.001446,0.001441,0.001396,0.001874,0.000012,0.001372,0.000395,0.001432,0.000311,0.000151,0.001509,0.001670,0.001297,0.001833,0.000019,0.001471,0.000054,0.001293,0.001709,0.001682,0.001234,0.001437,0.001685,0.001251,0.001391,0.000132,0.001263
Enterococcus_avium,0.000051,0.000062,0.000098,0.000059,0.000057,0.000135,0.000054,0.000114,0.000024,0.000052,0.000102,0.000135,0.000114,0.000101,0.000063,0.000078,0.000047,0.000086,0.000038,0.000059,0.000078,0.000046,0.000084,0.000076,0.000042,0.000057,0.000077,0.000044,0.000053,0.000091,0.000045
Enterococcus_faecalis,0.000049,0.000055,0.000085,0.001204,0.000054,0.000163,0.000052,0.000105,0.001644,0.000050,0.000223,0.000155,0.000358,0.000368,0.000057,0.000078,0.000046,0.000078,0.001669,0.000054,0.000796,0.000046,0.000074,0.000065,0.000044,0.000053,0.000067,0.000045,0.000050,0.000330,0.000044
Enterococcus_faecium,0.001476,0.001613,0.002382,0.014728,0.001616,0.003672,0.001582,0.002707,0.021249,0.001546,0.004263,0.003483,0.005859,0.005451,0.001770,0.002201,0.001384,0.002161,0.020279,0.001633,0.009940,0.001382,0.002146,0.001895,0.001322,0.001599,0.001952,0.001357,0.001497,0.005171,0.001339
Lactobacillus_acidophilus,0.000053,0.000064,0.000100,0.000724,0.000060,0.000206,0.000056,0.000124,0.000504,0.000054,0.000322,0.000205,0.000461,0.000496,0.000062,0.000079,0.000050,0.000087,0.000650,0.000060,0.000688,0.000050,0.000082,0.000075,0.000047,0.000059,0.000076,0.000048,0.000056,0.000455,0.000047
Lactobacillus_casei_paracasei,0.000036,0.000042,0.000067,0.000081,0.000041,0.000123,0.000039,0.000084,0.000039,0.000038,0.000109,0.000117,0.000133,0.000115,0.000044,0.000059,0.000033,0.000060,0.000057,0.000042,0.000099,0.000034,0.000059,0.000051,0.000031,0.000040,0.000052,0.000033,0.000038,0.000103,0.000033
Lactobacillus_fermentum,0.000102,0.000147,0.000460,0.010587,0.000130,0.002024,0.000115,0.000713,0.005543,0.000111,0.006302,0.002088,0.008571,0.012340,0.000151,0.000259,0.000090,0.000293,0.007699,0.000138,0.013131,0.000089,0.000285,0.000259,0.000078,0.000124,0.000237,0.000084,0.000109,0.011927,0.000084
Lactobacillus_gasseri,0.000290,0.000393,0.000913,0.066673,0.000355,0.004260,0.000319,0.001444,0.070181,0.000310,0.010220,0.003857,0.017023,0.022497,0.000378,0.000621,0.000266,0.000657,0.078147,0.000370,0.050619,0.000268,0.000643,0.000638,0.000246,0.000338,0.000566,0.000255,0.000306,0.021194,0.000260
Lactobacillus_plantarum,0.000039,0.000051,0.000098,0.001706,0.000047,0.000291,0.000043,0.000130,0.001081,0.000042,0.000520,0.000272,0.000812,0.000988,0.000049,0.000075,0.000036,0.000078,0.001489,0.000048,0.001609,0.000036,0.000075,0.000072,0.000034,0.000045,0.000068,0.000035,0.000042,0.000907,0.000035
Lactobacillus_rhamnosus,0.000149,0.000173,0.000261,0.000892,0.000164,0.000389,0.000159,0.000286,0.000589,0.000151,0.000458,0.000372,0.000592,0.000622,0.000169,0.000218,0.000141,0.000211,0.000778,0.000170,0.000844,0.000143,0.000217,0.000199,0.000132,0.000161,0.000205,0.000140,0.000156,0.000581,0.000141
Lactobacillus_salivarius,0.000223,0.000247,0.000429,0.002747,0.000240,0.000943,0.000238,0.000540,0.001861,0.000228,0.001510,0.000909,0.002023,0.002344,0.000272,0.000331,0.000211,0.000336,0.002392,0.000250,0.002816,0.000210,0.000354,0.000300,0.000196,0.000244,0.000312,0.000206,0.000229,0.002204,0.000211
Pediococcus_acidilactici,0.000132,0.000180,0.000530,0.009689,0.000168,0.002262,0.000151,0.000870,0.005766,0.000147,0.004591,0.002080,0.006272,0.008335,0.000209,0.000337,0.000116,0.000375,0.007731,0.000177,0.010668,0.000114,0.000365,0.000325,0.000101,0.000160,0.000299,0.000108,0.000138,0.007810,0.000109
Pediococcus_lolii,0.000150,0.000212,0.000593,0.007792,0.000190,0.002761,0.000170,0.000985,0.004023,0.000165,0.005172,0.002515,0.006940,0.008320,0.000230,0.000371,0.000133,0.000423,0.005889,0.000201,0.009027,0.000131,0.000408,0.000381,0.000117,0.000182,0.000340,0.000124,0.000158,0.007721,0.000125
Pediococcus_unclassified,0.000042,0.000057,0.000161,0.007035,0.000052,0.000760,0.000047,0.000253,0.004994,0.000046,0.002022,0.000728,0.003169,0.004309,0.000061,0.000098,0.000037,0.000111,0.006401,0.000055,0.006807,0.000037,0.000108,0.000097,0.000033,0.000050,0.000089,0.000035,0.000044,0.004033,0.000036
Leuconostoc_citreum,0.000047,0.000065,0.000179,0.005237,0.000058,0.000662,0.000052,0.000266,0.003101,0.000049,0.001786,0.000667,0.002647,0.003769,0.000067,0.000103,0.000042,0.000118,0.004237,0.000061,0.005398,0.000042,0.000115,0.000106,0.000036,0.000056,0.000099,0.000039,0.000050,0.003565,0.000039
Lactococcus_lactis,0.000207,0.000243,0.000387,0.001479,0.000228,0.000683,0.000220,0.000482,0.000723,0.000214,0.001120,0.000693,0.001396,0.001741,0.000256,0.000312,0.000195,0.000327,0.001046,0.000235,0.001795,0.000196,0.000328,0.000298,0.000183,0.000226,0.000303,0.000189,0.000216,0.001655,0.000192
Streptococcus_australis,0.000195,0.000201,0.000227,0.000163,0.000200,0.000187,0.000202,0.000223,0.000091,0.000194,0.000158,0.000192,0.000184,0.000172,0.000220,0.000237,0.000185,0.000239,0.000128,0.000202,0.000175,0.000184,0.000228,0.000196,0.000174,0.000206,0.000218,0.000179,0.000199,0.000157,0.000182
Streptococcus_lutetiensis,0.000236,0.000271,0.000400,0.004226,0.000261,0.000648,0.000250,0.000480,0.007198,0.000235,0.000648,0.000616,0.001069,0.000982,0.000276,0.000390,0.000216,0.000398,0.006821,0.000263,0.002385,0.000221,0.000366,0.000321,0.000205,0.000259,0.000332,0.000212,0.000246,0.000891,0.000211
Streptococcus_mutans,0.000142,0.000158,0.000267,0.000794,0.000158,0.000432,0.000155,0.000305,0.000424,0.000150,0.000596,0.000427,0.000746,0.000850,0.000177,0.000227,0.000131,0.000230,0.000601,0.000163,0.000904,0.000131,0.000225,0.000199,0.000123,0.000157,0.000204,0.000127,0.000145,0.000775,0.000127
Streptococcus_parasanguinis,0.001265,0.001470,0.002463,0.006655,0.001389,0.004410,0.001343,0.002922,0.003372,0.001298,0.007377,0.004614,0.008126,0.009830,0.001544,0.001792,0.001190,0.001953,0.004637,0.001441,0.008467,0.001170,0.001962,0.001796,0.001077,0.001384,0.001809,0.001141,0.001299,0.009616,0.001153
Streptococcus_salivarius,0.005128,0.005482,0.006414,0.011512,0.005267,0.008088,0.005104,0.006871,0.006166,0.004958,0.012688,0.008655,0.013783,0.016242,0.005124,0.005602,0.005009,0.005922,0.008239,0.005244,0.014500,0.005042,0.005775,0.005657,0.004907,0.005255,0.005709,0.004924,0.005271,0.015778,0.004970
Streptococcus_sanguinis,0.000076,0.000081,0.000103,0.000073,0.000080,0.000119,0.000079,0.000116,0.000035,0.000077,0.000087,0.000116,0.000101,0.000093,0.000090,0.000096,0.000073,0.000102,0.000051,0.000081,0.000086,0.000072,0.000099,0.000088,0.000069,0.000081,0.000093,0.000070,0.000078,0.000083,0.000071
Streptococcus_thermophilus,0.003049,0.003219,0.004126,0.018691,0.003192,0.006431,0.003148,0.004666,0.013780,0.003058,0.009404,0.006327,0.012259,0.013764,0.003234,0.003805,0.002926,0.003800,0.016590,0.003217,0.018537,0.002940,0.003819,0.003492,0.002823,0.003205,0.003575,0.002893,0.003107,0.013299,0.002892
Streptococcus_vestibularis,0.000191,0.000255,0.000620,0.002861,0.000234,0.001897,0.000213,0.000932,0.001225,0.000207,0.002908,0.001845,0.003664,0.004187,0.000275,0.000419,0.000173,0.000473,0.001861,0.000245,0.003778,0.000171,0.000460,0.000415,0.000154,0.000226,0.000384,0.000163,0.000199,0.003902,0.000164
Butyricicoccus_pullicaecorum,0.000117,0.000143,0.000238,0.000674,0.000137,0.000413,0.000126,0.000301,0.000575,0.000120,0.000393,0.000392,0.000520,0.000493,0.000154,0.000216,0.000104,0.000232,0.000669,0.000138,0.000624,0.000104,0.000208,0.000190,0.000094,0.000133,0.000190,0.000098,0.000121,0.000446,0.000098
Clostridiaceae_bacterium_JC118,0.000122,0.000144,0.000235,0.000022,0.000138,0.000264,0.000133,0.000277,0.000010,0.000132,0.000122,0.000255,0.000111,0.000079,0.000175,0.000199,0.000110,0.000227,0.000011,0.000145,0.000038,0.000107,0.000216,0.000187,0.000097,0.000139,0.000191,0.000102,0.000125,0.000069,0.000106
Clostridium_asparagiforme,0.000165,0.000206,0.000429,0.000333,0.000192,0.000974,0.000182,0.000597,0.000111,0.000176,0.000886,0.000926,0.000952,0.000855,0.000228,0.000313,0.000147,0.000350,0.000183,0.000202,0.000526,0.000145,0.000342,0.000298,0.000131,0.000191,0.000293,0.000138,0.000171,0.000782,0.000142
Clostridium_bolteae,0.002053,0.002707,0.006642,0.006230,0.002496,0.017547,0.002280,0.009898,0.002032,0.002269,0.017999,0.016832,0.018108,0.017493,0.003098,0.004347,0.001858,0.005037,0.003302,0.002657,0.010301,0.001797,0.004890,0.004679,0.001634,0.002420,0.004184,0.001710,0.002112,0.016378,0.001742
Clostridium_butyricum,0.000015,0.000021,0.000063,0.003241,0.000019,0.000279,0.000017,0.000101,0.002155,0.000017,0.000800,0.000277,0.001344,0.001848,0.000024,0.000039,0.000013,0.000045,0.002886,0.000021,0.003103,0.000013,0.000042,0.000038,0.000011,0.000018,0.000035,0.000012,0.000016,0.001693,0.000012
Clostridium_clostridioforme,0.000502,0.000666,0.001706,0.019006,0.000598,0.006659,0.000555,0.002643,0.008026,0.000537,0.017567,0.006781,0.021542,0.031021,0.000703,0.001016,0.000456,0.001161,0.011802,0.000642,0.027700,0.000448,0.001163,0.001073,0.000399,0.000590,0.000997,0.000427,0.000529,0.030259,0.000442
Clostridium_hathewayi,0.000177,0.000227,0.000432,0.000999,0.000208,0.000929,0.000193,0.000563,0.000578,0.000185,0.001027,0.000862,0.001221,0.001252,0.000227,0.000323,0.000162,0.000338,0.000781,0.000216,0.001182,0.000163,0.000340,0.000311,0.000147,0.000202,0.000304,0.000155,0.000188,0.001136,0.000157
Clostridium_leptum,0.005018,0.005523,0.006859,0.000503,0.005374,0.006136,0.005263,0.007145,0.000177,0.005224,0.003014,0.005948,0.002573,0.001906,0.006056,0.006236,0.004768,0.006772,0.000268,0.005469,0.000863,0.004687,0.006778,0.006293,0.004429,0.005350,0.006377,0.004601,0.005121,0.001752,0.004661
Clostridium_nexile,0.001481,0.001800,0.003620,0.038929,0.001710,0.011163,0.001623,0.004979,0.023067,0.001608,0.024260,0.010741,0.030411,0.039728,0.001922,0.002625,0.001365,0.002761,0.030887,0.001774,0.045036,0.001355,0.002728,0.002584,0.001269,0.001665,0.002421,0.001322,0.001514,0.037800,0.001312
Clostridium_perfringens,0.000029,0.000039,0.000084,0.008252,0.000036,0.000378,0.000033,0.000125,0.017223,0.000032,0.000739,0.000333,0.001391,0.001498,0.000039,0.000061,0.000027,0.000063,0.014678,0.000037,0.004465,0.000027,0.000062,0.000058,0.000025,0.000034,0.000054,0.000026,0.000031,0.001374,0.000026
Clostridium_scindens,0.000109,0.000151,0.000379,0.001479,0.000139,0.001218,0.000125,0.000530,0.000607,0.000123,0.001795,0.001142,0.002147,0.002341,0.000168,0.000257,0.000095,0.000290,0.000951,0.000146,0.001993,0.000093,0.000274,0.000257,0.000081,0.000133,0.000233,0.000088,0.000114,0.002188,0.000090
Clostridium_sp_KLE_1755,0.000516,0.000625,0.001085,0.011796,0.000590,0.002526,0.000546,0.001432,0.012555,0.000528,0.003448,0.002320,0.005051,0.005563,0.000632,0.000901,0.000484,0.000918,0.013507,0.000602,0.009454,0.000484,0.000877,0.000835,0.000453,0.000569,0.000804,0.000466,0.000539,0.005138,0.000469
Clostridium_sp_L2_50,0.001930,0.001632,0.000633,0.000010,0.001693,0.000083,0.001771,0.000374,0.000010,0.001694,0.000013,0.000089,0.000010,0.000010,0.001519,0.001088,0.001955,0.001060,0.000010,0.001588,0.000010,0.002000,0.000972,0.000904,0.001999,0.001752,0.001137,0.001977,0.001948,0.000010,0.001968
Clostridium_symbiosum,0.000532,0.000649,0.001270,0.006256,0.000617,0.003344,0.000573,0.001706,0.003514,0.000566,0.005652,0.003293,0.006845,0.008110,0.000694,0.000929,0.000489,0.001023,0.004754,0.000630,0.007716,0.000482,0.000982,0.000927,0.000450,0.000597,0.000879,0.000464,0.000548,0.007483,0.000468
Clostridiales_bacterium_1_7_47FAA,0.000108,0.000141,0.000281,0.000330,0.000128,0.000594,0.000119,0.000371,0.000128,0.000116,0.000577,0.000570,0.000657,0.000611,0.000147,0.000201,0.000099,0.000218,0.000203,0.000135,0.000464,0.000098,0.000213,0.000203,0.000088,0.000125,0.000193,0.000094,0.000114,0.000547,0.000096
Flavonifractor_plautii,0.000423,0.000540,0.001088,0.000646,0.000504,0.002140,0.000468,0.001384,0.000290,0.000453,0.001854,0.002044,0.001826,0.001592,0.000561,0.000807,0.000384,0.000871,0.000416,0.000526,0.000966,0.000383,0.000829,0.000784,0.000350,0.000488,0.000747,0.000366,0.000443,0.001446,0.000366
Eubacterium_eligens,0.006481,0.006820,0.007912,0.004922,0.006788,0.008858,0.006696,0.008489,0.002899,0.006595,0.007162,0.008585,0.007350,0.006892,0.007140,0.007646,0.006191,0.007912,0.003720,0.006832,0.005932,0.006168,0.007666,0.007360,0.005985,0.006758,0.007444,0.006049,0.006510,0.006525,0.006032
Eubacterium_hallii,0.017858,0.016981,0.012693,0.000764,0.016747,0.006116,0.017355,0.010438,0.000397,0.017113,0.003120,0.006287,0.002515,0.001915,0.016527,0.013779,0.017960,0.013733,0.000512,0.016658,0.001076,0.018144,0.014032,0.013589,0.018009,0.017186,0.014816,0.018122,0.018054,0.001816,0.018408
Eubacterium_ramulus,0.003608,0.003798,0.004359,0.000353,0.003732,0.003385,0.003761,0.004367,0.000149,0.003674,0.001632,0.003325,0.001405,0.001089,0.004248,0.004225,0.003473,0.004376,0.000215,0.003853,0.000557,0.003430,0.004405,0.004035,0.003245,0.003804,0.004241,0.003373,0.003693,0.000981,0.003446
Eubacterium_rectale,0.139664,0.098225,0.033717,0.005602,0.108725,0.007952,0.121099,0.020357,0.004784,0.119042,0.006436,0.009208,0.005787,0.006264,0.084929,0.053016,0.156404,0.047075,0.005064,0.099470,0.005865,0.161586,0.047970,0.045953,0.177127,0.113289,0.058177,0.169340,0.136152,0.006149,0.165676
Eubacterium_siraeum,0.012157,0.012075,0.011553,0.000177,0.012317,0.006043,0.012425,0.010329,0.000080,0.012307,0.001627,0.005911,0.001232,0.000679,0.013414,0.012653,0.011839,0.013094,0.000108,0.012436,0.000275,0.011610,0.012921,0.011913,0.011262,0.012502,0.012752,0.011485,0.012225,0.000617,0.011683
Eubacterium_sp_3_1_31,0.001634,0.002061,0.004685,0.014950,0.001996,0.014509,0.001813,0.006763,0.007439,0.001790,0.017485,0.013483,0.020134,0.022023,0.002333,0.003404,0.001478,0.003801,0.010502,0.002060,0.019492,0.001432,0.003558,0.003416,0.001330,0.001893,0.003075,0.001387,0.001664,0.020557,0.001370
Eubacterium_ventriosum,0.002344,0.002090,0.001076,0.000017,0.002136,0.000222,0.002233,0.000683,0.000010,0.002116,0.000066,0.000242,0.000055,0.000037,0.001907,0.001555,0.002365,0.001449,0.000011,0.002024,0.000022,0.002443,0.001406,0.001257,0.002408,0.002190,0.001575,0.002437,0.002404,0.000032,0.002408
Anaerostipes_caccae,0.000042,0.000051,0.000103,0.000124,0.000048,0.000270,0.000045,0.000153,0.000052,0.000044,0.000247,0.000247,0.000285,0.000260,0.000058,0.000074,0.000038,0.000084,0.000080,0.000049,0.000178,0.000037,0.000084,0.000072,0.000033,0.000047,0.000071,0.000035,0.000043,0.000233,0.000036
Anaerostipes_hadrus,0.002363,0.002063,0.001069,0.000054,0.002134,0.000285,0.002256,0.000740,0.000031,0.002166,0.000122,0.000306,0.000110,0.000088,0.001945,0.001507,0.002408,0.001417,0.000041,0.002024,0.000065,0.002496,0.001400,0.001286,0.002519,0.002194,0.001572,0.002501,0.002405,0.000081,0.002469
Anaerostipes_unclassified,0.000593,0.000808,0.001844,0.001393,0.000721,0.004694,0.000657,0.002677,0.000468,0.000648,0.004183,0.004427,0.004306,0.003783,0.000885,0.001249,0.000531,0.001461,0.000763,0.000761,0.002238,0.000519,0.001383,0.001315,0.000460,0.000700,0.001197,0.000493,0.000622,0.003406,0.000506
Blautia_hansenii,0.000064,0.000073,0.000110,0.000094,0.000070,0.000155,0.000069,0.000133,0.000042,0.000068,0.000143,0.000158,0.000163,0.000154,0.000081,0.000092,0.000060,0.000097,0.000063,0.000073,0.000123,0.000060,0.000096,0.000085,0.000055,0.000070,0.000089,0.000058,0.000066,0.000140,0.000059
Blautia_hydrogenotrophica,0.001182,0.001357,0.002019,0.000505,0.001261,0.002592,0.001237,0.002297,0.000153,0.001197,0.002069,0.002626,0.001900,0.001679,0.001442,0.001572,0.001118,0.001782,0.000253,0.001321,0.000867,0.001098,0.001779,0.001599,0.001009,0.001287,0.001631,0.001062,0.001217,0.001548,0.001097
Blautia_producta,0.000170,0.000230,0.000547,0.002360,0.000210,0.001435,0.000195,0.000788,0.001035,0.000189,0.002004,0.001357,0.002523,0.002802,0.000253,0.000380,0.000151,0.000412,0.001607,0.000223,0.002841,0.000150,0.000402,0.000361,0.000134,0.000203,0.000346,0.000143,0.000179,0.002587,0.000143
Ruminococcus_gnavus,0.011703,0.013728,0.021754,0.156533,0.013194,0.042883,0.012403,0.026940,0.230143,0.012092,0.050690,0.040267,0.065072,0.066216,0.013520,0.017786,0.011170,0.018116,0.213693,0.013471,0.113936,0.011197,0.018229,0.017730,0.010675,0.012730,0.016888,0.010953,0.012093,0.062777,0.010947
Ruminococcus_obeum,0.011752,0.011097,0.008706,0.001167,0.011224,0.004333,0.011590,0.007319,0.000461,0.011237,0.003134,0.004831,0.002848,0.002715,0.011261,0.009991,0.011676,0.009993,0.000684,0.011205,0.001699,0.011605,0.009818,0.008953,0.011277,0.011526,0.010098,0.011544,0.011845,0.002587,0.011650
Ruminococcus_torques,0.018485,0.020973,0.028106,0.008741,0.020105,0.031464,0.019439,0.030429,0.005851,0.019542,0.021718,0.030624,0.019939,0.016196,0.023021,0.024179,0.017754,0.025880,0.006892,0.020765,0.010903,0.017388,0.026108,0.025524,0.016523,0.019868,0.024840,0.016966,0.018807,0.015437,0.017425
Coprococcus_catus,0.001802,0.001623,0.000938,0.000010,0.001647,0.000225,0.001716,0.000690,0.000010,0.001681,0.000044,0.000235,0.000033,0.000018,0.001611,0.001244,0.001775,0.001318,0.000010,0.001581,0.000010,0.001799,0.001243,0.001148,0.001798,0.001705,0.001340,0.001796,0.001797,0.000016,0.001785
Coprococcus_comes,0.008890,0.009869,0.010959,0.000780,0.009167,0.009764,0.009026,0.011474,0.000255,0.008801,0.005428,0.009869,0.004272,0.003317,0.009227,0.009885,0.008635,0.010029,0.000402,0.009267,0.001427,0.008689,0.010166,0.009853,0.008215,0.009178,0.010226,0.008508,0.009249,0.003088,0.008757
Coprococcus_sp_ART55_1,0.005423,0.004084,0.001531,0.000010,0.004594,0.000199,0.005075,0.000862,0.000010,0.005065,0.000025,0.000196,0.000016,0.000010,0.004408,0.002814,0.005614,0.002608,0.000010,0.004363,0.000010,0.005667,0.002494,0.002288,0.005938,0.004804,0.002870,0.005814,0.005267,0.000010,0.005741
Dorea_formicigenerans,0.008223,0.007723,0.005242,0.000596,0.007702,0.002224,0.007888,0.004175,0.000469,0.007718,0.001049,0.002340,0.000982,0.000791,0.007187,0.006109,0.008317,0.006089,0.000519,0.007506,0.000649,0.008475,0.006196,0.005856,0.008418,0.007830,0.006549,0.008451,0.008385,0.000746,0.008464
Dorea_longicatena,0.018354,0.016582,0.011084,0.000641,0.017371,0.003583,0.017994,0.008242,0.000387,0.017565,0.001701,0.003807,0.001464,0.001198,0.017716,0.014486,0.018334,0.014612,0.000473,0.017041,0.000800,0.018272,0.014006,0.012671,0.018197,0.017807,0.014650,0.018249,0.018306,0.001126,0.018177
Dorea_unclassified,0.000103,0.000132,0.000270,0.000156,0.000121,0.000566,0.000111,0.000378,0.000067,0.000109,0.000418,0.000538,0.000450,0.000356,0.000143,0.000197,0.000092,0.000226,0.000099,0.000125,0.000225,0.000091,0.000216,0.000196,0.000082,0.000119,0.000188,0.000086,0.000108,0.000320,0.000088
Lachnospiraceae_bacterium_1_1_57FAA,0.010391,0.010024,0.008295,0.000266,0.010309,0.004621,0.010266,0.007480,0.000124,0.010044,0.001527,0.004635,0.001246,0.000814,0.010192,0.009690,0.010192,0.009942,0.000169,0.010039,0.000396,0.010171,0.009571,0.008939,0.010024,0.010314,0.009569,0.010142,0.010401,0.000727,0.010105
Lachnospiraceae_bacterium_1_4_56FAA,0.000922,0.001065,0.001582,0.000133,0.001011,0.001750,0.000987,0.001786,0.000034,0.000986,0.000938,0.001680,0.000795,0.000601,0.001192,0.001323,0.000863,0.001423,0.000061,0.001054,0.000257,0.000851,0.001418,0.001333,0.000794,0.001006,0.001329,0.000831,0.000948,0.000546,0.000847
Lachnospiraceae_bacterium_2_1_58FAA,0.000784,0.000986,0.001759,0.001507,0.000903,0.003202,0.000841,0.002153,0.000482,0.000821,0.004017,0.003224,0.003926,0.004205,0.001003,0.001262,0.000723,0.001416,0.000793,0.000937,0.002542,0.000720,0.001399,0.001344,0.000659,0.000882,0.001285,0.000686,0.000824,0.003994,0.000695
Lachnospiraceae_bacterium_3_1_46FAA,0.001705,0.001659,0.001631,0.000355,0.001679,0.001203,0.001690,0.001448,0.000156,0.001634,0.000928,0.001253,0.000872,0.000768,0.001618,0.001604,0.001706,0.001610,0.000227,0.001664,0.000503,0.001703,0.001610,0.001509,0.001678,0.001677,0.001630,0.001713,0.001723,0.000720,0.001702
Lachnospiraceae_bacterium_3_1_57FAA_CT1,0.000193,0.000241,0.000468,0.001171,0.000222,0.000992,0.000210,0.000581,0.000470,0.000206,0.001370,0.000971,0.001625,0.001755,0.000252,0.000332,0.000177,0.000359,0.000733,0.000231,0.001543,0.000176,0.000361,0.000334,0.000160,0.000219,0.000322,0.000169,0.000202,0.001671,0.000172
Lachnospiraceae_bacterium_4_1_37FAA,0.000087,0.000117,0.000271,0.000185,0.000106,0.000594,0.000098,0.000367,0.000060,0.000096,0.000533,0.000564,0.000559,0.000495,0.000126,0.000185,0.000077,0.000206,0.000102,0.000113,0.000295,0.000076,0.000197,0.000183,0.000068,0.000103,0.000173,0.000073,0.000091,0.000449,0.000073
Lachnospiraceae_bacterium_5_1_57FAA,0.000565,0.000701,0.001346,0.003205,0.000653,0.003369,0.000608,0.001948,0.001361,0.000602,0.004359,0.003287,0.004892,0.005498,0.000744,0.000969,0.000519,0.001096,0.002028,0.000677,0.004486,0.000512,0.001056,0.001012,0.000478,0.000639,0.000949,0.000490,0.000582,0.005148,0.000497
Lachnospiraceae_bacterium_5_1_63FAA,0.003526,0.003523,0.003836,0.002757,0.003569,0.003568,0.003561,0.003687,0.001924,0.003444,0.003327,0.003609,0.003494,0.003319,0.003454,0.003737,0.003492,0.003606,0.002278,0.003551,0.003054,0.003528,0.003664,0.003381,0.003479,0.003537,0.003581,0.003548,0.003560,0.003174,0.003487
Lachnospiraceae_bacterium_6_1_63FAA,0.000133,0.000162,0.000305,0.001106,0.000158,0.000639,0.000146,0.000398,0.001168,0.000143,0.000550,0.000599,0.000756,0.000660,0.000178,0.000254,0.000119,0.000274,0.001282,0.000159,0.000914,0.000118,0.000261,0.000231,0.000110,0.000152,0.000223,0.000114,0.000136,0.000588,0.000114
Lachnospiraceae_bacterium_7_1_58FAA,0.000446,0.000570,0.001013,0.000099,0.000538,0.001272,0.000497,0.001193,0.000031,0.000474,0.000579,0.001216,0.000519,0.000359,0.000598,0.000845,0.000403,0.000912,0.000052,0.000556,0.000167,0.000400,0.000847,0.000775,0.000358,0.000518,0.000769,0.000383,0.000469,0.000321,0.000381
Lachnospiraceae_bacterium_8_1_57FAA,0.001162,0.001149,0.001173,0.001999,0.001133,0.001194,0.001152,0.001184,0.001179,0.001114,0.001601,0.001263,0.001892,0.002136,0.001153,0.001151,0.001142,0.001179,0.001550,0.001125,0.002210,0.001147,0.001162,0.001033,0.001117,0.001162,0.001136,0.001133,0.001186,0.002011,0.001153
Lachnospiraceae_bacterium_9_1_43BFAA,0.000131,0.000161,0.000287,0.000993,0.000149,0.000590,0.000143,0.000374,0.000567,0.000140,0.000770,0.000577,0.000970,0.001089,0.000168,0.000228,0.000120,0.000235,0.000761,0.000154,0.001141,0.000120,0.000229,0.000211,0.000111,0.000147,0.000209,0.000117,0.000136,0.000994,0.000117
Roseburia_hominis,0.004082,0.003439,0.001833,0.000028,0.003648,0.000472,0.003894,0.001231,0.000017,0.003769,0.000133,0.000504,0.000108,0.000066,0.003282,0.002716,0.004043,0.002559,0.000021,0.003453,0.000036,0.004169,0.002473,0.002243,0.004230,0.003773,0.002678,0.004221,0.004051,0.000058,0.004142
Roseburia_intestinalis,0.014105,0.014078,0.013543,0.004064,0.014195,0.012498,0.014226,0.013735,0.002461,0.014122,0.008658,0.012368,0.008154,0.007672,0.014270,0.014634,0.013636,0.015067,0.003070,0.014023,0.005318,0.013741,0.014100,0.013823,0.013690,0.014235,0.014165,0.013649,0.014063,0.007131,0.013469
Roseburia_inulinivorans,0.005079,0.005504,0.007008,0.007930,0.005373,0.008466,0.005159,0.007300,0.003946,0.004921,0.009914,0.008548,0.010687,0.011413,0.005124,0.006141,0.004934,0.006180,0.005517,0.005338,0.010050,0.004986,0.006252,0.005873,0.004812,0.005266,0.006026,0.004904,0.005237,0.011017,0.004848
Roseburia_unclassified,0.002407,0.002494,0.001994,0.000340,0.002444,0.000890,0.002428,0.001681,0.000272,0.002364,0.000484,0.000959,0.000476,0.000387,0.002500,0.002312,0.002322,0.002413,0.000315,0.002449,0.000345,0.002329,0.002279,0.002151,0.002222,0.002472,0.002357,0.002267,0.002466,0.000358,0.002279
Oscillibacter_sp_KLE_1728,0.001497,0.001355,0.000857,0.000010,0.001396,0.000189,0.001468,0.000598,0.000010,0.001400,0.000039,0.000198,0.000030,0.000017,0.001396,0.001163,0.001484,0.001141,0.000010,0.001380,0.000010,0.001498,0.001120,0.000972,0.001456,0.001457,0.001180,0.001486,0.001522,0.000015,0.001500
Oscillibacter_sp_KLE_1745,0.000867,0.000955,0.001406,0.001952,0.000919,0.002246,0.000905,0.001673,0.001220,0.000893,0.002197,0.002128,0.002505,0.002355,0.001009,0.001140,0.000823,0.001191,0.001568,0.000945,0.002205,0.000819,0.001233,0.001116,0.000772,0.000922,0.001125,0.000807,0.000884,0.002212,0.000823
Oscillibacter_unclassified,0.004977,0.005687,0.007156,0.000422,0.005432,0.006365,0.005325,0.007607,0.000135,0.005283,0.003062,0.006317,0.002543,0.001722,0.006013,0.006812,0.004637,0.007108,0.000212,0.005616,0.000732,0.004663,0.006853,0.006559,0.004393,0.005392,0.006532,0.004569,0.005103,0.001581,0.004561
Clostridium_bartlettii,0.000891,0.000973,0.001289,0.003306,0.000937,0.001733,0.000918,0.001441,0.002774,0.000889,0.002020,0.001722,0.002447,0.002666,0.000998,0.001083,0.000860,0.001149,0.003200,0.000959,0.003214,0.000852,0.001162,0.001062,0.000799,0.000942,0.001095,0.000837,0.000909,0.002504,0.000857
Clostridium_difficile,0.000205,0.000251,0.000382,0.000916,0.000231,0.000555,0.000217,0.000420,0.000518,0.000205,0.000776,0.000562,0.000915,0.001059,0.000232,0.000301,0.000191,0.000305,0.000703,0.000237,0.001071,0.000193,0.000310,0.000284,0.000175,0.000225,0.000294,0.000186,0.000218,0.000980,0.000189
Peptostreptococcaceae_noname_unclassified,0.000613,0.000625,0.000542,0.000925,0.000617,0.000418,0.000616,0.000493,0.001159,0.000580,0.000315,0.000411,0.000417,0.000394,0.000557,0.000626,0.000596,0.000596,0.001220,0.000601,0.000661,0.000619,0.000576,0.000521,0.000601,0.000619,0.000584,0.000606,0.000634,0.000356,0.000600
Anaerotruncus_colihominis,0.000187,0.000238,0.000432,0.000049,0.000218,0.000658,0.000204,0.000539,0.000018,0.000199,0.000298,0.000604,0.000273,0.000196,0.000261,0.000332,0.000169,0.000376,0.000027,0.000228,0.000087,0.000166,0.000362,0.000334,0.000149,0.000215,0.000325,0.000158,0.000196,0.000171,0.000163
Anaerotruncus_unclassified,0.000256,0.000276,0.000246,0.000014,0.000264,0.000148,0.000259,0.000221,0.000010,0.000245,0.000052,0.000146,0.000048,0.000030,0.000247,0.000270,0.000247,0.000266,0.000010,0.000260,0.000018,0.000255,0.000249,0.000238,0.000243,0.000261,0.000262,0.000248,0.000267,0.000026,0.000243
Faecalibacterium_prausnitzii,0.088572,0.071801,0.036441,0.002275,0.078187,0.009810,0.086160,0.026437,0.002167,0.087804,0.004023,0.010267,0.003559,0.002808,0.080661,0.057540,0.090311,0.053484,0.002211,0.076841,0.002271,0.091242,0.053022,0.049140,0.094870,0.082501,0.057015,0.092874,0.086095,0.002689,0.092844
Ruminococcaceae_bacterium_D16,0.000986,0.001146,0.001832,0.000156,0.001125,0.002392,0.001058,0.002017,0.000038,0.001035,0.001380,0.002300,0.001144,0.000805,0.001224,0.001562,0.000916,0.001643,0.000068,0.001136,0.000305,0.000895,0.001563,0.001480,0.000836,0.001084,0.001446,0.000874,0.001004,0.000736,0.000866
Ruminococcus_bromii,0.031906,0.029851,0.019555,0.000380,0.030182,0.007485,0.030779,0.015807,0.000194,0.030538,0.002299,0.007423,0.001724,0.001158,0.029528,0.024943,0.031458,0.025336,0.000250,0.029686,0.000549,0.031680,0.023777,0.023807,0.031567,0.030723,0.025817,0.031383,0.031866,0.001072,0.031315
Ruminococcus_callidus,0.002521,0.001972,0.000780,0.000010,0.002123,0.000097,0.002330,0.000478,0.000010,0.002281,0.000012,0.000102,0.000010,0.000010,0.002074,0.001369,0.002556,0.001324,0.000010,0.002013,0.000010,0.002599,0.001261,0.001093,0.002663,0.002270,0.001410,0.002598,0.002492,0.000010,0.002597
Ruminococcus_lactaris,0.004677,0.004494,0.003749,0.000084,0.004665,0.001533,0.004703,0.003108,0.000042,0.004569,0.000441,0.001566,0.000361,0.000223,0.004883,0.004558,0.004526,0.004664,0.000058,0.004550,0.000115,0.004512,0.004423,0.004036,0.004457,0.004702,0.004435,0.004477,0.004674,0.000197,0.004397
Ruminococcus_sp_5_1_39BFAA,0.041071,0.043636,0.046339,0.012276,0.041983,0.047041,0.041528,0.047608,0.005712,0.040999,0.044808,0.047409,0.037580,0.037997,0.042620,0.041711,0.040272,0.043299,0.007538,0.042549,0.020476,0.040410,0.043652,0.043839,0.039154,0.041984,0.044492,0.039712,0.041978,0.036994,0.039965
Subdoligranulum_sp_4_3_54A2FAA,0.001873,0.002073,0.002489,0.000145,0.001988,0.002525,0.001929,0.002650,0.000061,0.001873,0.001006,0.002449,0.000846,0.000527,0.002028,0.002326,0.001785,0.002461,0.000087,0.002006,0.000233,0.001793,0.002338,0.002210,0.001698,0.001972,0.002257,0.001753,0.001926,0.000473,0.001758
Subdoligranulum_unclassified,0.051044,0.051025,0.049840,0.002264,0.050199,0.027398,0.050728,0.044929,0.000936,0.050001,0.013398,0.029511,0.010668,0.008024,0.052007,0.050767,0.049713,0.052438,0.001295,0.050499,0.003727,0.049207,0.051267,0.048364,0.047448,0.051372,0.050976,0.048774,0.051248,0.007514,0.049690
Catenibacterium_mitsuokai,0.000618,0.000551,0.000295,0.000010,0.000573,0.000061,0.000607,0.000196,0.000010,0.000581,0.000010,0.000061,0.000010,0.000010,0.000562,0.000460,0.000606,0.000435,0.000010,0.000552,0.000010,0.000623,0.000419,0.000355,0.000607,0.000592,0.000445,0.000622,0.000629,0.000010,0.000617
Coprobacillus_unclassified,0.001118,0.001404,0.003013,0.004821,0.001329,0.009065,0.001235,0.004572,0.002118,0.001246,0.010305,0.008214,0.010695,0.010900,0.001645,0.002112,0.001024,0.002410,0.003095,0.001399,0.007187,0.000995,0.002338,0.002278,0.000931,0.001288,0.002052,0.000959,0.001136,0.010295,0.000962
Clostridium_ramosum,0.000508,0.000614,0.001077,0.003084,0.000587,0.002253,0.000551,0.001343,0.002267,0.000528,0.002693,0.002135,0.003338,0.003285,0.000624,0.000869,0.000469,0.000897,0.002746,0.000602,0.003354,0.000472,0.000871,0.000815,0.000438,0.000569,0.000794,0.000454,0.000528,0.003019,0.000450
Clostridium_spiroforme,0.000194,0.000230,0.000354,0.000086,0.000219,0.000427,0.000206,0.000393,0.000040,0.000198,0.000236,0.000414,0.000237,0.000184,0.000239,0.000294,0.000179,0.000328,0.000058,0.000225,0.000119,0.000176,0.000306,0.000289,0.000162,0.000215,0.000287,0.000169,0.000200,0.000163,0.000170
Erysipelotrichaceae_bacterium_21_3,0.000097,0.000123,0.000275,0.003594,0.000118,0.000772,0.000109,0.000374,0.003223,0.000106,0.001042,0.000691,0.001571,0.001702,0.000146,0.000210,0.000087,0.000226,0.003834,0.000123,0.002954,0.000084,0.000218,0.000194,0.000076,0.000114,0.000184,0.000081,0.000100,0.001554,0.000082
Erysipelotrichaceae_bacterium_2_2_44A,0.000047,0.000059,0.000116,0.000411,0.000055,0.000243,0.000052,0.000156,0.000210,0.000050,0.000361,0.000246,0.000457,0.000517,0.000066,0.000091,0.000042,0.000097,0.000301,0.000057,0.000498,0.000042,0.000090,0.000081,0.000038,0.000054,0.000081,0.000040,0.000049,0.000469,0.000040
Erysipelotrichaceae_bacterium_3_1_53,0.000131,0.000154,0.000206,0.000033,0.000146,0.000206,0.000140,0.000225,0.000014,0.000136,0.000101,0.000195,0.000103,0.000077,0.000166,0.000195,0.000122,0.000205,0.000020,0.000150,0.000047,0.000121,0.000196,0.000182,0.000112,0.000145,0.000185,0.000116,0.000137,0.000068,0.000117
Erysipelotrichaceae_bacterium_5_2_54FAA,0.000454,0.000476,0.000557,0.001315,0.000473,0.000570,0.000466,0.000554,0.001556,0.000440,0.000521,0.000569,0.000657,0.000608,0.000456,0.000556,0.000434,0.000540,0.001653,0.000469,0.000962,0.000446,0.000520,0.000471,0.000430,0.000471,0.000508,0.000438,0.000470,0.000551,0.000429
Erysipelotrichaceae_bacterium_6_1_45,0.000128,0.000154,0.000279,0.000089,0.000146,0.000421,0.000140,0.000346,0.000032,0.000137,0.000282,0.000402,0.000278,0.000227,0.000177,0.000225,0.000114,0.000252,0.000051,0.000152,0.000134,0.000113,0.000237,0.000211,0.000104,0.000145,0.000210,0.000109,0.000132,0.000204,0.000109
Eubacterium_biforme,0.001379,0.001141,0.000534,0.000010,0.001203,0.000096,0.001310,0.000336,0.000010,0.001257,0.000017,0.000101,0.000011,0.000010,0.001097,0.000808,0.001408,0.000759,0.000010,0.001157,0.000010,0.001457,0.000756,0.000666,0.001468,0.001262,0.000841,0.001476,0.001395,0.000010,0.001462
Eubacterium_cylindroides,0.000775,0.000748,0.000498,0.000010,0.000735,0.000121,0.000753,0.000371,0.000010,0.000720,0.000021,0.000127,0.000015,0.000010,0.000710,0.000607,0.000761,0.000621,0.000010,0.000714,0.000010,0.000778,0.000604,0.000553,0.000760,0.000754,0.000649,0.000765,0.000797,0.000010,0.000771
Eubacterium_dolichum,0.000385,0.000440,0.000587,0.000111,0.000419,0.000511,0.000409,0.000593,0.000039,0.000392,0.000311,0.000522,0.000310,0.000260,0.000436,0.000547,0.000365,0.000555,0.000063,0.000428,0.000163,0.000369,0.000537,0.000485,0.000345,0.000416,0.000512,0.000360,0.000404,0.000232,0.000360
Holdemania_filiformis,0.000432,0.000496,0.000606,0.000819,0.000472,0.000668,0.000453,0.000624,0.000596,0.000434,0.000654,0.000680,0.000777,0.000758,0.000483,0.000591,0.000404,0.000597,0.000745,0.000469,0.000823,0.000408,0.000571,0.000511,0.000378,0.000466,0.000543,0.000396,0.000452,0.000695,0.000395
Holdemania_unclassified,0.000126,0.000150,0.000263,0.000025,0.000144,0.000361,0.000137,0.000327,0.000010,0.000135,0.000146,0.000335,0.000138,0.000088,0.000167,0.000207,0.000115,0.000227,0.000012,0.000149,0.000043,0.000114,0.000223,0.000202,0.000105,0.000141,0.000199,0.000111,0.000129,0.000077,0.000111
Turicibacter_unclassified,0.000126,0.000152,0.000242,0.000056,0.000143,0.000404,0.000135,0.000313,0.000021,0.000133,0.000195,0.000366,0.000201,0.000144,0.000165,0.000204,0.000115,0.000227,0.000034,0.000148,0.000083,0.000115,0.000212,0.000202,0.000106,0.000141,0.000194,0.000110,0.000129,0.000123,0.000111
Acidaminococcus_intestini,0.000626,0.000756,0.001371,0.000118,0.000704,0.001949,0.000679,0.001735,0.000036,0.000672,0.000991,0.001839,0.000828,0.000591,0.000893,0.001042,0.000570,0.001202,0.000059,0.000752,0.000229,0.000559,0.001158,0.001072,0.000509,0.000710,0.001038,0.000533,0.000646,0.000516,0.000550
Acidaminococcus_unclassified,0.003511,0.004141,0.007288,0.001115,0.003986,0.012358,0.003734,0.009049,0.000417,0.003653,0.007422,0.011701,0.006357,0.004682,0.004605,0.005510,0.003301,0.006340,0.000617,0.004159,0.002024,0.003197,0.006170,0.005768,0.002939,0.003914,0.005500,0.003104,0.003600,0.004281,0.003162
Phascolarctobacterium_succinatutens,0.000773,0.000745,0.000471,0.000010,0.000744,0.000123,0.000764,0.000341,0.000010,0.000741,0.000025,0.000127,0.000020,0.000011,0.000733,0.000650,0.000746,0.000643,0.000010,0.000722,0.000010,0.000759,0.000614,0.000544,0.000735,0.000763,0.000641,0.000747,0.000789,0.000010,0.000745
Dialister_invisus,0.030680,0.029365,0.024915,0.004596,0.029289,0.019868,0.029962,0.023915,0.002682,0.030176,0.014003,0.020615,0.012265,0.010293,0.029539,0.025664,0.030639,0.026678,0.003259,0.029277,0.006235,0.030583,0.026290,0.026103,0.030758,0.029870,0.027063,0.030652,0.030410,0.009811,0.030929
Megamonas_hypermegale,0.000776,0.000876,0.001102,0.000014,0.000868,0.000709,0.000835,0.001086,0.000010,0.000822,0.000183,0.000680,0.000135,0.000073,0.001040,0.001125,0.000705,0.001215,0.000010,0.000892,0.000026,0.000685,0.001119,0.001017,0.000625,0.000864,0.001065,0.000655,0.000791,0.000064,0.000664
Megamonas_unclassified,0.001972,0.002161,0.002453,0.000026,0.002098,0.001448,0.002066,0.002336,0.000011,0.002042,0.000315,0.001374,0.000243,0.000111,0.002367,0.002422,0.001876,0.002521,0.000015,0.002133,0.000041,0.001852,0.002537,0.002363,0.001752,0.002111,0.002432,0.001808,0.002011,0.000098,0.001835
Megasphaera_micronuciformis,0.000018,0.000025,0.000070,0.003793,0.000023,0.000371,0.000020,0.000117,0.001943,0.000020,0.001277,0.000366,0.001956,0.003058,0.000026,0.000043,0.000016,0.000049,0.002859,0.000024,0.004274,0.000016,0.000047,0.000043,0.000014,0.000022,0.000039,0.000015,0.000019,0.002938,0.000015
Megasphaera_unclassified,0.001562,0.002007,0.004899,0.001058,0.001839,0.011881,0.001734,0.007110,0.000226,0.001714,0.009587,0.011158,0.008075,0.006684,0.002256,0.003065,0.001428,0.003372,0.000418,0.001956,0.002379,0.001405,0.003543,0.003257,0.001283,0.001804,0.003022,0.001359,0.001621,0.006413,0.001381
Veillonella_atypica,0.000146,0.000190,0.000453,0.008894,0.000175,0.001574,0.000160,0.000648,0.006005,0.000155,0.004367,0.001582,0.005891,0.008282,0.000198,0.000281,0.000132,0.000317,0.007434,0.000183,0.009880,0.000129,0.000315,0.000292,0.000116,0.000169,0.000276,0.000123,0.000152,0.008022,0.000126
Veillonella_dispar,0.000083,0.000097,0.000149,0.000481,0.000092,0.000231,0.000086,0.000173,0.000314,0.000082,0.000274,0.000225,0.000359,0.000368,0.000096,0.000121,0.000078,0.000131,0.000425,0.000093,0.000462,0.000078,0.000128,0.000113,0.000072,0.000090,0.000117,0.000075,0.000087,0.000337,0.000076
Veillonella_parvula,0.000767,0.000958,0.001742,0.006296,0.000889,0.003998,0.000830,0.002345,0.003502,0.000803,0.005054,0.003655,0.006150,0.006655,0.001011,0.001323,0.000707,0.001441,0.004854,0.000933,0.007120,0.000702,0.001410,0.001325,0.000641,0.000869,0.001276,0.000671,0.000798,0.006251,0.000678
Veillonella_unclassified,0.002365,0.002201,0.001896,0.006569,0.002326,0.001493,0.002370,0.001714,0.008656,0.002293,0.001704,0.001517,0.002246,0.002509,0.002249,0.002220,0.002346,0.002137,0.008478,0.002252,0.004623,0.002398,0.002081,0.001851,0.002406,0.002328,0.002078,0.002405,0.002381,0.002325,0.002321
Fusobacterium_nucleatum,0.000423,0.000507,0.000897,0.005792,0.000493,0.001972,0.000462,0.001117,0.004685,0.000449,0.002676,0.001864,0.003665,0.004058,0.000525,0.000724,0.000394,0.000735,0.005611,0.000504,0.005538,0.000393,0.000734,0.000687,0.000371,0.000472,0.000666,0.000383,0.000439,0.003773,0.000378
Burkholderiales_bacterium_1_1_47,0.000607,0.000694,0.000937,0.000279,0.000672,0.000794,0.000654,0.000969,0.000156,0.000629,0.000485,0.000797,0.000499,0.000400,0.000766,0.000897,0.000557,0.000947,0.000216,0.000684,0.000321,0.000555,0.000902,0.000784,0.000512,0.000668,0.000826,0.000539,0.000625,0.000357,0.000537
Parasutterella_excrementihominis,0.000596,0.000666,0.000824,0.000306,0.000644,0.000903,0.000618,0.000896,0.000186,0.000609,0.000613,0.000884,0.000614,0.000526,0.000677,0.000746,0.000564,0.000796,0.000236,0.000645,0.000379,0.000567,0.000779,0.000741,0.000546,0.000630,0.000752,0.000554,0.000611,0.000483,0.000550
Sutterella_wadsworthensis,0.003015,0.003092,0.003310,0.000472,0.003117,0.002813,0.003164,0.003414,0.000208,0.003184,0.001662,0.002742,0.001500,0.001185,0.003533,0.003513,0.002875,0.003523,0.000295,0.003188,0.000683,0.002840,0.003473,0.003190,0.002729,0.003176,0.003352,0.002787,0.003029,0.001119,0.002835
Bilophila_unclassified,0.002359,0.002736,0.003192,0.001342,0.002625,0.003042,0.002495,0.003309,0.001000,0.002463,0.001747,0.002947,0.001856,0.001468,0.002827,0.003313,0.002197,0.003403,0.001210,0.002635,0.001358,0.002215,0.003193,0.003035,0.002081,0.002567,0.003066,0.002139,0.002441,0.001320,0.002124
Bilophila_wadsworthia,0.000274,0.000271,0.000282,0.000046,0.000278,0.000196,0.000281,0.000274,0.000020,0.000276,0.000107,0.000194,0.000106,0.000085,0.000306,0.000302,0.000261,0.000301,0.000031,0.000278,0.000059,0.000260,0.000294,0.000261,0.000250,0.000281,0.000286,0.000256,0.000275,0.000077,0.000257
Desulfovibrio_piger,0.000166,0.000165,0.000150,0.000010,0.000162,0.000086,0.000166,0.000125,0.000010,0.000159,0.000032,0.000088,0.000027,0.000017,0.000154,0.000152,0.000161,0.000151,0.000010,0.000160,0.000010,0.000164,0.000151,0.000135,0.000159,0.000164,0.000154,0.000163,0.000169,0.000015,0.000163
Citrobacter_unclassified,0.000081,0.000093,0.000177,0.000292,0.000092,0.000358,0.000088,0.000236,0.000120,0.000085,0.000407,0.000352,0.000474,0.000477,0.000110,0.000144,0.000073,0.000159,0.000185,0.000094,0.000388,0.000072,0.000151,0.000129,0.000067,0.000091,0.000130,0.000069,0.000082,0.000439,0.000069
Enterobacter_cloacae,0.000175,0.000257,0.000811,0.006199,0.000222,0.003396,0.000201,0.001317,0.001656,0.000195,0.008226,0.003433,0.009801,0.013854,0.000270,0.000429,0.000155,0.000494,0.003007,0.000242,0.010458,0.000153,0.000504,0.000464,0.000133,0.000215,0.000417,0.000145,0.000186,0.013422,0.000147
Escherichia_coli,0.002162,0.002705,0.006160,0.174955,0.002593,0.022827,0.002372,0.009236,0.297015,0.002339,0.035163,0.020443,0.053996,0.056483,0.002946,0.004560,0.001950,0.004893,0.267475,0.002662,0.114687,0.001928,0.004652,0.004399,0.001809,0.002490,0.003971,0.001850,0.002210,0.052488,0.001845
Escherichia_unclassified,0.000507,0.000711,0.001628,0.029872,0.000643,0.005484,0.000569,0.002391,0.034994,0.000557,0.008504,0.005098,0.012522,0.013725,0.000721,0.001191,0.000454,0.001311,0.036111,0.000668,0.023618,0.000451,0.001202,0.001195,0.000406,0.000606,0.001050,0.000427,0.000533,0.012846,0.000427
Klebsiella_oxytoca,0.000083,0.000105,0.000219,0.004719,0.000098,0.000751,0.000091,0.000319,0.004297,0.000089,0.001258,0.000674,0.001969,0.002425,0.000114,0.000166,0.000074,0.000182,0.004967,0.000101,0.004157,0.000074,0.000173,0.000159,0.000067,0.000096,0.000149,0.000070,0.000086,0.002242,0.000071
Klebsiella_pneumoniae,0.003333,0.003239,0.002501,0.003554,0.003294,0.001395,0.003319,0.002148,0.006375,0.003203,0.000938,0.001437,0.001214,0.001124,0.003212,0.003180,0.003251,0.003095,0.005556,0.003261,0.002191,0.003315,0.002902,0.002731,0.003250,0.003323,0.003024,0.003248,0.003390,0.001018,0.003242
Klebsiella_unclassified,0.000013,0.000019,0.000050,0.003460,0.000017,0.000236,0.000015,0.000080,0.003347,0.000014,0.000561,0.000212,0.000947,0.001277,0.000019,0.000032,0.000012,0.000033,0.003914,0.000018,0.002708,0.000012,0.000033,0.000031,0.000011,0.000016,0.000029,0.000011,0.000014,0.001166,0.000011
Proteus_mirabilis,0.000123,0.000152,0.000241,0.000608,0.000142,0.000325,0.000131,0.000260,0.000445,0.000124,0.000352,0.000327,0.000445,0.000448,0.000142,0.000192,0.000114,0.000200,0.000558,0.000143,0.000571,0.000116,0.000195,0.000181,0.000106,0.000136,0.000185,0.000111,0.000130,0.000410,0.000109
Haemophilus_parainfluenzae,0.000867,0.001130,0.002531,0.017359,0.001010,0.006911,0.000941,0.003421,0.006658,0.000908,0.016160,0.007056,0.019924,0.028392,0.001122,0.001596,0.000796,0.001787,0.010311,0.001068,0.025213,0.000790,0.001782,0.001657,0.000713,0.000991,0.001575,0.000758,0.000913,0.027410,0.000773
Akkermansia_muciniphila,0.033352,0.027107,0.016474,0.003188,0.028850,0.006954,0.031147,0.012785,0.002143,0.030547,0.005492,0.007556,0.004961,0.004841,0.026208,0.020073,0.034860,0.018839,0.002523,0.027851,0.003715,0.035214,0.019592,0.018330,0.036822,0.030029,0.021345,0.036066,0.032891,0.004756,0.036062
