clade_name	DRR062245_y	DRR062234_y	DRR062244_x	DRR062226_x	DRR062248_x	DRR062282_x	DRR062261_y	DRR062252_y	DRR062262_x	DRR062253_y	DRR062251_y	DRR062224_y	DRR062261_x	DRR062248_y	DRR062240_x	DRR062269_x	DRR062247_y	DRR062249_y	DRR062225_x	DRR062242_x	DRR062229_y	DRR062228_x	DRR062260_y	DRR062263_x	DRR062234_x	DRR062220_x	DRR062236_y
k__Bacteria|p__Actinobacteriota	0.304445	0.236503	0.06028	0.016637	0.517643	0.055764	0.142249	0.125486	0.188526	0.132193	0.258657	0.205084	0.157336	0.50496	0.219275	0.059764	0.120716	0.128393	0.358993	0.178625	0.533836	0.333029	0.146823	0.32403	0.246495	0.614226	0.062942
k__Bacteria|p__Bacteroidota	0.070366	0.2032	0.079949	0.009081	0.038387	0.050924	0.142927	0.18983	0.094702	0.168833	0.216294	0.08285	0.11612	0.037928	0.078317	0.44811	0.304002	0.16981	0.347898	0.092482	0.035498	0.387273	0.128593	0.057879	0.227507	0.029577	0.310663
k__Bacteria|p__Firmicutes	0.553258	0.486783	0.685386	0.111028	0.403575	0.609321	0.695284	0.674278	0.667789	0.657892	0.47379	0.682621	0.719681	0.413502	0.69404	0.437525	0.603932	0.680339	0.259102	0.71106	0.392042	0.250408	0.697509	0.580745	0.481569	0.343293	0.551179
k__Bacteria|p__Proteobacteria	0.030445	0.014856	0.151456	0.930402	0.027139	0.245837	0.020334	0.014787	0.022135	0.020455	0.014611	0.024175	0.020915	0.026873	0.022611	0.040393	0.014155	0.015384	0.03657	0.023509	0.026688	0.035824	0.018285	0.027741	0.014331	0.025794	0.042104
k__Bacteria|p__Actinobacteriota|c__Actinobacteria	0.275045	0.211777	0.055441	0.017302	0.495029	0.050206	0.128205	0.113311	0.181047	0.123141	0.232778	0.192214	0.142023	0.489275	0.20194	0.054114	0.105796	0.119862	0.36351	0.16558	0.521885	0.323646	0.134883	0.304013	0.221678	0.607358	0.056976
k__Bacteria|p__Firmicutes|c__Bacilli	0.162535	0.149644	0.60708	0.07307	0.192864	0.535943	0.140791	0.138191	0.153636	0.144332	0.155734	0.157053	0.143391	0.19206	0.16266	0.278993	0.153876	0.135593	0.199084	0.149295	0.198424	0.199924	0.142888	0.165263	0.15603	0.200607	0.320842
k__Bacteria|p__Bacteroidota|c__Bacteroidia	0.070414	0.192277	0.077089	0.007647	0.040631	0.049066	0.137777	0.191901	0.095283	0.161543	0.198499	0.080968	0.11543	0.041455	0.07762	0.451815	0.304093	0.173636	0.336176	0.091974	0.038798	0.373254	0.13383	0.060143	0.211975	0.030387	0.309397
k__Bacteria|p__Firmicutes|c__Clostridia	0.377841	0.248228	0.119294	0.018026	0.207299	0.101621	0.553205	0.533288	0.509003	0.516412	0.227272	0.524274	0.556012	0.214064	0.512716	0.122396	0.441339	0.539323	0.035456	0.540788	0.192732	0.032991	0.542044	0.390062	0.241331	0.146873	0.161591
k__Bacteria|p__Actinobacteriota|c__Coriobacteriia	0.013035	0.009627	0.00183	7.1e-05	0.007297	0.00122	0.016419	0.015132	0.015011	0.01732	0.009219	0.015677	0.016402	0.007454	0.015473	0.005465	0.017816	0.015136	0.001949	0.015756	0.006773	0.001984	0.016328	0.01232	0.009659	0.004613	0.005683
k__Bacteria|p__Proteobacteria|c__Gammaproteobacteria	0.027786	0.016587	0.150557	0.927909	0.0256	0.246484	0.019898	0.015206	0.021286	0.02111	0.016138	0.023776	0.020924	0.025345	0.02182	0.042895	0.01557	0.015545	0.03329	0.022901	0.025616	0.033795	0.019123	0.024639	0.016146	0.025611	0.043363
k__Bacteria|p__Firmicutes|c__Negativicutes	0.007901	0.02237	0.010716	0.004156	0.00405	0.010469	0.014194	0.01805	0.012849	0.014865	0.021993	0.011239	0.013351	0.004139	0.011094	0.012419	0.024107	0.018415	0.027033	0.011786	0.003886	0.026614	0.0152	0.00687	0.022453	0.00279	0.010586
k__Bacteria|p__Firmicutes|c__Negativicutes|o__Acidaminococcales	0.004313	0.002751	3.4e-05	1e-05	0.001607	2.5e-05	0.007111	0.006316	0.006522	0.006195	0.002524	0.006921	0.007393	0.001683	0.006664	5.5e-05	0.005322	0.006324	6.1e-05	0.007302	0.00147	4.6e-05	0.007113	0.004081	0.002629	0.000925	9.3e-05
k__Bacteria|p__Actinobacteriota|c__Actinobacteria|o__Actinomycetales	0.001075	0.00135	0.006652	0.004587	0.000517	0.008366	0.001808	0.001741	0.001512	0.002034	0.001227	0.001547	0.001739	0.000531	0.001377	0.002019	0.002251	0.001689	0.000466	0.001653	0.000498	0.000487	0.001823	0.000895	0.001306	0.000364	0.002246
k__Bacteria|p__Bacteroidota|c__Bacteroidia|o__Bacteroidales	0.069256	0.194262	0.081142	0.008877	0.03961	0.051384	0.138219	0.200154	0.094009	0.167465	0.195976	0.079693	0.118377	0.039347	0.079561	0.444211	0.301831	0.171424	0.336398	0.088568	0.037223	0.381909	0.127218	0.05782	0.21132	0.030661	0.308626
k__Bacteria|p__Actinobacteriota|c__Actinobacteria|o__Bifidobacteriales	0.27507	0.204074	0.043838	0.011878	0.501585	0.041503	0.119225	0.102896	0.158254	0.110814	0.230405	0.181125	0.136804	0.492032	0.195187	0.049345	0.095479	0.107507	0.34814	0.158284	0.521154	0.315239	0.124157	0.30346	0.212048	0.615411	0.049899
k__Bacteria|p__Proteobacteria|c__Gammaproteobacteria|o__Burkholderiales	0.011065	0.004937	0.002457	0.000443	0.004893	0.002711	0.012622	0.010606	0.014385	0.011896	0.004571	0.015138	0.013655	0.005071	0.014593	0.000927	0.008551	0.011029	0.000532	0.014162	0.00447	0.000474	0.013371	0.010203	0.004674	0.002844	0.001426
k__Bacteria|p__Firmicutes|c__Clostridia|o__Clostridiales	0.002492	0.000958	0.031332	0.009008	0.001922	0.039861	0.001913	0.001427	0.001949	0.002217	0.000875	0.002113	0.001847	0.001948	0.001872	0.004447	0.001743	0.001464	0.000976	0.001986	0.001895	0.00101	0.001784	0.002112	0.000943	0.001548	0.00598
k__Bacteria|p__Actinobacteriota|c__Coriobacteriia|o__Coriobacteriales	0.013212	0.009387	0.001951	6.7e-05	0.007024	0.001275	0.016529	0.015579	0.015081	0.017644	0.008843	0.015367	0.016282	0.007244	0.015059	0.005523	0.017998	0.015291	0.001955	0.015468	0.006514	0.001984	0.016086	0.012803	0.009337	0.00458	0.005751
k__Bacteria|p__Proteobacteria|c__Gammaproteobacteria|o__Enterobacterales	0.017549	0.008512	0.150634	0.937032	0.020099	0.235562	0.010262	0.007284	0.010524	0.011421	0.008784	0.012119	0.010264	0.02028	0.010867	0.040562	0.008553	0.007123	0.021329	0.011736	0.020887	0.021975	0.009889	0.015324	0.008825	0.020866	0.039402
k__Bacteria|p__Firmicutes|c__Bacilli|o__Erysipelotrichales	0.082399	0.017153	0.048301	0.006528	0.067408	0.050731	0.049814	0.031902	0.061743	0.048124	0.016162	0.072702	0.056158	0.067462	0.072222	0.015496	0.024907	0.034775	0.004192	0.064503	0.063304	0.003867	0.049471	0.081136	0.016677	0.051059	0.024492
k__Bacteria|p__Firmicutes|c__Clostridia|o__Lachnospirales	0.308297	0.143488	0.077251	0.010422	0.177842	0.063674	0.341484	0.313232	0.355445	0.308439	0.134762	0.402369	0.357023	0.184591	0.396905	0.098354	0.233933	0.297741	0.032232	0.391252	0.16408	0.031215	0.337596	0.332944	0.136924	0.120606	0.12253
k__Bacteria|p__Firmicutes|c__Bacilli|o__Lactobacillales	0.10145	0.140315	0.527304	0.075057	0.130651	0.453717	0.090859	0.090809	0.082401	0.104732	0.150649	0.081746	0.087453	0.127086	0.080591	0.252029	0.129922	0.086306	0.188016	0.082769	0.134302	0.19645	0.087721	0.092331	0.149824	0.142201	0.285105
k__Bacteria|p__Actinobacteriota|c__Actinobacteria|o__Micrococcales	0.002454	0.001878	0.003952	0.000166	0.000787	0.003412	0.005111	0.004673	0.004353	0.004943	0.001511	0.004877	0.005135	0.000833	0.004629	0.001743	0.004734	0.004694	0.000127	0.005079	0.000708	0.000128	0.005214	0.002392	0.00167	0.000393	0.002599
k__Bacteria|p__Firmicutes|c__Clostridia|o__Oscillospirales	0.077646	0.111697	0.00311	0.000237	0.029631	0.002486	0.17177	0.194975	0.143749	0.158314	0.097051	0.13824	0.167135	0.030942	0.133594	0.00674	0.199921	0.198802	0.003032	0.153883	0.026898	0.002659	0.184209	0.076094	0.102897	0.018124	0.00962
k__Bacteria|p__Proteobacteria|c__Gammaproteobacteria|o__Pasteurellales	2.5e-05	0.001161	1e-05	1e-05	1.3e-05	1e-05	5.7e-05	0.000141	4.2e-05	6.8e-05	0.001359	3.1e-05	4.6e-05	1.3e-05	3e-05	4.1e-05	0.0004	0.000114	0.010107	3.3e-05	1.3e-05	0.009116	6e-05	1.9e-05	0.001333	1e-05	1.9e-05
k__Bacteria|p__Firmicutes|c__Clostridia|o__Peptostreptococcales-Tissierellales	0.002278	0.007653	0.003309	0.000112	0.000591	0.00224	0.007955	0.011264	0.005264	0.008796	0.00628	0.004615	0.007087	0.000626	0.004529	0.010592	0.016827	0.010496	0.002139	0.005364	0.000519	0.002353	0.008115	0.002	0.006957	0.000282	0.008796
k__Bacteria|p__Firmicutes|c__Bacilli|o__Staphylococcales	0.000181	0.000592	0.002404	5.3e-05	5.9e-05	0.001463	0.000459	0.000531	0.000261	0.000649	0.00059	0.000236	0.000357	6e-05	0.000203	0.009973	0.00116	0.000482	0.002108	0.000281	5.4e-05	0.002736	0.000432	0.000121	0.000637	3.3e-05	0.005967
k__Bacteria|p__Firmicutes|c__Negativicutes|o__Veillonellales-Selenomonadales	0.003595	0.015945	0.011333	0.00387	0.002106	0.011443	0.007457	0.011564	0.005694	0.008775	0.016187	0.004636	0.006339	0.002114	0.004388	0.011104	0.019101	0.010262	0.029427	0.00511	0.002095	0.030668	0.00768	0.002821	0.017106	0.001769	0.009652
k__Bacteria|p__Firmicutes|c__Negativicutes|o__Acidaminococcales|f__Acidaminococcaceae	0.00465	0.002545	2.8e-05	1e-05	0.001786	1.9e-05	0.006418	0.006268	0.007128	0.005861	0.002305	0.007261	0.00691	0.00189	0.007145	6.6e-05	0.005139	0.006294	7.9e-05	0.006823	0.001599	6.3e-05	0.007089	0.004561	0.002439	0.000848	0.000104
k__Bacteria|p__Actinobacteriota|c__Actinobacteria|o__Actinomycetales|f__Actinomycetaceae	0.001117	0.001157	0.007298	0.004104	0.000493	0.009525	0.001887	0.001721	0.001622	0.002035	0.000984	0.001666	0.001762	0.000512	0.001513	0.00163	0.002379	0.001756	0.000604	0.001729	0.000472	0.000628	0.00183	0.000968	0.001089	0.00033	0.001997
k__Bacteria|p__Firmicutes|c__Clostridia|o__Peptostreptococcales-Tissierellales|f__Anaerovoracaceae	0.001193	0.004957	3.1e-05	1e-05	0.000394	2.1e-05	0.003893	0.006415	0.002559	0.004073	0.004457	0.00205	0.003371	0.000404	0.002039	0.0001	0.009947	0.005748	0.000158	0.002471	0.000362	0.000131	0.004134	0.000942	0.004741	0.00022	0.000127
k__Bacteria|p__Bacteroidota|c__Bacteroidia|o__Bacteroidales|f__Bacteroidaceae	0.05501	0.154038	0.069925	0.00368	0.029842	0.040848	0.098742	0.137281	0.077637	0.119201	0.153421	0.0667	0.084415	0.030366	0.062243	0.443799	0.20688	0.124878	0.306989	0.070484	0.028558	0.35076	0.099187	0.046366	0.161895	0.02113	0.295539
k__Bacteria|p__Actinobacteriota|c__Actinobacteria|o__Bifidobacteriales|f__Bifidobacteriaceae	0.268707	0.21337	0.044269	0.01293	0.498147	0.040582	0.119467	0.100993	0.166724	0.111205	0.247318	0.190287	0.142129	0.485261	0.210574	0.046408	0.093703	0.105348	0.356308	0.165739	0.518693	0.323074	0.127563	0.296803	0.219794	0.605495	0.048958
k__Bacteria|p__Firmicutes|c__Clostridia|o__Oscillospirales|f__Butyricicoccaceae	0.001696	0.000808	0.000211	1e-05	0.000722	0.000163	0.002126	0.001735	0.002139	0.002268	0.000721	0.002263	0.002115	0.000748	0.002158	0.000294	0.001976	0.001839	0.000133	0.002166	0.000659	0.000125	0.002166	0.001566	0.000789	0.000394	0.000379
k__Bacteria|p__Firmicutes|c__Bacilli|o__Lactobacillales|f__Carnobacteriaceae	0.001215	0.000315	6.6e-05	1e-05	0.001309	5.5e-05	0.000596	0.000417	0.000777	0.000597	0.000289	0.000884	0.000667	0.00128	0.000889	5.2e-05	0.000413	0.000436	5.2e-05	0.000761	0.001285	4.6e-05	0.000587	0.001118	0.0003	0.001098	7.8e-05
k__Bacteria|p__Firmicutes|c__Clostridia|o__Clostridiales|f__Clostridiaceae	0.002127	0.000928	0.034022	0.008116	0.001739	0.041672	0.001983	0.001431	0.002104	0.002255	0.000869	0.002246	0.001989	0.001735	0.002035	0.004318	0.001691	0.001489	0.000977	0.00211	0.00174	0.00104	0.001897	0.001871	0.000929	0.001486	0.005429
k__Bacteria|p__Actinobacteriota|c__Coriobacteriia|o__Coriobacteriales|f__Coriobacteriaceae	0.011091	0.007761	0.002087	6e-05	0.006377	0.001362	0.013626	0.01247	0.013424	0.014237	0.007428	0.013849	0.014288	0.006636	0.014498	0.005626	0.013694	0.012546	0.001726	0.013667	0.006007	0.001801	0.014311	0.011057	0.007927	0.004202	0.005846
k__Bacteria|p__Actinobacteriota|c__Coriobacteriia|o__Coriobacteriales|f__Eggerthellaceae	0.001245	0.002098	4.4e-05	1e-05	0.00089	2.8e-05	0.001533	0.001976	0.001461	0.001575	0.002046	0.001302	0.001437	0.000902	0.001289	9.6e-05	0.002535	0.001781	0.00014	0.001307	0.000891	0.000124	0.001554	0.001078	0.002081	0.000686	0.000115
k__Bacteria|p__Proteobacteria|c__Gammaproteobacteria|o__Enterobacterales|f__Enterobacteriaceae	0.016493	0.00947	0.147177	0.828493	0.019266	0.241159	0.008904	0.006995	0.008859	0.010709	0.010308	0.009632	0.009066	0.019063	0.008763	0.039078	0.008137	0.00652	0.01832	0.009301	0.01948	0.019226	0.008656	0.013747	0.010082	0.01936	0.038116
k__Bacteria|p__Firmicutes|c__Bacilli|o__Lactobacillales|f__Enterococcaceae	0.014225	0.006329	0.406149	0.05407	0.016839	0.397684	0.010996	0.007912	0.009318	0.014205	0.006287	0.01016	0.010067	0.016507	0.009399	0.089434	0.012234	0.007894	0.007775	0.010281	0.016888	0.008638	0.009867	0.012043	0.006758	0.016514	0.112807
k__Bacteria|p__Firmicutes|c__Bacilli|o__Erysipelotrichales|f__Erysipelatoclostridiaceae	0.028208	0.007556	0.057302	0.004797	0.029669	0.057017	0.016572	0.01089	0.020943	0.017229	0.007163	0.025328	0.018783	0.030078	0.025115	0.012799	0.010228	0.011662	0.002434	0.022002	0.029412	0.002341	0.016508	0.028647	0.007232	0.024962	0.019589
k__Bacteria|p__Firmicutes|c__Bacilli|o__Erysipelotrichales|f__Erysipelotrichaceae	0.044752	0.012536	0.001443	0.00021	0.034693	0.001336	0.029967	0.02125	0.041994	0.026308	0.012042	0.048453	0.036124	0.035016	0.04795	0.001313	0.014451	0.023728	0.002181	0.042701	0.033416	0.001887	0.033058	0.044439	0.012054	0.027592	0.001863
k__Bacteria|p__Firmicutes|c__Bacilli|o__Staphylococcales|f__Gemellaceae	0.000209	0.000323	0.002353	3.9e-05	6.6e-05	0.001268	0.000523	0.000538	0.000301	0.000783	0.000301	0.000267	0.000388	6.8e-05	0.000227	0.010761	0.001263	0.000493	0.001293	0.000307	5.9e-05	0.001686	0.000453	0.000152	0.000365	3.5e-05	0.007167
k__Bacteria|p__Firmicutes|c__Clostridia|o__Lachnospirales|f__Lachnospiraceae	0.30783	0.135071	0.072896	0.011851	0.173684	0.058037	0.360017	0.270104	0.360187	0.335197	0.13065	0.408309	0.386726	0.17683	0.399675	0.09593	0.22329	0.295477	0.034239	0.410754	0.160976	0.03317	0.357291	0.317886	0.131626	0.126197	0.119206
k__Bacteria|p__Firmicutes|c__Bacilli|o__Lactobacillales|f__Lactobacillaceae	0.013035	0.014085	0.008848	0.003894	0.025347	0.009417	0.006071	0.00608	0.007922	0.006287	0.014916	0.007956	0.006224	0.024594	0.008176	0.005657	0.008145	0.005922	0.03091	0.006881	0.027597	0.028849	0.006154	0.012234	0.014316	0.032638	0.005272
k__Bacteria|p__Actinobacteriota|c__Actinobacteria|o__Micrococcales|f__Micrococcaceae	0.002663	0.001429	0.003855	0.000168	0.00084	0.00329	0.005351	0.004371	0.004814	0.005284	0.00122	0.00509	0.005236	0.000891	0.004638	0.001785	0.00438	0.004685	0.00013	0.005236	0.000747	0.000128	0.005145	0.00255	0.001393	0.000407	0.002648
k__Bacteria|p__Proteobacteria|c__Gammaproteobacteria|o__Burkholderiales|f__Neisseriaceae	0.004452	0.001271	0.000263	1.7e-05	0.002023	0.000252	0.003886	0.002717	0.004658	0.003555	0.001226	0.005314	0.004521	0.002082	0.005103	0.000172	0.002032	0.002929	8.8e-05	0.004834	0.001831	7.7e-05	0.004159	0.00406	0.001226	0.00116	0.000264
k__Bacteria|p__Firmicutes|c__Clostridia|o__Oscillospirales|f__Oscillospiraceae	0.003576	0.003277	0.007816	0.000636	0.002211	0.006774	0.00438	0.004657	0.003858	0.004926	0.003056	0.003987	0.004216	0.002285	0.003928	0.003578	0.006137	0.004122	0.0007	0.003929	0.00211	0.000711	0.004453	0.003404	0.003189	0.001491	0.004935
k__Bacteria|p__Proteobacteria|c__Gammaproteobacteria|o__Pasteurellales|f__Pasteurellaceae	2.9e-05	0.001106	1e-05	1e-05	1.6e-05	1e-05	5.8e-05	0.000135	4.6e-05	6.5e-05	0.001412	3.4e-05	4.7e-05	1.6e-05	3.3e-05	3.7e-05	0.000366	0.000122	0.01038	3.6e-05	1.6e-05	0.009296	6.6e-05	2.1e-05	0.001312	1.1e-05	1.7e-05
k__Bacteria|p__Firmicutes|c__Clostridia|o__Peptostreptococcales-Tissierellales|f__Peptostreptococcales-Tissierellales	0.001169	0.00265	0.002837	0.000108	0.000288	0.0018	0.003867	0.00502	0.002454	0.004438	0.002185	0.002206	0.003254	0.000302	0.002043	0.01231	0.007934	0.004653	0.001994	0.002562	0.000253	0.002289	0.003742	0.000958	0.002543	0.000139	0.008765
k__Bacteria|p__Bacteroidota|c__Bacteroidia|o__Bacteroidales|f__Prevotellaceae	0.002462	0.003195	0.001305	0.011942	0.000754	0.002505	0.005632	0.006329	0.004812	0.005094	0.00255	0.004767	0.005638	0.000809	0.004528	0.000238	0.006095	0.006292	0.000103	0.005205	0.000684	8.5e-05	0.005922	0.002348	0.002699	0.000408	0.000369
k__Bacteria|p__Firmicutes|c__Clostridia|o__Oscillospirales|f__Ruminococcaceae	0.077807	0.104364	0.000323	1.2e-05	0.029262	0.000195	0.166832	0.189536	0.129999	0.151358	0.091667	0.12952	0.155714	0.030035	0.120574	0.002627	0.189725	0.186959	0.002726	0.144406	0.02619	0.002369	0.165894	0.070703	0.096135	0.017406	0.00313
k__Bacteria|p__Firmicutes|c__Bacilli|o__Lactobacillales|f__Streptococcaceae	0.075517	0.122735	0.112148	0.011542	0.084058	0.086305	0.074407	0.07937	0.069023	0.07976	0.125455	0.068206	0.071377	0.083256	0.06957	0.145284	0.101228	0.078077	0.149872	0.069216	0.084875	0.150779	0.073854	0.073483	0.127793	0.086381	0.136792
k__Bacteria|p__Proteobacteria|c__Gammaproteobacteria|o__Burkholderiales|f__Sutterellaceae	0.004033	0.005608	0.001671	0.00055	0.001911	0.001901	0.006967	0.007793	0.006321	0.006897	0.005066	0.006001	0.00705	0.001973	0.00578	0.000738	0.008051	0.007153	0.000511	0.006342	0.001842	0.000453	0.007342	0.003575	0.005304	0.001344	0.001022
k__Bacteria|p__Bacteroidota|c__Bacteroidia|o__Bacteroidales|f__Tannerellaceae	0.007939	0.034639	0.000789	1.4e-05	0.005178	0.000423	0.014797	0.02387	0.01059	0.018105	0.035804	0.008439	0.011908	0.005283	0.008076	0.00899	0.047815	0.020604	0.011848	0.009	0.005159	0.011559	0.014605	0.006496	0.037849	0.003897	0.006685
k__Bacteria|p__Firmicutes|c__Negativicutes|o__Veillonellales-Selenomonadales|f__Veillonellaceae	0.004111	0.015904	0.010793	0.004102	0.002199	0.010552	0.007443	0.010621	0.006147	0.008862	0.017093	0.005202	0.00645	0.002258	0.004901	0.012397	0.018242	0.009801	0.028553	0.005466	0.002134	0.02751	0.007466	0.003523	0.017521	0.001621	0.010306
k__Bacteria|p__Firmicutes|c__Clostridia|o__Oscillospirales|f__[Eubacterium]_coprostanoligenes_group	0.001392	0.000412	1.4e-05	1e-05	0.000592	1.1e-05	0.001373	0.001048	0.001737	0.00113	0.000341	0.001987	0.001604	0.000627	0.001969	1.3e-05	0.000794	0.001114	1e-05	0.001814	0.000535	1e-05	0.001488	0.001443	0.000368	0.000305	2.2e-05
k__Bacteria|p__Firmicutes|c__Negativicutes|o__Acidaminococcales|f__Acidaminococcaceae|g__Acidaminococcus	0.002149	0.00051	1e-05	1e-05	0.001006	1e-05	0.001887	0.001211	0.0025	0.001526	0.000435	0.002991	0.002211	0.001048	0.002821	1e-05	0.000827	0.001406	1.2e-05	0.002734	0.00092	1e-05	0.002077	0.002126	0.000448	0.000586	1.5e-05
k__Bacteria|p__Actinobacteriota|c__Actinobacteria|o__Actinomycetales|f__Actinomycetaceae|g__Actinomyces	0.001282	0.001365	0.006539	0.004524	0.000588	0.008855	0.001724	0.001625	0.001579	0.002044	0.001241	0.001533	0.001693	0.000605	0.00142	0.001801	0.002206	0.001614	0.000506	0.001573	0.000546	0.000526	0.001784	0.001106	0.001317	0.000376	0.002133
k__Bacteria|p__Firmicutes|c__Clostridia|o__Lachnospirales|f__Lachnospiraceae|g__Agathobacter	0.04107	0.0245	0.000762	6.5e-05	0.011657	0.00055	0.0851	0.073653	0.072118	0.08179	0.022481	0.073261	0.087016	0.012191	0.066362	0.003236	0.061057	0.075819	0.003324	0.080676	0.010112	0.002956	0.08655	0.037336	0.024539	0.006011	0.003904
k__Bacteria|p__Bacteroidota|c__Bacteroidia|o__Bacteroidales|f__Prevotellaceae|g__Alloprevotella	0.000515	0.001548	0.000712	0.014019	0.00015	0.0016	0.001252	0.001579	0.000985	0.001135	0.001304	0.000939	0.001209	0.000159	0.000892	0.000139	0.001962	0.001473	0.00024	0.001106	0.000135	0.00021	0.001351	0.000442	0.001351	8.3e-05	0.000161
k__Bacteria|p__Firmicutes|c__Clostridia|o__Lachnospirales|f__Lachnospiraceae|g__Anaerostipes	0.017142	0.007	0.007783	0.000198	0.015106	0.00507	0.015469	0.011476	0.016572	0.015873	0.006606	0.01833	0.015228	0.015138	0.017708	0.012507	0.012177	0.012399	0.002606	0.016834	0.014755	0.002698	0.014572	0.017456	0.007151	0.013081	0.013711
k__Bacteria|p__Bacteroidota|c__Bacteroidia|o__Bacteroidales|f__Bacteroidaceae|g__Bacteroides	0.051987	0.143702	0.059833	0.004501	0.029813	0.036035	0.103854	0.141292	0.073946	0.12534	0.145519	0.062681	0.084336	0.030201	0.059321	0.438364	0.228247	0.123138	0.304293	0.068642	0.029117	0.331518	0.096526	0.042996	0.153027	0.02286	0.279998
k__Bacteria|p__Actinobacteriota|c__Actinobacteria|o__Bifidobacteriales|f__Bifidobacteriaceae|g__Bifidobacterium	0.277146	0.196145	0.039502	0.012077	0.479502	0.037837	0.122042	0.108723	0.168993	0.113873	0.221038	0.180881	0.131704	0.472745	0.188764	0.050604	0.098803	0.113699	0.3597	0.158059	0.509768	0.334068	0.126481	0.29409	0.205245	0.620265	0.04938
k__Bacteria|p__Firmicutes|c__Clostridia|o__Lachnospirales|f__Lachnospiraceae|g__Blautia	0.086717	0.030078	0.039121	0.003649	0.044193	0.030226	0.112069	0.093108	0.12226	0.106595	0.025656	0.130371	0.119633	0.046155	0.131471	0.048673	0.076313	0.093952	0.005471	0.126251	0.040225	0.0059	0.113088	0.09366	0.0288	0.025973	0.056243
k__Bacteria|p__Firmicutes|c__Clostridia|o__Oscillospirales|f__Butyricicoccaceae|g__Butyricicoccus	0.001569	0.000916	0.000199	1e-05	0.000646	0.000144	0.002168	0.0019	0.002163	0.002111	0.000811	0.002298	0.002234	0.000678	0.002237	0.000295	0.001876	0.001946	0.00015	0.002304	0.00059	0.000144	0.002217	0.001555	0.000887	0.000358	0.000367
k__Bacteria|p__Firmicutes|c__Clostridia|o__Clostridiales|f__Clostridiaceae|g__Clostridium_sensu_stricto_1	0.002536	0.001306	0.031088	0.009268	0.001726	0.039199	0.002204	0.001555	0.002117	0.002607	0.001295	0.002279	0.002129	0.001737	0.001924	0.004335	0.002083	0.00162	0.000884	0.002193	0.001678	0.000893	0.002062	0.001972	0.001337	0.001282	0.005703
k__Bacteria|p__Firmicutes|c__Clostridia|o__Oscillospirales|f__Oscillospiraceae|g__Colidextribacter	0.00018	8.2e-05	0.000574	0.000603	6.7e-05	0.00092	0.000204	0.000134	0.000231	0.000199	7.3e-05	0.000282	0.000225	7.1e-05	0.000253	6.4e-05	0.000138	0.000152	2.1e-05	0.000269	6.2e-05	1.9e-05	0.000215	0.00017	7.8e-05	3.7e-05	9.2e-05
k__Bacteria|p__Actinobacteriota|c__Coriobacteriia|o__Coriobacteriales|f__Coriobacteriaceae|g__Collinsella	0.011741	0.006904	0.002234	5.1e-05	0.006489	0.001378	0.014098	0.011922	0.013878	0.014597	0.006685	0.014815	0.013742	0.00675	0.014394	0.005262	0.014964	0.012329	0.002081	0.014388	0.00599	0.002098	0.014494	0.011722	0.007242	0.004	0.005945
k__Bacteria|p__Firmicutes|c__Negativicutes|o__Veillonellales-Selenomonadales|f__Veillonellaceae|g__Dialister	0.001957	0.002646	0.000215	1e-05	0.000748	0.00016	0.003987	0.004831	0.003521	0.004025	0.002293	0.00335	0.003771	0.000791	0.003179	0.000464	0.005768	0.004414	0.000228	0.003409	0.0007	0.000218	0.004179	0.001837	0.002552	0.000419	0.000511
k__Bacteria|p__Firmicutes|c__Clostridia|o__Lachnospirales|f__Lachnospiraceae|g__Dorea	0.001406	0.000454	3.2e-05	1e-05	0.001405	3.2e-05	0.000669	0.000469	0.000927	0.000607	0.000479	0.001073	0.000799	0.001397	0.001075	1.9e-05	0.00041	0.000494	5.3e-05	0.000949	0.001423	4.3e-05	0.000735	0.001233	0.000455	0.001211	2.8e-05
k__Bacteria|p__Actinobacteriota|c__Coriobacteriia|o__Coriobacteriales|f__Eggerthellaceae|g__Eggerthella	0.000801	0.001548	4.4e-05	1e-05	0.000582	2.9e-05	0.000971	0.001092	0.000956	0.000954	0.001543	0.000936	0.000962	0.000592	0.000958	7.4e-05	0.001495	0.001104	0.000128	0.000915	0.000581	0.000114	0.001006	0.000757	0.001583	0.00047	8.9e-05
k__Bacteria|p__Firmicutes|c__Clostridia|o__Lachnospirales|f__Lachnospiraceae|g__Eisenbergiella	0.000265	0.001044	4.2e-05	1e-05	0.000216	3e-05	0.000332	0.000447	0.000268	0.000405	0.001066	0.000233	0.000288	0.000217	0.000216	0.000106	0.000964	0.0004	0.000223	0.000245	0.000224	0.000221	0.000332	0.000204	0.001104	0.000195	9.3e-05
k__Bacteria|p__Firmicutes|c__Bacilli|o__Lactobacillales|f__Enterococcaceae|g__Enterococcus	0.015062	0.005703	0.417293	0.052338	0.016566	0.405633	0.011361	0.007567	0.009633	0.014284	0.005414	0.011066	0.010412	0.016547	0.009748	0.086839	0.011391	0.007531	0.008532	0.011119	0.016755	0.010039	0.01002	0.013157	0.005655	0.016356	0.110423
k__Bacteria|p__Firmicutes|c__Clostridia|o__Lachnospirales|f__Lachnospiraceae|g__Epulopiscium	3.4e-05	1.2e-05	0.007948	0.001013	1.4e-05	0.009501	5e-05	3e-05	4.1e-05	6.8e-05	1e-05	4.7e-05	4.8e-05	1.4e-05	4e-05	0.000504	4.8e-05	3.3e-05	1.3e-05	4.8e-05	1.3e-05	1.5e-05	4.5e-05	2.9e-05	1.2e-05	1e-05	0.00072
k__Bacteria|p__Firmicutes|c__Bacilli|o__Erysipelotrichales|f__Erysipelatoclostridiaceae|g__Erysipelatoclostridium	0.018974	0.004182	0.05513	0.005608	0.018594	0.053176	0.013625	0.008688	0.016426	0.013849	0.003816	0.01905	0.014916	0.018875	0.019184	0.014067	0.007832	0.009869	0.002367	0.017464	0.018814	0.002385	0.013236	0.019514	0.004077	0.016273	0.019514
k__Bacteria|p__Firmicutes|c__Bacilli|o__Erysipelotrichales|f__Erysipelatoclostridiaceae|g__Erysipelotrichaceae_UCG-003	0.004056	0.000232	1e-05	1e-05	0.010053	1e-05	0.000301	0.000155	0.001167	0.000183	0.000239	0.001844	0.000541	0.010139	0.002183	1e-05	6.3e-05	0.00019	1.1e-05	0.001035	0.010433	1e-05	0.000415	0.005114	0.000202	0.00908	1e-05
k__Bacteria|p__Proteobacteria|c__Gammaproteobacteria|o__Enterobacterales|f__Enterobacteriaceae|g__Escherichia-Shigella	0.002345	0.000523	0.034029	0.003636	0.003018	0.036263	0.00108	0.000558	0.001263	0.001312	0.000532	0.001568	0.001157	0.002943	0.001396	0.004105	0.000701	0.000636	0.001028	0.001371	0.003119	0.001084	0.000998	0.002003	0.000549	0.003118	0.005533
k__Bacteria|p__Firmicutes|c__Clostridia|o__Oscillospirales|f__Ruminococcaceae|g__Faecalibacterium	0.047675	0.078975	0.000294	1e-05	0.016971	0.00017	0.117671	0.154629	0.085088	0.117786	0.068605	0.07425	0.104954	0.017803	0.072034	0.001755	0.176371	0.138925	0.002	0.085299	0.015292	0.001712	0.11424	0.044203	0.074191	0.009673	0.002381
k__Bacteria|p__Firmicutes|c__Bacilli|o__Erysipelotrichales|f__Erysipelotrichaceae|g__Faecalitalea	0.001334	0.003523	2.2e-05	1e-05	0.000633	1.5e-05	0.002267	0.003139	0.002089	0.002068	0.003623	0.001916	0.002125	0.000649	0.001852	0.000134	0.003695	0.002938	0.002666	0.001966	0.000599	0.002411	0.002434	0.001177	0.003711	0.000405	0.000115
k__Bacteria|p__Firmicutes|c__Clostridia|o__Oscillospirales|f__Oscillospiraceae|g__Flavonifractor	0.00226	0.001644	0.006873	0.00024	0.001634	0.005465	0.002739	0.002524	0.002227	0.003272	0.00159	0.002129	0.002426	0.001626	0.001962	0.003668	0.003613	0.002299	0.000488	0.002268	0.001581	0.00054	0.002446	0.001867	0.00175	0.001296	0.004531
k__Bacteria|p__Firmicutes|c__Clostridia|o__Oscillospirales|f__Ruminococcaceae|g__Fournierella	0.001406	0.00032	2.1e-05	1e-05	0.000949	1.8e-05	0.000852	0.00055	0.001208	0.00069	0.000304	0.00153	0.001044	0.001004	0.00149	1.1e-05	0.000401	0.000598	1.7e-05	0.001313	0.000909	1.4e-05	0.000922	0.001491	0.000303	0.000614	1.9e-05
k__Bacteria|p__Firmicutes|c__Clostridia|o__Lachnospirales|f__Lachnospiraceae|g__Fusicatenibacter	0.059004	0.021396	0.002226	0.000384	0.022806	0.002232	0.070682	0.057129	0.086861	0.057228	0.020159	0.095661	0.08273	0.024655	0.096332	0.001682	0.033328	0.061111	0.001703	0.090389	0.020495	0.00136	0.076603	0.064507	0.020408	0.012447	0.002681
k__Bacteria|p__Firmicutes|c__Bacilli|o__Staphylococcales|f__Gemellaceae|g__Gemella	0.000125	0.000516	0.002222	4.1e-05	3.1e-05	0.001311	0.000469	0.000611	0.000228	0.000675	0.000488	0.000198	0.000339	3.3e-05	0.00017	0.010244	0.00161	0.000524	0.001172	0.000246	2.8e-05	0.001596	0.000428	8.9e-05	0.000574	1.5e-05	0.006307
k__Bacteria|p__Firmicutes|c__Bacilli|o__Lactobacillales|f__Carnobacteriaceae|g__Granulicatella	0.00119	0.000294	6.2e-05	1e-05	0.00133	5.3e-05	0.00055	0.000372	0.000758	0.000505	0.000283	0.000985	0.00063	0.001359	0.000964	4.4e-05	0.000374	0.000389	5.7e-05	0.000808	0.001324	5.1e-05	0.000574	0.001259	0.000287	0.001065	6.1e-05
k__Bacteria|p__Firmicutes|c__Bacilli|o__Erysipelotrichales|f__Erysipelotrichaceae|g__Holdemanella	0.02215	0.004796	1.1e-05	1e-05	0.007995	1e-05	0.019683	0.013912	0.031067	0.013531	0.004156	0.037279	0.026502	0.008493	0.03855	1.1e-05	0.006086	0.015615	2.1e-05	0.033316	0.006883	1.4e-05	0.022715	0.025286	0.004224	0.003711	2.4e-05
k__Bacteria|p__Firmicutes|c__Clostridia|o__Lachnospirales|f__Lachnospiraceae|g__Hungatella	0.000419	0.001506	4.3e-05	1e-05	0.000343	2.7e-05	0.000612	0.001	0.000498	0.000746	0.001505	0.000377	0.000535	0.00034	0.000395	0.000164	0.001957	0.000846	0.00032	0.000401	0.000345	0.000304	0.000621	0.000326	0.0016	0.00028	0.000147
k__Bacteria|p__Firmicutes|c__Clostridia|o__Oscillospirales|f__Ruminococcaceae|g__Incertae_Sedis	0.001673	0.002973	4.1e-05	1e-05	0.000693	3.2e-05	0.002841	0.003618	0.002933	0.002471	0.0027	0.003001	0.003004	0.000732	0.00318	8.3e-05	0.003943	0.003393	0.000156	0.003019	0.000642	0.000134	0.003227	0.001755	0.002765	0.000379	9.9e-05
k__Bacteria|p__Firmicutes|c__Clostridia|o__Lachnospirales|f__Lachnospiraceae|g__Lachnoclostridium	0.005687	0.006603	0.000338	1e-05	0.005952	0.000219	0.005672	0.006431	0.005449	0.006343	0.006457	0.005017	0.005294	0.005937	0.004921	0.000732	0.008678	0.00588	0.00066	0.00489	0.006139	0.00062	0.005706	0.004978	0.00658	0.00569	0.000832
k__Bacteria|p__Firmicutes|c__Clostridia|o__Lachnospirales|f__Lachnospiraceae|g__Lachnospira	0.002332	0.001123	0.000709	1.9e-05	0.002473	0.00049	0.001303	0.001007	0.001545	0.001458	0.00114	0.001733	0.001317	0.002474	0.001655	0.001364	0.001231	0.001007	0.000697	0.001476	0.002455	0.00075	0.001288	0.002196	0.001189	0.002115	0.00128
k__Bacteria|p__Firmicutes|c__Clostridia|o__Lachnospirales|f__Lachnospiraceae|g__Lachnospiraceae_ND3007_group	0.000501	0.000751	0.000236	1e-05	0.000134	0.00015	0.00125	0.001397	0.000994	0.001337	0.000651	0.00094	0.001152	0.000142	0.000906	0.000797	0.001858	0.001314	0.000241	0.000994	0.000119	0.000253	0.001219	0.000446	0.000757	6.5e-05	0.000685
k__Bacteria|p__Firmicutes|c__Clostridia|o__Lachnospirales|f__Lachnospiraceae|g__Lachnospiraceae_NK4A136_group	0.003258	0.002636	0.000133	1e-05	0.006855	0.000117	0.00131	0.001132	0.001774	0.001183	0.003025	0.002062	0.001415	0.006746	0.002087	0.000152	0.001268	0.00114	0.000542	0.001716	0.007614	0.000462	0.00142	0.003257	0.00274	0.009338	0.00016
k__Bacteria|p__Firmicutes|c__Bacilli|o__Lactobacillales|f__Lactobacillaceae|g__Lactobacillus	0.012836	0.014098	0.008995	0.004274	0.023729	0.009803	0.006365	0.006425	0.007645	0.006712	0.015501	0.007822	0.006518	0.023119	0.007926	0.005598	0.008245	0.006332	0.030927	0.006884	0.025429	0.029529	0.006886	0.012068	0.015004	0.029895	0.005428
k__Bacteria|p__Firmicutes|c__Clostridia|o__Oscillospirales|f__Ruminococcaceae|g__Negativibacillus	0.000703	0.000494	2.8e-05	1e-05	0.00028	2.2e-05	0.000942	0.000898	0.00102	0.000805	0.000433	0.001129	0.001049	0.000298	0.00115	3.2e-05	0.00084	0.000903	2.5e-05	0.001103	0.000252	2.2e-05	0.001044	0.000744	0.000456	0.000144	4.7e-05
k__Bacteria|p__Proteobacteria|c__Gammaproteobacteria|o__Burkholderiales|f__Neisseriaceae|g__Neisseria	0.00404	0.001205	1e-05	1e-05	0.001995	1e-05	0.003367	0.00246	0.004904	0.00263	0.001066	0.005757	0.004086	0.002115	0.005723	1e-05	0.001571	0.002881	1.6e-05	0.004882	0.001851	1.2e-05	0.003773	0.004458	0.00107	0.001136	1.4e-05
k__Bacteria|p__Firmicutes|c__Clostridia|o__Oscillospirales|f__Oscillospiraceae|g__Oscillibacter	0.000766	0.001081	6.9e-05	1e-05	0.000323	4.6e-05	0.001251	0.001579	0.00119	0.001324	0.000962	0.001175	0.00125	0.000342	0.001166	0.000182	0.002173	0.00142	0.00015	0.001119	0.000302	0.000152	0.001316	0.000708	0.00105	0.000173	0.000184
k__Bacteria|p__Bacteroidota|c__Bacteroidia|o__Bacteroidales|f__Tannerellaceae|g__Parabacteroides	0.007601	0.036979	0.001094	3.4e-05	0.004718	0.000643	0.015293	0.024539	0.010472	0.019697	0.037163	0.008199	0.011946	0.004692	0.007442	0.008426	0.050071	0.0213	0.010792	0.008934	0.004634	0.010873	0.015479	0.005481	0.038724	0.003782	0.00653
k__Bacteria|p__Proteobacteria|c__Gammaproteobacteria|o__Burkholderiales|f__Sutterellaceae|g__Parasutterella	0.000676	0.000187	1.4e-05	1e-05	0.001329	1.4e-05	0.000172	0.000112	0.000321	0.000141	0.000186	0.000422	0.000223	0.001308	0.000437	1e-05	9.1e-05	0.00012	2.3e-05	0.00033	0.001395	1.9e-05	0.000195	0.000748	0.000177	0.001491	1e-05
k__Bacteria|p__Firmicutes|c__Negativicutes|o__Acidaminococcales|f__Acidaminococcaceae|g__Phascolarctobacterium	0.002301	0.002366	5.2e-05	1e-05	0.000898	3.5e-05	0.004281	0.004494	0.003455	0.004002	0.002068	0.003446	0.004248	0.000925	0.003343	0.00011	0.005109	0.004282	8.6e-05	0.003754	0.000821	7.6e-05	0.004354	0.001999	0.002269	0.000537	0.00016
k__Bacteria|p__Firmicutes|c__Clostridia|o__Lachnospirales|f__Lachnospiraceae|g__Roseburia	0.008293	0.006236	0.005348	0.000364	0.005829	0.004691	0.009814	0.009761	0.009351	0.01022	0.005654	0.008851	0.009196	0.005938	0.008298	0.002635	0.011499	0.009956	0.001012	0.008945	0.005697	0.000956	0.00985	0.007409	0.00601	0.004641	0.003671
k__Bacteria|p__Actinobacteriota|c__Actinobacteria|o__Micrococcales|f__Micrococcaceae|g__Rothia	0.002603	0.001998	0.00414	0.000164	0.000777	0.003561	0.005243	0.004582	0.004243	0.005061	0.001658	0.004583	0.004937	0.000823	0.004285	0.00166	0.00505	0.004905	0.000172	0.004822	0.000686	0.000166	0.005033	0.00249	0.001842	0.00038	0.002592
k__Bacteria|p__Firmicutes|c__Clostridia|o__Oscillospirales|f__Ruminococcaceae|g__Ruminococcus	0.01249	0.009067	0.000159	1e-05	0.007137	0.000109	0.014666	0.014147	0.014479	0.013761	0.0085	0.014824	0.015279	0.007289	0.014527	0.000486	0.013833	0.013513	0.000717	0.014751	0.006802	0.000607	0.015102	0.01129	0.00877	0.004887	0.0006
k__Bacteria|p__Firmicutes|c__Clostridia|o__Lachnospirales|f__Lachnospiraceae|g__Sellimonas	0.006741	0.002387	0.000456	2.7e-05	0.01129	0.000392	0.002439	0.001884	0.003637	0.002272	0.002572	0.004218	0.002738	0.011265	0.004331	0.000343	0.001775	0.001911	0.000633	0.003413	0.011897	0.000548	0.002619	0.006878	0.002462	0.011918	0.000425
k__Bacteria|p__Actinobacteriota|c__Coriobacteriia|o__Coriobacteriales|f__Eggerthellaceae|g__Senegalimassilia	0.000484	0.000602	2.7e-05	1e-05	0.000256	2e-05	0.000545	0.000619	0.00055	0.000553	0.000606	0.000533	0.000548	0.000262	0.000526	4.2e-05	0.000725	0.000567	5.4e-05	0.000504	0.000241	4.6e-05	0.00057	0.000426	0.000603	0.000158	5e-05
k__Bacteria|p__Firmicutes|c__Bacilli|o__Lactobacillales|f__Streptococcaceae|g__Streptococcus	0.071562	0.139091	0.111628	0.013348	0.083662	0.082956	0.070043	0.080204	0.065647	0.076935	0.145262	0.063627	0.06659	0.083148	0.063703	0.136476	0.108455	0.077551	0.141883	0.063126	0.087069	0.148099	0.072478	0.06631	0.140276	0.089825	0.134654
k__Bacteria|p__Firmicutes|c__Clostridia|o__Oscillospirales|f__Ruminococcaceae|g__Subdoligranulum	0.012221	0.005144	5e-05	1e-05	0.00409	3.8e-05	0.019714	0.016212	0.020449	0.015872	0.004311	0.022146	0.02097	0.004375	0.021845	0.000118	0.011572	0.017606	9.3e-05	0.023157	0.003643	7.5e-05	0.02032	0.013128	0.004676	0.002145	0.000194
k__Bacteria|p__Proteobacteria|c__Gammaproteobacteria|o__Burkholderiales|f__Sutterellaceae|g__Sutterella	0.00186	0.001137	0.001751	0.000522	0.000525	0.002088	0.003794	0.003327	0.003201	0.003873	0.000896	0.00336	0.003742	0.000567	0.003034	0.000511	0.003523	0.003449	6.8e-05	0.003543	0.000468	6.6e-05	0.004051	0.001679	0.001023	0.000248	0.000791
k__Bacteria|p__Firmicutes|c__Clostridia|o__Lachnospirales|f__Lachnospiraceae|g__Tyzzerella	0.00297	0.004581	0.000366	1e-05	0.002274	0.000248	0.003298	0.003407	0.002951	0.003658	0.004303	0.002863	0.002968	0.002293	0.002775	0.000844	0.005077	0.003299	0.000949	0.002855	0.002232	0.000912	0.003166	0.002695	0.004599	0.001877	0.000912
k__Bacteria|p__Firmicutes|c__Clostridia|o__Oscillospirales|f__Ruminococcaceae|g__UBA1819	0.001348	0.001281	6.5e-05	1e-05	0.00142	4.8e-05	0.000979	0.000893	0.001115	0.000957	0.001211	0.001191	0.001002	0.001432	0.001212	9.3e-05	0.0012	0.000914	0.000192	0.001115	0.001436	0.000172	0.00101	0.001316	0.001237	0.001245	0.000109
k__Bacteria|p__Firmicutes|c__Negativicutes|o__Veillonellales-Selenomonadales|f__Veillonellaceae|g__Veillonella	0.002043	0.008571	0.010243	0.003906	0.001366	0.01023	0.003551	0.005027	0.002551	0.004473	0.008922	0.002199	0.00296	0.001401	0.002037	0.012206	0.010102	0.004396	0.029065	0.002412	0.001369	0.029748	0.003471	0.00167	0.009361	0.00107	0.00964
k__Bacteria|p__Firmicutes|c__Bacilli|o__Erysipelotrichales|f__Erysipelotrichaceae|g__[Clostridium]_innocuum_group	0.012335	0.011494	0.001219	5.3e-05	0.022413	0.000943	0.005481	0.005024	0.007386	0.005436	0.011917	0.007943	0.005759	0.022201	0.008382	0.001419	0.006237	0.005092	0.002242	0.006638	0.023633	0.002082	0.005782	0.013212	0.011395	0.025764	0.001537
k__Bacteria|p__Firmicutes|c__Clostridia|o__Oscillospirales|f__[Eubacterium]_coprostanoligenes_group|g__[Eubacterium]_coprostanoligenes_group	0.001165	0.0005	1.4e-05	1e-05	0.000592	1.1e-05	0.00134	0.001115	0.001727	0.001108	0.000445	0.001929	0.001517	0.000623	0.001878	1.2e-05	0.000865	0.00117	1.2e-05	0.001777	0.000568	1e-05	0.001481	0.001211	0.000474	0.000374	2.1e-05
k__Bacteria|p__Firmicutes|c__Clostridia|o__Lachnospirales|f__Lachnospiraceae|g__[Eubacterium]_eligens_group	0.004034	0.002424	2.2e-05	1e-05	0.001002	1.7e-05	0.008232	0.007036	0.007592	0.007038	0.002056	0.008118	0.008721	0.001083	0.007434	4.3e-05	0.005611	0.00775	4.6e-05	0.008603	0.000878	3.7e-05	0.008743	0.003718	0.002178	0.000466	6.9e-05
k__Bacteria|p__Firmicutes|c__Clostridia|o__Lachnospirales|f__Lachnospiraceae|g__[Eubacterium]_hallii_group	0.002129	0.002103	0.000439	1e-05	0.000649	0.000258	0.004025	0.00387	0.003011	0.004485	0.001989	0.002929	0.003508	0.000669	0.002521	0.001599	0.004861	0.003785	0.000416	0.003152	0.000563	0.000424	0.003856	0.001708	0.002169	0.000324	0.001561
k__Bacteria|p__Firmicutes|c__Clostridia|o__Lachnospirales|f__Lachnospiraceae|g__[Eubacterium]_ventriosum_group	0.001862	0.00024	2e-05	1e-05	0.000741	1.9e-05	0.001402	0.000852	0.002106	0.001024	0.000198	0.002892	0.001882	0.000797	0.003134	1.3e-05	0.000487	0.000887	1e-05	0.002466	0.000631	1e-05	0.001458	0.002371	0.000211	0.000325	2.4e-05
k__Bacteria|p__Firmicutes|c__Clostridia|o__Lachnospirales|f__Lachnospiraceae|g__[Ruminococcus]_gnavus_group	0.015274	0.010465	0.017644	0.002317	0.025793	0.018862	0.00519	0.004982	0.00851	0.005324	0.011121	0.009123	0.006201	0.02574	0.009893	0.005069	0.005223	0.004987	0.013841	0.007174	0.026914	0.013901	0.006092	0.015244	0.010332	0.02509	0.005558
k__Bacteria|p__Firmicutes|c__Clostridia|o__Lachnospirales|f__Lachnospiraceae|g__[Ruminococcus]_torques_group	0.005723	0.002299	7.7e-05	1e-05	0.003942	7.6e-05	0.004004	0.003049	0.005503	0.003428	0.002295	0.006302	0.00486	0.004007	0.006214	4.5e-05	0.002095	0.003262	5.8e-05	0.005673	0.003814	4.5e-05	0.004568	0.005469	0.002196	0.002893	8e-05
k__Bacteria|p__Firmicutes|c__Clostridia|o__Lachnospirales|f__Lachnospiraceae|g__uncultured	0.005896	0.002328	0.002803	0.000122	0.013082	0.00219	0.001507	0.001241	0.00248	0.001609	0.002625	0.002902	0.001726	0.012961	0.003141	0.002886	0.001495	0.001212	0.003389	0.00208	0.01363	0.003518	0.00156	0.00646	0.002503	0.014137	0.00251
k__Bacteria|p__Firmicutes|c__Bacilli|o__Erysipelotrichales|f__Erysipelotrichaceae|g__Faecalitalea|s__Absiella_argi	0.000273	0.002827	1e-05	1e-05	0.000174	1e-05	0.000329	0.000579	0.000289	0.000364	0.003045	0.000234	0.00028	0.000177	0.000232	8.3e-05	0.001267	0.000526	0.003563	0.000234	0.000167	0.003429	0.000356	0.000218	0.002916	0.000117	5.1e-05
k__Bacteria|p__Firmicutes|c__Clostridia|o__Lachnospirales|f__Lachnospiraceae|g__Anaerostipes|s__Anaerostipes_hadrus	0.005017	0.003101	0.002008	7.8e-05	0.004709	0.001562	0.003416	0.002822	0.003845	0.00336	0.002903	0.004756	0.003752	0.00488	0.004953	0.001561	0.003081	0.002783	0.000625	0.004245	0.004602	0.000608	0.003446	0.005584	0.002999	0.003632	0.001952
k__Bacteria|p__Bacteroidota|c__Bacteroidia|o__Bacteroidales|f__Bacteroidaceae|g__Bacteroides|s__Bacteroides_cellulosilyticus	0.000214	0.003249	4.6e-05	1e-05	4.7e-05	2.5e-05	0.001037	0.002215	0.000579	0.00135	0.00304	0.000428	0.000796	5e-05	0.000395	0.000408	0.005722	0.001845	0.000448	0.000517	4.3e-05	0.00046	0.001071	0.000155	0.003344	2.3e-05	0.000302
k__Bacteria|p__Bacteroidota|c__Bacteroidia|o__Bacteroidales|f__Bacteroidaceae|g__Bacteroides|s__Bacteroides_coprocola	0.000632	0.005559	2.2e-05	1e-05	0.00023	1.4e-05	0.001856	0.003693	0.001212	0.002182	0.005231	0.0009	0.001547	0.00024	0.000863	0.000166	0.007479	0.003267	0.000366	0.00105	0.000217	0.000357	0.00208	0.000475	0.00545	0.00013	0.000144
k__Bacteria|p__Bacteroidota|c__Bacteroidia|o__Bacteroidales|f__Bacteroidaceae|g__Bacteroides|s__Bacteroides_dorei	0.011482	0.049621	0.017675	0.000634	0.007748	0.009339	0.021658	0.029752	0.013782	0.030269	0.053206	0.011604	0.016748	0.007725	0.010298	0.166619	0.067806	0.026639	0.123911	0.012829	0.00771	0.160595	0.020964	0.008536	0.055618	0.006598	0.099931
k__Bacteria|p__Bacteroidota|c__Bacteroidia|o__Bacteroidales|f__Bacteroidaceae|g__Bacteroides|s__Bacteroides_fragilis	0.000967	0.000444	3.8e-05	1e-05	0.000321	2.9e-05	0.0012	0.000939	0.001399	0.001074	0.000382	0.001624	0.001372	0.000344	0.001632	3.6e-05	0.000854	0.001027	2.4e-05	0.001514	0.000285	2.1e-05	0.0013	0.001046	0.000409	0.000152	5.7e-05
k__Bacteria|p__Bacteroidota|c__Bacteroidia|o__Bacteroidales|f__Bacteroidaceae|g__Bacteroides|s__Bacteroides_massiliensis	0.000449	0.001358	1.7e-05	1e-05	0.000135	1.1e-05	0.001231	0.002049	0.001025	0.001247	0.001158	0.000857	0.001101	0.000141	0.00083	6.4e-05	0.0028	0.001787	9.1e-05	0.000908	0.000123	8.6e-05	0.001348	0.000383	0.001258	7e-05	6.8e-05
k__Bacteria|p__Bacteroidota|c__Bacteroidia|o__Bacteroidales|f__Bacteroidaceae|g__Bacteroides|s__Bacteroides_nordii	0.00031	3.6e-05	2e-05	1e-05	0.000331	1.9e-05	0.0001	5.5e-05	0.000189	8.9e-05	3.3e-05	0.000262	0.000135	0.000337	0.000269	1e-05	4.2e-05	6.2e-05	1e-05	0.000192	0.000323	1e-05	0.000114	0.000352	3.4e-05	0.000249	1.1e-05
k__Bacteria|p__Bacteroidota|c__Bacteroidia|o__Bacteroidales|f__Bacteroidaceae|g__Bacteroides|s__Bacteroides_ovatus	0.000567	0.001174	0.014316	0.000452	0.000205	0.009341	0.001631	0.00191	0.000889	0.002495	0.001135	0.000804	0.001234	0.000212	0.000707	0.021507	0.00461	0.001603	0.001246	0.000917	0.000188	0.001559	0.001391	0.000441	0.001297	0.000119	0.018645
k__Bacteria|p__Bacteroidota|c__Bacteroidia|o__Bacteroidales|f__Bacteroidaceae|g__Bacteroides|s__Bacteroides_stercoris	0.002746	0.000292	7e-05	1e-05	0.000944	6.3e-05	0.002397	0.001465	0.003831	0.001872	0.000236	0.004803	0.003113	0.00102	0.00486	3.2e-05	0.000805	0.001639	1e-05	0.004023	0.000823	1e-05	0.002668	0.003304	0.000264	0.000396	5.9e-05
k__Bacteria|p__Bacteroidota|c__Bacteroidia|o__Bacteroidales|f__Bacteroidaceae|g__Bacteroides|s__Bacteroides_thetaiotaomicron	0.001034	0.003496	0.000659	3.8e-05	0.001114	0.000501	0.000795	0.00103	0.00083	0.000938	0.004134	0.000734	0.00074	0.001089	0.000752	0.00192	0.001816	0.000985	0.029081	0.000682	0.001126	0.027216	0.000827	0.000862	0.003952	0.001021	0.001206
k__Bacteria|p__Bacteroidota|c__Bacteroidia|o__Bacteroidales|f__Bacteroidaceae|g__Bacteroides|s__Bacteroides_uniformis	0.002149	0.015371	0.000243	1e-05	0.000667	0.000122	0.010084	0.020211	0.004797	0.013254	0.01483	0.003379	0.006688	0.000683	0.002962	0.003939	0.050143	0.015952	0.001764	0.004307	0.000621	0.001897	0.009438	0.001487	0.016971	0.000391	0.002902
k__Bacteria|p__Bacteroidota|c__Bacteroidia|o__Bacteroidales|f__Bacteroidaceae|g__Bacteroides|s__Bacteroides_vulgatus	0.012073	0.029416	0.030216	0.002239	0.006739	0.023503	0.020481	0.022728	0.015484	0.022636	0.029306	0.014952	0.018562	0.006802	0.014401	0.036006	0.039185	0.02315	0.05917	0.016541	0.006256	0.057607	0.019396	0.010827	0.031135	0.004959	0.037146
k__Bacteria|p__Actinobacteriota|c__Actinobacteria|o__Bifidobacteriales|f__Bifidobacteriaceae|g__Bifidobacterium|s__Bifidobacterium_animalis	0.000378	0.000141	0.005792	0.000432	0.000158	0.006019	0.000545	0.000393	0.000438	0.000621	0.000112	0.000518	0.000532	0.000165	0.000471	0.001109	0.000534	0.000391	4.6e-05	0.000531	0.000144	5.2e-05	0.000508	0.00034	0.000131	9.1e-05	0.001611
k__Bacteria|p__Actinobacteriota|c__Actinobacteria|o__Bifidobacteriales|f__Bifidobacteriaceae|g__Bifidobacterium|s__Bifidobacterium_bifidum	0.004913	0.006112	0.000242	1e-05	0.002144	0.000151	0.009146	0.010012	0.007421	0.009325	0.005771	0.007334	0.008786	0.002198	0.007066	0.000812	0.01184	0.009569	0.000334	0.007923	0.001959	0.000314	0.009382	0.004439	0.006127	0.001286	0.00098
k__Bacteria|p__Actinobacteriota|c__Actinobacteria|o__Bifidobacteriales|f__Bifidobacteriaceae|g__Bifidobacterium|s__Bifidobacterium_breve	0.00146	0.000899	0.000839	0.003884	0.006539	0.001576	0.00019	0.000158	0.000471	0.000174	0.001051	0.000578	0.000252	0.006217	0.000645	9.3e-05	0.000154	0.00016	0.003576	0.00038	0.007888	0.003237	0.000217	0.001593	0.00091	0.011776	8.5e-05
k__Bacteria|p__Actinobacteriota|c__Actinobacteria|o__Bifidobacteriales|f__Bifidobacteriaceae|g__Bifidobacterium|s__Bifidobacterium_dentium	0.001596	0.000334	0.030079	0.003261	0.001542	0.035612	0.000975	0.000573	0.001046	0.001155	0.000301	0.00127	0.001002	0.001584	0.00115	0.002149	0.000692	0.000603	0.0002	0.001161	0.001534	0.000202	0.00091	0.001473	0.000329	0.001252	0.003632
k__Bacteria|p__Actinobacteriota|c__Actinobacteria|o__Bifidobacteriales|f__Bifidobacteriaceae|g__Bifidobacterium|s__Bifidobacterium_kashiwanohense	0.000814	0.000481	1.5e-05	1e-05	0.000332	1.3e-05	0.000942	0.000853	0.001162	0.000815	0.000425	0.001236	0.001064	0.00035	0.001262	1.6e-05	0.000733	0.00087	2.1e-05	0.001131	0.0003	1.8e-05	0.001023	0.000852	0.000439	0.000174	2.3e-05
k__Bacteria|p__Actinobacteriota|c__Actinobacteria|o__Bifidobacteriales|f__Bifidobacteriaceae|g__Bifidobacterium|s__Bifidobacterium_pseudocatenulatum	0.067119	0.048351	0.001955	0.000262	0.134987	0.001525	0.028767	0.024678	0.044658	0.026861	0.053976	0.046847	0.032962	0.132203	0.050455	0.007069	0.021313	0.027467	0.16689	0.03845	0.147748	0.150535	0.030755	0.074621	0.050646	0.197423	0.005494
k__Bacteria|p__Firmicutes|c__Clostridia|o__Oscillospirales|f__Ruminococcaceae|g__Incertae_Sedis|s__Carnobacterium_sp.	0.000138	0.000654	2.2e-05	1e-05	4.5e-05	1.6e-05	0.000333	0.000527	0.000265	0.000366	0.000665	0.000223	0.000311	4.7e-05	0.00022	4.4e-05	0.00089	0.000477	5.6e-05	0.000245	4.1e-05	5.2e-05	0.000388	0.000114	0.000677	2.2e-05	4.8e-05
k__Bacteria|p__Firmicutes|c__Clostridia|o__Clostridiales|f__Clostridiaceae|g__Clostridium_sensu_stricto_1|s__Clostridium_tertium	0.000291	5.9e-05	0.010226	0.001222	0.000267	0.012268	0.000181	9.2e-05	0.000193	0.000222	5.3e-05	0.000241	0.000181	0.000267	0.000207	0.00057	0.000132	0.000102	5.4e-05	0.000219	0.000266	5.8e-05	0.00016	0.000249	5.8e-05	0.000229	0.000904
k__Bacteria|p__Firmicutes|c__Negativicutes|o__Veillonellales-Selenomonadales|f__Veillonellaceae|g__Dialister|s__Dialister_invisus	0.000517	0.00095	2e-05	1e-05	0.000252	1.5e-05	0.000868	0.001147	0.000867	0.000869	0.000852	0.000766	0.000821	0.000261	0.000751	4.3e-05	0.001483	0.001081	5.4e-05	0.000757	0.000243	4.8e-05	0.000925	0.000473	0.000914	0.000163	4.8e-05
k__Bacteria|p__Firmicutes|c__Bacilli|o__Lactobacillales|f__Enterococcaceae|g__Enterococcus|s__Enterococcus_dispar	0.000177	3.4e-05	0.004257	0.000516	0.000101	0.005028	0.000158	8.2e-05	0.000168	0.000176	3e-05	0.000217	0.00017	0.000105	0.000195	0.000331	9.7e-05	9.4e-05	1.7e-05	0.000204	9.7e-05	1.8e-05	0.000157	0.000168	3.4e-05	6.5e-05	0.000521
k__Bacteria|p__Firmicutes|c__Bacilli|o__Lactobacillales|f__Enterococcaceae|g__Enterococcus|s__Enterococcus_faecalis	0.002629	0.000321	0.060314	0.058934	0.002661	0.112483	0.001332	0.000705	0.001889	0.001363	0.000273	0.002389	0.001634	0.002729	0.002322	0.001166	0.000605	0.000813	0.000118	0.002051	0.002695	0.000123	0.001351	0.002558	0.000298	0.002262	0.002048
k__Bacteria|p__Firmicutes|c__Bacilli|o__Erysipelotrichales|f__Erysipelatoclostridiaceae|g__Erysipelatoclostridium|s__Erysipelatoclostridium_ramosum	0.010141	0.00375	0.043026	0.005204	0.008947	0.040151	0.007825	0.005065	0.007747	0.00957	0.003643	0.008514	0.007595	0.008904	0.00772	0.013064	0.0067	0.005392	0.002596	0.008076	0.008877	0.002713	0.007356	0.00838	0.003855	0.007609	0.017745
k__Bacteria|p__Firmicutes|c__Clostridia|o__Lachnospirales|f__Lachnospiraceae|g__Agathobacter|s__Eubacterium_ramulus	0.000961	0.001237	1.7e-05	1e-05	0.000224	1.2e-05	0.002774	0.003035	0.002003	0.002705	0.001019	0.001902	0.002593	0.000236	0.001734	5e-05	0.003345	0.002931	2.4e-05	0.002202	0.000195	2.1e-05	0.002791	0.000809	0.00111	0.000102	7e-05
k__Bacteria|p__Firmicutes|c__Clostridia|o__Lachnospirales|f__Lachnospiraceae|g__uncultured|s__Faecalimonas_umbilicata	0.004707	0.002469	0.002741	0.000193	0.00706	0.002184	0.001669	0.001275	0.002422	0.001865	0.002723	0.002797	0.001904	0.007018	0.002822	0.002868	0.001534	0.001312	0.002945	0.002182	0.007353	0.003178	0.001731	0.004585	0.002536	0.007249	0.0025
k__Bacteria|p__Firmicutes|c__Clostridia|o__Lachnospirales|f__Lachnospiraceae|g__Lachnoclostridium|s__Lachnoclostridium_sp.	0.000392	8.2e-05	1.3e-05	1e-05	0.000812	1.3e-05	8.2e-05	4.9e-05	0.000167	6.9e-05	8.3e-05	0.000225	0.00011	0.000808	0.000243	1e-05	4e-05	5.5e-05	1e-05	0.000161	0.000856	1e-05	9.2e-05	0.000454	7.6e-05	0.000852	1e-05
k__Bacteria|p__Firmicutes|c__Bacilli|o__Lactobacillales|f__Lactobacillaceae|g__Lactobacillus|s__Lactobacillus_amylovorus	0.005283	0.000353	1e-05	1e-05	0.006171	1e-05	0.001104	0.000523	0.003003	0.00071	0.000339	0.004469	0.001864	0.006208	0.005116	1e-05	0.000207	0.000658	1e-05	0.003066	0.005932	1e-05	0.001354	0.006727	0.000312	0.004693	1e-05
k__Bacteria|p__Firmicutes|c__Bacilli|o__Lactobacillales|f__Lactobacillaceae|g__Lactobacillus|s__Lactobacillus_fermentum	0.000648	0.002408	2.3e-05	1e-05	0.001287	1.5e-05	0.00028	0.000376	0.00035	0.000333	0.002946	0.000322	0.00028	0.001234	0.000342	0.000105	0.000691	0.000335	0.007446	0.000267	0.001404	0.006631	0.000298	0.000572	0.002677	0.001677	7.2e-05
k__Bacteria|p__Firmicutes|c__Bacilli|o__Lactobacillales|f__Lactobacillaceae|g__Lactobacillus|s__Lactobacillus_mucosae	0.003538	0.002687	0.000175	1e-05	0.004871	0.000133	0.00219	0.002279	0.002625	0.002196	0.002805	0.002718	0.00236	0.004765	0.002892	0.000227	0.002602	0.002053	0.00051	0.002424	0.00503	0.000456	0.002297	0.003369	0.002774	0.004909	0.000265
k__Bacteria|p__Firmicutes|c__Bacilli|o__Lactobacillales|f__Lactobacillaceae|g__Lactobacillus|s__Lactobacillus_paragasseri	0.001013	0.001314	0.000123	1e-05	0.002017	8.9e-05	0.000475	0.000474	0.000596	0.000531	0.001508	0.000574	0.000473	0.00193	0.000599	0.000202	0.000783	0.000479	0.000887	0.000489	0.002229	0.000834	0.000502	0.000865	0.001461	0.002508	0.000182
k__Bacteria|p__Firmicutes|c__Bacilli|o__Lactobacillales|f__Lactobacillaceae|g__Lactobacillus|s__Lactobacillus_phage	0.000329	0.00132	8.3e-05	1e-05	0.000209	5.3e-05	0.000556	0.000854	0.000443	0.000675	0.001326	0.000379	0.000502	0.000214	0.000384	0.000291	0.001617	0.000726	0.000395	0.000397	0.000206	0.000394	0.000559	0.000299	0.001406	0.000155	0.000262
k__Bacteria|p__Firmicutes|c__Bacilli|o__Lactobacillales|f__Lactobacillaceae|g__Lactobacillus|s__Lactobacillus_rhamnosus	0.001119	0.002632	0.000204	1.6e-05	0.003822	0.000188	0.000284	0.000341	0.000422	0.000296	0.003526	0.000427	0.000306	0.003616	0.000452	0.00025	0.000507	0.000317	0.012105	0.000344	0.004509	0.010499	0.000324	0.000968	0.002975	0.006397	0.000184
k__Bacteria|p__Firmicutes|c__Bacilli|o__Erysipelotrichales|f__Erysipelatoclostridiaceae|g__Erysipelatoclostridium|s__Massiliomicrobiota_timonensis	0.002057	0.000377	3.6e-05	1e-05	0.00302	3.2e-05	0.000744	0.000407	0.001189	0.000619	0.000357	0.001595	0.000931	0.003028	0.001536	1.7e-05	0.000315	0.000466	2.9e-05	0.001269	0.00322	2.3e-05	0.000811	0.002049	0.000347	0.002854	2.8e-05
k__Bacteria|p__Actinobacteriota|c__Actinobacteria|o__Actinomycetales|f__Actinomycetaceae|g__Actinomyces|s__Mycobacterium_tuberculosis	0.000544	0.001393	0.001687	0.000961	0.000202	0.002112	0.001524	0.001992	0.001138	0.001582	0.001171	0.00101	0.001336	0.00021	0.000957	0.000834	0.002884	0.001893	0.000293	0.001122	0.00019	0.0003	0.001539	0.000462	0.001308	0.000122	0.000868
k__Bacteria|p__Bacteroidota|c__Bacteroidia|o__Bacteroidales|f__Tannerellaceae|g__Parabacteroides|s__Parabacteroides_merdae	0.001677	0.007351	0.001046	2.9e-05	0.000836	0.000639	0.003355	0.004917	0.002218	0.004113	0.007022	0.001888	0.002738	0.000859	0.001817	0.005662	0.01053	0.004287	0.007699	0.002152	0.000789	0.008053	0.00325	0.001348	0.007711	0.000566	0.004081
k__Bacteria|p__Firmicutes|c__Negativicutes|o__Acidaminococcales|f__Acidaminococcaceae|g__Phascolarctobacterium|s__Phascolarctobacterium_faecium	0.002306	0.002551	4.6e-05	1e-05	0.000961	3.3e-05	0.004096	0.004545	0.003404	0.004002	0.002301	0.003302	0.003893	0.000997	0.003198	9.9e-05	0.005219	0.004373	8.5e-05	0.003475	0.000885	7.1e-05	0.004188	0.002034	0.002422	0.000565	0.000141
k__Bacteria|p__Firmicutes|c__Clostridia|o__Lachnospirales|f__Lachnospiraceae|g__Roseburia|s__Roseburia_faecis	0.000614	6.7e-05	0.006458	0.000397	0.000582	0.006583	0.000323	0.000161	0.000372	0.000388	6.2e-05	0.000475	0.000347	0.000582	0.000441	0.000759	0.000185	0.000171	4.3e-05	0.00042	0.00057	4.8e-05	0.000298	0.000565	7e-05	0.000473	0.001222
k__Bacteria|p__Firmicutes|c__Clostridia|o__Lachnospirales|f__Lachnospiraceae|g__Roseburia|s__Roseburia_intestinalis	0.00397	0.001684	0.000431	1.7e-05	0.003322	0.000341	0.002902	0.002261	0.003242	0.002992	0.001636	0.003753	0.003162	0.003375	0.003808	0.000586	0.002458	0.002196	0.000362	0.003411	0.003219	0.00036	0.002916	0.003943	0.001717	0.002609	0.000703
k__Bacteria|p__Firmicutes|c__Clostridia|o__Lachnospirales|f__Lachnospiraceae|g__Roseburia|s__Roseburia_inulinivorans	0.000553	0.000479	3.1e-05	1e-05	0.000499	2.4e-05	0.000389	0.000367	0.000492	0.000392	0.000471	0.000497	0.000411	0.0005	0.000502	3.3e-05	0.000474	0.000375	9.1e-05	0.000431	0.000501	8e-05	0.000401	0.000512	0.00049	0.000396	4e-05
k__Bacteria|p__Actinobacteriota|c__Actinobacteria|o__Micrococcales|f__Micrococcaceae|g__Rothia|s__Rothia_mucilaginosa	0.00072	0.000144	0.004971	8.5e-05	0.000285	0.003853	0.00082	0.000502	0.000767	0.000933	0.000119	0.000928	0.000845	0.000304	0.00087	0.002118	0.000544	0.000522	4.4e-05	0.0009	0.000249	5.1e-05	0.000764	0.000726	0.000138	0.000137	0.00292
k__Bacteria|p__Firmicutes|c__Clostridia|o__Oscillospirales|f__Ruminococcaceae|g__Negativibacillus|s__Ruminococcus_sp.	0.000647	0.000425	3.5e-05	1e-05	0.000293	2.7e-05	0.000918	0.000862	0.000967	0.000771	0.000372	0.001112	0.000984	0.000319	0.001114	3.8e-05	0.000817	0.000831	2.8e-05	0.001064	0.000274	2.4e-05	0.000936	0.000761	0.000406	0.000164	5.7e-05
k__Bacteria|p__Firmicutes|c__Bacilli|o__Lactobacillales|f__Streptococcaceae|g__Streptococcus|s__Streptococcus_agalactiae	6.7e-05	0.000127	0.00126	2e-05	2.7e-05	0.000742	0.000118	0.000113	7.2e-05	0.000198	0.000129	6.7e-05	8.9e-05	2.7e-05	5.7e-05	0.003634	0.00029	0.0001	0.00059	7.2e-05	2.5e-05	0.00078	0.0001	4.8e-05	0.000147	1.7e-05	0.002617
k__Bacteria|p__Firmicutes|c__Bacilli|o__Lactobacillales|f__Streptococcaceae|g__Streptococcus|s__Streptococcus_parasanguinis	0.000236	0.001001	0.000178	1e-05	5.9e-05	0.0001	0.000969	0.001506	0.000544	0.001237	0.000917	0.000434	0.000758	6.2e-05	0.000399	0.000823	0.00309	0.001274	0.000192	0.000521	5.3e-05	0.000203	0.00092	0.000181	0.001062	2.8e-05	0.00069
k__Bacteria|p__Firmicutes|c__Bacilli|o__Lactobacillales|f__Streptococcaceae|g__Streptococcus|s__Streptococcus_pasteurianus	0.017002	0.06536	0.004475	0.000654	0.015654	0.003471	0.024442	0.03309	0.020344	0.027937	0.067504	0.017732	0.021478	0.015828	0.017983	0.011932	0.056948	0.032125	0.06207	0.01876	0.016064	0.058639	0.024188	0.016244	0.070264	0.016204	0.010293
k__Bacteria|p__Firmicutes|c__Clostridia|o__Lachnospirales|f__Lachnospiraceae|g__Tyzzerella|s__Tyzzerella_sp.	0.002501	0.004306	0.000381	1.1e-05	0.002069	0.000269	0.003126	0.003504	0.002841	0.0033	0.004329	0.002761	0.002891	0.002096	0.00274	0.000873	0.004773	0.003218	0.0011	0.002781	0.00209	0.001039	0.003059	0.002372	0.004451	0.001913	0.000849
k__Bacteria|p__Firmicutes|c__Negativicutes|o__Veillonellales-Selenomonadales|f__Veillonellaceae|g__Veillonella|s__Veillonella_ratti	0.000541	0.006547	0.000334	1e-05	0.000199	0.000169	0.001913	0.003863	0.001039	0.00265	0.006616	0.000721	0.001393	0.000199	0.000668	0.00432	0.011242	0.003222	0.007575	0.000884	0.000188	0.008915	0.001963	0.000343	0.007451	0.000126	0.00247
k__Bacteria|p__Firmicutes|c__Clostridia|o__Lachnospirales|f__Lachnospiraceae|g__Lachnoclostridium|s__[Clostridium]_bolteae	0.000523	0.001049	2.4e-05	1e-05	0.00016	1.5e-05	0.001383	0.00177	0.001038	0.001361	0.000931	0.000979	0.001246	0.000172	0.000943	5.2e-05	0.00238	0.001554	4e-05	0.001073	0.000145	3.5e-05	0.001438	0.000477	0.001005	7.7e-05	6.8e-05
k__Bacteria|p__Firmicutes|c__Clostridia|o__Oscillospirales|f__Ruminococcaceae|g__Incertae_Sedis|s__[Clostridium]_leptum	0.001823	0.000465	2.3e-05	1e-05	0.000834	2e-05	0.001297	0.000944	0.00203	0.001013	0.000433	0.002517	0.001676	0.000882	0.002601	1.7e-05	0.000643	0.000989	1.4e-05	0.002113	0.000761	1.2e-05	0.001468	0.00197	0.000434	0.000426	2.6e-05
k__Bacteria|p__Firmicutes|c__Bacilli|o__Erysipelotrichales|f__Erysipelatoclostridiaceae|g__Erysipelatoclostridium|s__[Clostridium]_spiroforme	0.00167	0.000459	3.6e-05	1e-05	0.001827	3.2e-05	0.000806	0.000547	0.001094	0.000723	0.000425	0.001436	0.00096	0.001866	0.001419	2.5e-05	0.000489	0.000574	3.2e-05	0.001231	0.001834	2.7e-05	0.000893	0.00173	0.000421	0.001481	3.8e-05
k__Bacteria|p__Firmicutes|c__Clostridia|o__Lachnospirales|f__Lachnospiraceae|g__Agathobacter|s__[Eubacterium]_rectale	0.003295	0.001556	3.9e-05	1e-05	0.000838	3.2e-05	0.006407	0.005671	0.006195	0.005637	0.001355	0.006567	0.007031	0.000911	0.006418	5.6e-05	0.004074	0.005711	5.7e-05	0.006923	0.000725	4.8e-05	0.007077	0.003308	0.001454	0.00037	9.2e-05
k__Bacteria|p__Firmicutes|c__Clostridia|o__Lachnospirales|f__Lachnospiraceae|g__[Ruminococcus]_gnavus_group|s__[Ruminococcus]_gnavus	0.002473	0.000103	0.000824	0.000443	0.006019	0.001505	0.00021	8.1e-05	0.00061	0.000156	0.000104	0.001062	0.000354	0.005956	0.00117	1.8e-05	4.2e-05	0.0001	2.9e-05	0.000637	0.006191	2.5e-05	0.000243	0.002964	9.2e-05	0.006082	3.6e-05
k__Bacteria|p__Firmicutes|c__Clostridia|o__Lachnospirales|f__Lachnospiraceae|g__[Ruminococcus]_torques_group|s__metagenome	0.001976	0.001429	5e-05	1e-05	0.00126	3.5e-05	0.002221	0.002241	0.002303	0.00216	0.001306	0.002388	0.0023	0.001318	0.002358	8.2e-05	0.002377	0.00214	8.9e-05	0.002281	0.00121	7.8e-05	0.002324	0.001953	0.001375	0.000825	0.000111
k__Bacteria|p__Firmicutes|c__Clostridia|o__Lachnospirales|f__Lachnospiraceae|g__[Eubacterium]_ventriosum_group|s__uncultured_Lachnospiraceae	0.001809	0.000323	1.6e-05	1e-05	0.000712	1.5e-05	0.001458	0.000855	0.002212	0.001008	0.000281	0.002985	0.001867	0.000762	0.003015	1e-05	0.000461	0.000979	1e-05	0.002581	0.000629	1e-05	0.001551	0.002167	0.000289	0.000349	1.7e-05
k__Bacteria|p__Firmicutes|c__Clostridia|o__Lachnospirales|f__Lachnospiraceae|g__Roseburia|s__uncultured_Roseburia	0.000291	0.001063	2.2e-05	1e-05	6e-05	1.5e-05	0.001147	0.001664	0.000762	0.001169	0.000967	0.000683	0.000953	6.4e-05	0.000602	6.5e-05	0.002566	0.001515	6.3e-05	0.000782	5.2e-05	5.5e-05	0.001117	0.000255	0.001078	2.7e-05	7.5e-05
k__Bacteria|p__Firmicutes|c__Clostridia|o__Oscillospirales|f__Ruminococcaceae|g__Faecalibacterium|s__uncultured_Ruminococcaceae	0.000578	0.000663	3.7e-05	1e-05	0.000183	2.6e-05	0.00101	0.001126	0.000899	0.001036	0.000624	0.000891	0.000994	0.000194	0.000863	7.9e-05	0.0013	0.001026	6.5e-05	0.0009	0.00016	5.9e-05	0.00105	0.000526	0.000673	8.5e-05	8.8e-05
k__Bacteria|p__Firmicutes|c__Negativicutes|o__Acidaminococcales|f__Acidaminococcaceae|g__Acidaminococcus|s__uncultured_organism	0.002993	0.001654	0.006966	0.001216	0.001259	0.008319	0.00468	0.004017	0.004622	0.004237	0.001389	0.004926	0.004803	0.001331	0.004691	0.001162	0.003901	0.00427	0.000208	0.005008	0.001173	0.000195	0.004846	0.002948	0.001491	0.000756	0.001875
k__Bacteria|p__Actinobacteriota|c__Actinobacteria|o__Bifidobacteriales|f__Bifidobacteriaceae|g__Bifidobacterium|s__uncultured_rumen	0.003253	0.006067	2.9e-05	1e-05	0.007055	2.1e-05	0.001165	0.001344	0.001683	0.001204	0.007765	0.001716	0.001243	0.006876	0.001828	0.000137	0.001745	0.001251	0.013638	0.001357	0.007642	0.011316	0.001267	0.003258	0.006884	0.009335	0.000102
k__Bacteria|p__Firmicutes|c__Clostridia|o__Oscillospirales|f__[Eubacterium]_coprostanoligenes_group|g__[Eubacterium]_coprostanoligenes_group|s__unidentified	0.000967	0.000272	2.3e-05	1e-05	0.000539	2.2e-05	0.000788	0.000565	0.001053	0.000632	0.000246	0.001302	0.000964	0.000562	0.001288	1.1e-05	0.000396	0.000633	1e-05	0.001169	0.000503	1e-05	0.000869	0.001013	0.000254	0.00033	1.9e-05
