# Feature / Sample	Validation|LLDeep_0001	Validation|LLDeep_0003	Validation|LLDeep_0010	Validation|LLDeep_0011	Validation|LLDeep_0012	Validation|LLDeep_0015	Validation|LLDeep_0018	Validation|LLDeep_0021	Validation|LLDeep_0022	Validation|LLDeep_0024	Validation|LLDeep_0026	Validation|LLDeep_0027	Validation|LLDeep_0028	Validation|LLDeep_0029	Validation|LLDeep_0030	Validation|LLDeep_0033	Validation|LLDeep_0034	Validation|LLDeep_0037	Validation|LLDeep_0039	Validation|LLDeep_0043	Validation|LLDeep_0047	Validation|LLDeep_0052	Validation|UMCGIBD00072	Validation|UMCGIBD00122	Validation|UMCGIBD00030	Validation|UMCGIBD00167	Validation|UMCGIBD00208	Validation|UMCGIBD00032	Validation|UMCGIBD00529	Validation|UMCGIBD00371	Validation|UMCGIBD00145	Validation|UMCGIBD00613	Validation|UMCGIBD00004	Validation|UMCGIBD00053	Validation|UMCGIBD00269	Validation|UMCGIBD00250	Validation|UMCGIBD00327	Validation|UMCGIBD00249	Validation|UMCGIBD00461	Validation|UMCGIBD00266	Validation|UMCGIBD00347	Validation|UMCGIBD00645	Validation|UMCGIBD00361	Validation|UMCGIBD00485	Validation|UMCGIBD00041	Validation|UMCGIBD00126	Validation|UMCGIBD00082	Validation|UMCGIBD00442	Validation|UMCGIBD00412	Validation|UMCGIBD00539	Validation|UMCGIBD00077	Validation|UMCGIBD00141	Validation|UMCGIBD00389	Validation|UMCGIBD00112	Validation|UMCGIBD00508	Validation|UMCGIBD00588	Validation|UMCGIBD00106	Validation|UMCGIBD00393	Validation|UMCGIBD00458	Validation|UMCGIBD00254	Validation|UMCGIBD00593	Validation|UMCGIBD00233	Validation|UMCGIBD00238	Validation|UMCGIBD00027	Validation|UMCGIBD00064
Bifidobacterium_adolescentis	0.0288351	0.0	0.0001422	0.1121619999999999	0.0941381999999999	0.139166	0.0205069	0.0538125	0.0938725	0.123543	0.000168	0.0	0.0983975	0.0	0.0679968	6.34e-05	0.117373	0.228328	0.0005349	0.361701	0.0767975	0.0119583	0.173768	0.0277341	4.55e-05	0.0732549	0.0	0.0	0.0	1.36e-05	1.07e-05	0.0477856	0.0308816	0.176097	0.19441	0.0	0.0160154	0.0	0.0	0.260875	0.19145	0.0	0.0	0.0	0.0	0.0	0.0	0.277727	0.0437212	0.19159	0.0019576	0.0	0.159625	0.148219	0.126038	0.031199	0.0	0.0001091	0.11614	0.0	0.288639	0.134661	0.0621243	0.0	1.18e-05
Bifidobacterium_animalis	0.0	0.0	0.0	0.0	0.0	0.0	0.025793	0.0	0.0	0.0	0.0	0.0	0.0	0.0	0.0	0.0015026	0.0	0.0	0.0	0.0	8.669999999999999e-05	0.0010102	0.0	0.0	0.0	0.0	0.0	0.0	0.0	2.37e-05	0.0	0.0511327	0.0	0.0003968	0.0	0.0	0.0	0.0	0.0	0.0	0.0	0.0	0.0	0.0	0.0	0.0	0.0	0.0	0.0	0.0	0.0	0.0	0.0	0.0	0.0	0.0	0.0	0.0	0.0	0.0080725	0.0	0.0	0.0	0.0	0.0
Bifidobacterium_bifidum	0.0	0.0	0.0	0.0035095	0.0	0.0209342	3.87e-05	0.0082547999999999	0.0089607	0.0	0.0	0.0	0.0	0.0	0.0	0.0	0.0	0.0266149999999999	2.9e-06	0.0809291999999999	0.0288675	0.0256077999999999	0.0148215	0.074875	0.0	0.0316396	0.0	0.0	0.0471291999999999	0.0	0.0	0.0211483	0.0	0.0627258	0.122971	0.110966	0.02189	0.0	0.0	0.0845148999999999	0.0	0.1330039999999999	0.0017939	0.0	0.0	0.122417	0.0954661	0.0026696	0.037012	0.053484	0.0	0.0	0.0119021	0.0	0.113092	0.0	0.0	0.0	0.0	0.0091613	0.0	0.0	0.030159	0.0	0.170149
Bifidobacterium_catenulatum	0.0	0.0	0.0	0.0160828	0.0	0.0	0.0	0.0	0.0	0.0018809999999999	0.0	0.0	0.0	0.0	0.0	0.0537434	0.0752773	0.0	0.0	1.4800000000000002e-05	0.0	0.0256685999999999	0.0004208	0.0	0.0	0.0	0.0	0.0	0.0	0.0	0.0	0.0028113	0.0014103	0.0001685	0.0	0.0	0.0	0.0	0.0	0.0	0.0	0.0	0.0	0.0	0.0	0.0	0.0	0.0	0.0	0.0	0.0	0.0	0.0004444	0.0	0.0	0.0	0.0	0.0	0.0	0.0	0.0	0.0	0.0004026	0.0	0.0
Bifidobacterium_dentium	0.0	0.0	0.001759	0.0	0.0	0.0	0.0	0.0	0.0	0.0016384	0.0	0.0	0.0	0.0	0.0	0.0	0.0	0.0	0.0	0.0004779	0.0	0.0	0.0	0.0	0.0	0.0	0.0	0.0	0.0	0.0	0.0	0.0	3.32e-05	0.0007675	0.0002811	0.0583138	0.0015871	0.0003843999999999	0.0028061	7.64e-05	0.0	0.0	0.0	0.0	0.0	0.0002807	0.0	0.0	6.54e-05	0.003707	0.0001406999999999	0.0	0.0	4.16e-05	0.0	0.0	0.0	0.0	8.1e-05	0.0160421	0.0024617	0.0	0.0	0.0	0.0
Bifidobacterium_longum	0.017491	0.159213	0.201164	0.0980578999999999	0.0235212	0.0098959999999999	0.0004434	0.0038289	0.017043	0.006473	0.0001136	0.0970997	0.0127248999999999	0.194806	0.0033034999999999	0.1386349999999999	0.0712126	0.152256	0.0003146	0.0286977	0.2026329999999999	0.0384237	0.0731087	0.0177804	0.0	0.0176434	0.0	0.0183197	0.0661313	0.166352	0.0378419	0.0112252999999999	0.0369163	0.152545	0.220273	0.0355529999999999	0.0207203	0.125058	0.0	0.0399379	0.0939021999999999	0.0592698	0.029436	0.114689	0.0	0.520842	0.0478424	0.0680038999999999	0.0888601	0.06737	0.0090804	0.0042141999999999	0.0243750999999999	0.0026478	0.0204273	0.161233	0.0	0.0893424	0.0034214	0.0001084	0.0262906	0.0173193	0.0974422	0.0	0.0003197
Bifidobacterium_pseudocatenulatum	0.0015505999999999	0.0	0.0	0.0	0.009269	0.0	0.0	0.0	0.0	0.0	0.0	0.0	0.0019847	0.0	0.0	0.0	0.0	0.0	0.0	0.0	0.0	7.25e-05	0.0026644	0.0003612	0.0	0.0	0.0	0.0	0.0169429	0.0	0.0	0.0	0.0	0.0	0.0	0.0	0.0	0.0	0.0	0.0	0.0	0.0	0.0669577	0.0	0.0	0.0	0.120123	0.0	0.0203366	0.0	0.0	0.0	0.0	0.0	0.0	0.0017441	0.0	0.0	0.0	0.0	0.0	0.0	0.0101792	0.0	0.0
Adlercreutzia_equolifaciens	0.0003737	0.0	0.0	0.0017112	0.0003828	0.0034748	0.0	0.0022923	0.0032412	0.0007159	0.0044236999999999	0.002043	0.0018922999999999	0.0062193	0.0049912	0.000248	0.0017697	0.0023035	0.0	0.0017667	0.0	0.0053963	1.9e-06	0.0004414	0.0	0.0	0.0009457	0.0	0.0006347	0.0	0.0	0.0002378	0.0	0.0	0.0	0.0	0.0027699	0.004572	0.0	0.0	0.0083584	0.0	0.0	0.0	0.0	0.0	0.0	0.0017392	0.0018180999999999	0.000244	0.0	0.0	0.0001549	0.0078872	0.0001520999999999	0.0002028	0.0	0.0	0.0005972	0.0	0.0023458	0.0	0.0004769	0.0113682	0.0
Collinsella_aerofaciens	0.021514	0.0	0.0	0.0344349	0.0454582	0.0433859	0.0452473	0.0153540999999999	0.0262804	0.0364047	0.0819103	0.0164875	0.0680018	0.0300496	0.0585815	0.0311892999999999	0.088077	0.0099843	0.0001238	0.130733	0.021648	0.0197842999999999	0.0421439	0.120117	0.0	0.0402604	0.0	0.0	0.0550901999999999	0.0629983	0.0	0.0310332	0.0466778	0.0	0.134067	0.0	0.02174	0.117447	0.0	0.0613325	0.0	0.0038374	0.0107363999999999	0.0	0.0	0.0	0.0876038	0.0392611	0.021141	0.0	0.0298832	0.0	0.0572178	0.0240243	0.0759388999999999	0.0323018	0.0	0.0	0.125463	0.0	0.166519	0.0	0.0	0.0	0.0
Eggerthella_lenta	0.0	0.0003856	0.0204	0.0001107	0.0	1.0800000000000002e-05	8e-06	0.0002258	0.0	6.929999999999999e-05	0.0	5.5e-06	3.67e-05	0.0	0.0	0.0006016	8.23e-05	8.52e-05	0.011592	0.0	0.0001631	0.0	1.8e-05	0.0	4.49e-05	0.0	8.5e-06	4.59e-05	0.0011930999999999	0.0	0.0	0.0	0.0	0.0021758	0.0012364	0.0	0.0001673	0.0039698	0.0	0.0001732	0.0	0.0	0.0033065	0.0008932	0.0066056	0.0	0.0048629	0.000437	0.0007092	0.0016076	0.0	0.0023636	0.0001	0.0001536	0.0002098	0.0	0.0	0.0075956	0.0	0.0	0.0	0.0001719	0.0036093	5.04e-05	0.0037361999999999
Eggerthella_unclassified	0.0	0.0073036999999999	0.0125554	0.0	0.0001042	0.0002747	0.0	0.0005434	2.46e-05	3.54e-05	0.0004296	0.0005267	0.000267	0.0046695	0.0002025	0.0006736	0.0	0.0002079	0.0412319	7.63e-05	0.0	0.004113	0.0	0.0	0.0054489	0.0	0.0	0.0218345	0.0082152	0.0057034	0.0	0.000244	0.0	0.0052683	0.0083669	0.0004748	0.0003828	0.0040041	0.0	0.0006020999999999	0.0027233	0.0	0.0031232	0.007026	0.0163615	0.0269657	0.0063877	0.0	0.0005439	0.0380452	0.0003686	0.0698201	0.000215	0.0044611	0.000455	7.28e-05	0.00042	0.0211266999999999	0.0052832999999999	0.0	0.0	0.0352598	0.0102952999999999	0.0005788	0.0137663999999999
Gordonibacter_pamelaeae	0.0	0.0021582	0.0161932	0.0002549999999999	0.0	0.0001593	8.540000000000002e-05	0.0002793999999999	3.78e-05	0.0	0.0011669	0.0005075	0.0	0.0009212	0.0001954	6.890000000000001e-05	2.78e-05	0.0002015	0.0019227	0.001737	0.0001975	0.001821	0.0	0.0	0.0	0.0	0.0001416	2.11e-05	0.0019952999999999	0.0	0.0	0.0	0.0	0.0042801	0.0016787	0.0008027	0.0035288	0.0109623	0.0	0.0007182	0.0005001	0.0	0.0001346	0.0003727	0.0	0.0	0.0018645	0.003892	0.0008529	0.0	0.0	0.0018469	0.0	0.0054373	0.0	0.0008964	0.0084234	0.0061308	0.0	0.0	0.0	0.0031847	0.0004662	0.0056275	0.0007803
Slackia_piriformis	0.0	0.0	0.0	0.0025603	0.0006013	0.0	0.0	0.0	0.0028916	0.0	0.0	0.0	0.0	0.0	0.0	0.0	0.0	0.0	0.0	0.0	0.0	0.0	0.0	0.002724	0.0	0.0	0.0	0.0	0.0	0.0	0.0	0.0	0.0	0.0	0.0	0.002848	0.0	0.0	0.0	0.0	0.0	0.0047578	0.0	0.0	0.0	0.0	0.0	0.0	0.0	0.0	0.0146296	0.0	0.0	0.0	0.0	0.0	0.0	0.0	0.0	0.0	0.0	0.0	0.0	0.0	0.0
Bacteroides_caccae	0.0	0.0112911	0.0167044999999999	0.1183849999999999	0.0004502	0.005186	0.0001549	0.0726536999999999	0.0	0.0008574	0.0	0.0008336	0.0176268	0.0	0.0036327	0.0362426	0.0001220999999999	0.0014257	0.0	0.0	0.0052946	0.0007734	0.0	4.98e-05	0.0	0.0144712	0.006617	0.0	0.0142496	0.0	0.0	0.0052733999999999	0.0120312	0.0039414	0.0	0.0	0.0039145	0.0024243	0.0	0.0004072	0.0	0.0	0.0262004	0.0	0.0	0.0	0.0	0.0	0.0	0.0118195	0.0	0.0	0.0018965999999999	0.0036638	0.0217324	0.0	0.0	0.0	0.0228530999999999	0.0	0.0	0.0	0.0118449	0.0	0.0
Bacteroides_cellulosilyticus	0.0001171999999999	0.0	0.0471223	0.0026109	0.0001747	0.0031707	0.0001139999999999	7e-05	0.0	0.0	0.0	0.0	0.0	0.0	0.0	0.0	0.0	0.0	0.0	0.0	0.0056383	0.0009676999999999	0.0	0.0	0.0	0.0005334	0.0	0.0	0.0	0.0	0.0	0.0	0.0	0.0	0.0	0.0	0.0040413	0.0048609	0.0	0.0	0.0	0.0	0.0	0.0	0.0	0.0	0.0	0.0	0.0	0.0015540999999999	0.0	0.0	0.0004243999999999	0.0	0.0	0.0	0.0	0.0	0.0152551	0.0	0.0	0.0	0.0	0.0	0.0
Bacteroides_dorei	0.000708	0.0	0.0	0.0006995	0.0004345	0.0	0.003908	0.0	0.0007086	0.0041606	0.0	0.0005283	0.0002247	0.0198482	0.0002726999999999	0.0063996	0.0005492	0.0026698	0.0	1.02e-05	0.0070843999999999	5.91e-05	3.6000000000000003e-06	0.0	0.0214867	0.0087114	0.0025889	0.0	0.0357515	2.25e-05	0.0	0.0	0.0010374	0.0	0.0	0.0	0.0121086	0.0147677	0.0	0.005661	0.0159277	0.0	0.0035874	0.0	0.0	0.0	0.0332118	0.00116	0.0	0.0255717	0.0010857999999999	0.0	0.0	0.0	0.0047138999999999	0.0	0.0	0.0036873	0.0060853	0.0	0.0	0.0	0.0576004	0.0163585	0.0866171
Bacteroides_eggerthii	0.0016091999999999	0.0	0.0	0.0109107	0.0023453	0.0	0.000843	0.0	0.0111516	0.0019414999999999	0.0	0.0	0.0	0.0	0.0003944	0.0	2.35e-05	0.0	0.0	0.0	0.0	0.0078683	0.0	0.0	0.0	7.62e-05	0.0	0.0	0.0	0.0	0.0	0.0	0.0	0.0	0.0	0.0	0.0	0.0	0.0	0.0	0.0	0.0	0.0817705	0.0	0.0	0.0	0.0	0.0	0.0	0.0	0.0	0.0	0.0	0.0	0.0019477999999999	0.0	0.0	0.0	0.0447359	0.0	0.0017964	0.0	0.0	0.0	0.0
Bacteroides_faecis	0.0	0.0	0.0	0.000592	0.0007227	0.0	0.0	0.0111786	0.0073399	0.0	0.0	0.0	9.2e-06	0.0	0.0	0.0	0.0	0.0	0.0	0.0	0.0	0.0	0.0	0.0	0.0	0.0	0.0	0.0	0.0	0.0	0.0	0.0	0.0054852	0.0	0.0	0.0	0.0033796	0.0	0.0	0.0002139	0.0	0.0	0.0	0.0	0.0	0.0	0.0038379	0.0	0.0	0.0	0.0	0.0	0.0	0.0	3.15e-05	0.0	0.0	0.0	0.0001182	0.0	0.0	0.0	6.790000000000001e-05	0.0	0.0
Bacteroides_fragilis	0.0	0.0	0.0	1.47e-05	0.0	0.0023550999999999	0.0	0.0241426	0.0012113	0.0	0.0	0.0007765	0.0014454	0.0	0.0010115999999999	0.0	0.0	0.0	0.0054131	0.0	0.0001631	0.0	0.0	0.0	0.0262959999999999	0.0007023	0.0	0.0234050999999999	0.0003187	0.0266695	0.0	0.0	0.0020911	0.0018847999999999	0.0	0.0011439	0.0017172999999999	0.0	0.0	0.0	0.0173421	0.0007436	0.0	0.32101	0.0	0.0	0.0087658999999999	0.0	2.42e-05	0.0	0.0025368	0.0	0.0	0.0027311	0.0056279	0.0	0.0	0.0	0.0	0.0	0.0002302	0.0506394	0.034675	0.0	0.0034195999999999
Bacteroides_massiliensis	0.0066746	0.0	0.0208888	0.0212837	0.0025686999999999	0.0	0.0076622	0.0	0.0066406	0.0	0.0	0.0	0.0	0.0	0.0	0.0048196	0.0	0.0	0.0	0.0001665999999999	0.0	0.0034246	0.0	0.0	0.0	0.0	0.0015708	0.0	0.0	0.0	0.0	0.0	0.0526626999999999	0.0	0.0	0.0	0.0	0.0	0.0	0.0023925	0.0	0.0	0.0	0.0	0.0	0.0	0.0	0.0	0.0	0.0	0.0	0.0	0.0012007	0.0	0.0	0.0	0.0	0.0	0.0	0.0	0.0	0.0	0.0	0.0	0.0
Bacteroides_ovatus	3.1e-06	0.0006132999999999	0.0033162	0.0016618	1.92e-05	0.0	0.0008411	0.0005605	0.0036423	0.0	0.0006117	0.0077382	0.0016965	0.0	0.0008693999999999	0.0038540999999999	0.000417	0.0011164999999999	0.0	0.0	0.0001481	0.0005539	1.92e-05	0.0	0.0	0.0001505	0.0002215	0.0388390999999999	9.4e-06	0.0	0.0	0.0	0.0026037	0.0027984	0.004224	0.0	0.0009855999999999	0.0018794	0.0	0.0003593	0.0040615	0.0	0.0033134	0.0	0.0	0.0	0.0	0.0062545	0.0011499	0.0099283	3.5e-05	0.0	0.0008208	0.0158644	0.0004056	0.0	0.0	0.019523	1.96e-05	0.0	0.0	0.0	0.0043126999999999	0.0108192	0.0369431999999999
Bacteroides_stercoris	0.0	0.0087802	0.0	3.04e-05	0.0025233	0.0	0.0001042	0.0049206	0.0099367999999999	0.0	0.0	0.0	0.0071376	0.0	0.0	0.0001692	0.0	0.0	0.0	0.0	0.0007925	0.0	0.0016719999999999	0.0003819	0.0	0.0	0.0	0.0	0.0	0.0	0.0	0.0	0.148048	0.0	0.0	0.0	0.0573952	0.0	0.0	0.0	0.0	0.0	0.0	0.0	0.0	0.0	0.0146139999999999	0.0	0.0	0.0256308	0.0019824	0.0	0.0088497	3.18e-05	0.0	0.0	0.0	0.0	0.0020259	0.0	0.0017221	0.0	0.0	0.0	0.0
Bacteroides_thetaiotaomicron	5.629999999999999e-05	0.0048647	0.0058446	0.0	4.429999999999999e-05	0.0033453	0.0007254	0.0012204	0.0001288	4.970000000000001e-05	0.0	0.003196	0.0025655	0.0013903	0.0010624	0.0024531999999999	0.0001518	0.0	0.0	0.0	0.0011317999999999	0.0007454	0.0	0.0	0.189139	0.005968	2.55e-05	0.0	0.005605	0.0	0.0	0.0014624	0.0	0.0054166	0.0079098	0.0002013	0.0	0.000251	0.0	0.0	0.0	0.0	0.0	0.0	0.0	0.0	0.0	0.0	0.0002045999999999	0.0	0.001368	0.0	0.0	0.0	0.0020873	0.0	0.0	0.0096122	0.0060325	0.0	0.0	0.0	0.0052571	0.0	0.0059464
Bacteroides_uniformis	0.0385752	0.018789	0.0234227999999999	0.0089199	0.0172092	0.0090473	0.0148253999999999	0.0017015999999999	0.0114118999999999	0.0041701	0.0004984	0.0158391	0.0059381	0.0	0.000538	0.0042181	0.0010806	0.0321662	0.0	0.0004735	0.0166727999999999	0.0151333	9.38e-05	0.0014411	0.0	0.0256935999999999	0.0272223999999999	0.0452287	0.0046203	0.101352	0.0	0.015619	0.0238667	0.062903	0.0174114	0.0076504999999999	0.0012860999999999	0.0119262999999999	0.0	0.0024066	0.0696377	0.0	0.101937	0.0	0.109766	0.0	0.040242	0.0	0.0	0.0215072999999999	3e-06	0.0	0.0157885	0.0114998	0.0033491	0.0023133	0.0	0.0	0.0169658	0.0	0.0069887	0.0	0.0197672	0.0265017	0.0700972
Bacteroides_vulgatus	0.0076706	0.0212245	0.0249252	0.0111072	0.0080369	0.011545	0.0017481999999999	0.0059772	0.0100477	0.0026623	0.0008089999999999	0.0124651	0.0039114	0.0	0.0041251	0.0078254999999999	0.0003194999999999	0.0036815	0.0	0.0	0.0054401	0.0053928999999999	0.01063	0.0001215	0.239731	0.0129238	0.0079353	0.0	0.0115064	0.0823057	0.0	0.0159318	0.0253879	0.0125926	0.0	0.0090333	0.0215865999999999	0.003613	0.0	0.001321	0.0022616	0.0249747	0.002482	0.0	0.0	0.0	0.0	0.0069723	0.0180478	0.0019737	0.0041578999999999	0.0532478	0.0057523999999999	0.0194528	0.009988	0.0009246	0.1131809999999999	0.0297735	0.0039542	0.0	0.0036798	0.0	0.0046731	0.0326858	2.57e-05
Bacteroides_xylanisolvens	8.809999999999999e-05	0.001668	0.0016574	0.0001348	5.78e-05	0.000918	0.0	0.0006663	0.0006457	9e-05	0.0	0.0	9.05e-05	0.0013138	0.0003198	0.0008585	6.8e-06	3.11e-05	0.0	9.4e-06	0.0002238	0.0004183	0.0	0.0	0.0	0.0005344999999999	0.0	0.0	0.0019253	0.0	0.0	0.0005367999999999	0.0114996	0.0	0.0	0.0001713	0.0010691	0.0	0.0	8.31e-05	5.629999999999999e-05	0.0	0.0013978	0.0	0.0	0.0	0.0	0.0	1.9e-06	0.0	5.4000000000000005e-05	0.0033898	0.0	0.0	0.0017593	0.0	0.0	0.0	0.0058534	0.0	0.0	0.0	0.0	0.0	0.0
Bacteroidales_bacterium_ph8	0.0005936	0.0	0.0	0.0091098	0.0005806	0.0036954	0.0060723	0.0013250999999999	0.0072638	0.001014	0.0	0.0003911999999999	0.0004612	0.0013959	1.22e-05	0.0061751	2.59e-05	0.0014384	0.0001115	0.0	0.0029446	0.0001774	0.0	0.0002917	0.0	0.0010477	0.0036116	0.0001085	0.0022541999999999	0.0155110999999999	0.0	0.0039356	0.0	0.0	0.0	0.0003179	0.0017317999999999	0.0	0.0	9.12e-05	0.0024785	0.0	0.0	0.0	0.0	0.0	0.0011352	0.0	0.0006287	0.0	0.0	0.0	0.001964	0.0032855	0.0011675999999999	0.0004125	0.0	0.0013825999999999	0.0019993	0.0	0.0006365	0.004218	5.28e-05	0.0045489	0.0
Barnesiella_intestinihominis	0.0006554999999999	0.0	0.0109015	0.0263564	0.0009842	0.0027753	0.0113537999999999	0.002137	0.0129484	0.0020287	0.0	0.0002294	0.0095079	0.0027378	0.0013927	0.0135609	0.0002695	0.0021579	0.0012165999999999	8.44e-05	0.0010653	0.0016633	0.0	0.0018398	0.0	0.0212117	0.0153537999999999	0.0	0.0048231	0.0464661	0.0	0.0044192	0.0	0.0	0.0	0.0065293	0.0135437	0.0036518	0.0	0.0010812	0.0114291	0.0	0.0	0.0096901	0.0	0.0	0.0	0.0	0.0246932999999999	0.0	0.0015724	0.0	0.0	0.0	0.0075834999999999	0.0033515999999999	0.0	0.0	0.0075444999999999	0.0	0.0007742999999999	0.0	0.0100025	0.0	0.0
Odoribacter_splanchnicus	0.0	0.0	0.0	0.0023829	0.0	0.0	0.0015720999999999	0.0045133	0.0	0.0	0.0	0.0	0.0	0.0	0.0	0.0016637999999999	0.0	0.0	0.0	0.0	0.0	0.0	0.0	0.0	0.0	0.0	0.0086887999999999	0.0	0.0021074	0.0	0.0	0.0	0.0	0.0025763	0.0	0.0	0.0	0.0	0.0	0.0	0.0	0.0	0.0	0.0	0.0	0.0	0.0	0.0	0.0	0.0	0.0	0.0	0.0	0.0	0.0069022999999999	0.0	0.0	0.0036683999999999	0.0	0.0	0.0	0.0	0.0	0.0	0.0
Parabacteroides_distasonis	0.0001848	0.0010918	0.0002026999999999	0.0235768	0.0001471	0.0004224999999999	0.0	0.0065388	0.0021403	0.0005502999999999	0.0	9.01e-05	0.0014330999999999	0.0001375	0.0003919	0.0001047	0.0	0.0003587	0.0	0.0	0.0003085	8.48e-05	0.0	0.0005258999999999	0.0	0.0004796999999999	0.0011110999999999	0.0	0.01222	0.0	0.0	0.0001281	0.0	0.0032209	0.0090462	0.003042	0.0	0.0	0.0	2.8600000000000004e-05	0.0	0.0018804	0.0001865999999999	0.0	0.0	0.0056513	0.0025558	0.0	0.0087181	0.0	0.0005974999999999	0.0	0.0	0.0037534999999999	0.0012123	0.0002218	0.0	0.0050649	0.0004914	0.0	0.0	0.0	0.0001898	0.0	0.0
Parabacteroides_merdae	0.0005574	0.0	0.0040852	0.0098675	0.0012294	0.0	0.0016703	0.0	0.0	0.0023629	0.0	0.0	0.0046189	0.0	0.0	0.0048966999999999	0.0020266	4.8e-06	0.0	0.0003546999999999	0.0	0.0	0.0	0.0011597	0.0	0.0046206	0.0	0.0	0.0106311	0.0	0.0	0.0121397	0.0	0.0079644	0.0	0.0	0.0210295	0.0074877	0.0	0.0021701999999999	0.0033309	0.0	0.0103892	0.0	0.0	0.0	0.0	0.0	0.0015078	0.0	0.0001533	0.0	0.0039799	0.0054838	0.0	0.0	0.0	0.0	0.0015753	0.0	0.0082559	0.0	0.0	0.0072069999999999	0.0
Parabacteroides_unclassified	0.0013607	0.0014767	0.0057982	0.0	0.0	0.0030783	0.0004591	0.0	0.0026504	0.0	0.0	0.0002299	0.0	4.83e-05	0.0009718	0.0	0.0	6.63e-05	0.0	0.0	0.0013684	0.0010305	0.0	0.0	0.0003096	0.0094611	0.0003404	0.0	0.0	0.0	0.0	0.0	0.0117539	0.0	0.0127971	0.0	0.0	0.0	0.0	0.0	0.0	0.0022881999999999	0.0	0.0	0.0	0.0032178	0.0058413	0.0	0.0024704	0.0	0.0006952999999999	0.0	0.0	0.0	0.002919	0.000655	0.0608105	0.0044803	0.0	0.0	0.0	0.0	0.0067363	0.0	0.0
Paraprevotella_clara	0.0017315	0.0	0.0	0.0010062	0.0002029	0.0	0.0001724	0.0	0.0010912	0.0	0.0	0.0	0.0	0.0	0.0	0.0	0.0	0.0	0.0	2.44e-05	0.0	0.0	0.0001831	0.000205	0.0160819	0.0008752	0.0	0.0	0.0	0.0	0.0	0.0021388	0.0	0.0	0.0	0.0003688	0.0057318	0.0	0.0	0.0	0.0	0.0008952	0.0	0.0	0.0	0.0	0.0003656	0.0	0.0	0.0	0.0	0.0	0.0	0.0	0.0	0.0	0.0	0.0	0.0002352	0.0	0.0	0.0	0.0	0.0	0.0
Paraprevotella_unclassified	0.0020242999999999	0.0	0.0	0.0039579	0.0005837999999999	0.0	0.0006093	0.0	0.0031414	0.0	0.0	0.0	0.0	0.0	0.0	0.0	8.170000000000001e-05	0.0	0.0	0.0001504	0.0	0.0	0.0005309	0.0012966	0.0101362999999999	0.0014194	0.0	0.0	0.0	0.0	0.0	0.0040799	0.0	0.0	0.0	0.0008283999999999	0.0238361	0.0	0.0	0.0	0.0	0.0027616	0.0	0.0	0.0	0.0	0.0046546999999999	0.0	0.0	0.0	0.0	0.0	0.0	0.0	0.0	0.0	0.0	0.0	0.0008022	0.0	0.0	0.0	0.0	0.0	0.0
Prevotella_copri	0.0131669999999999	0.0	0.0	0.0	0.0	0.0	0.004225	0.0005331	0.0	0.0041034	0.0	0.0	0.0	0.0	0.0075613	0.0	0.0025326	0.0	0.0	0.0028897	0.0	0.0	0.0	0.119563	0.0	0.0428726	0.0	0.0	0.0	0.0	0.0	0.0404731999999999	0.0	0.0	0.0	0.0	0.0	0.0	0.0	0.0200136	0.0	0.2722969999999999	0.0	0.0	0.0	0.0	0.0	0.0	0.0	0.0	0.0065593999999999	0.0	0.0	0.0	0.0017590999999999	0.0002802	0.0	0.0	0.0	0.0	0.0	0.0	0.0	0.0	0.0
Alistipes_finegoldii	0.0	0.0	0.0073181	0.0070801	0.0	0.0	0.0027231	0.0004448999999999	0.0012119	0.001046	0.0001326	5.24e-05	2.5e-06	0.0	0.0014853	0.0002851	5.07e-05	0.0011181	0.0030932	0.0	0.0001404	0.0005734	0.0	0.0	0.0	0.0018506	0.0004147999999999	0.0	0.0017890999999999	0.0	0.0	0.0002676	0.0	0.0018942	0.0002318	0.0	0.0	0.0015543	0.0	0.0003887	0.0	0.0	0.0	0.0029505	0.0	0.0	0.0001372	0.0	8.740000000000001e-05	0.0	5.39e-05	0.0	0.0	0.0	0.0004968	0.0	0.0	0.0112284999999999	0.0049451999999999	0.0	0.0	0.0	0.0010692	0.0	0.0
Alistipes_indistinctus	0.0015127	0.0	0.0	0.0020824	0.000101	0.0	0.0070858999999999	0.0	0.0012111	0.0018599	0.0	0.0001758	0.0003058999999999	0.00022	0.0006164	0.0014997	0.0	0.0008708	0.0	0.0	0.0004073	0.0001396999999999	0.0	0.0	0.0	0.0	0.0003128999999999	0.0	0.0	0.0	0.0	0.0	0.0	0.0	0.001572	0.0	0.0	0.0	0.0	0.0003351999999999	0.0	0.0	0.0	0.0	0.0	0.0	0.0	0.0	0.0010022	0.0	0.0	0.0	0.0	0.0	0.0073298999999999	0.0	0.0	0.0027711	0.0	0.0	0.0	0.0	0.0	0.0	0.0
Alistipes_onderdonkii	9.67e-05	0.0	0.0033137	0.0127543	0.0001505	0.0008476	0.0419045	0.0007938	0.0003321	0.0026731	0.0006551	0.0013335999999999	0.0	0.0	0.0014826	0.0017636	0.0001696	0.0005113	0.0	0.0	0.0009363999999999	0.0011485	0.0	0.0	0.0	0.0045046	0.0081703	0.0	0.029531	0.0	0.0	0.0	0.0	0.0064531	0.0052986	0.0	0.0	0.0762759	0.0	0.0010756	0.0054753	0.0	0.0	0.0	0.0	0.0	0.0050717	0.0	0.0083872	0.0	9.52e-05	0.0	0.0014149	0.0034861999999999	0.0051087	0.0	0.0	0.0229732	0.0	0.0	0.0	0.0	0.0	0.0	0.0
Alistipes_putredinis	0.0016910999999999	0.0	0.0	0.0269413999999999	0.0066729	0.0155993	0.0470124	0.0691539	0.0174833	0.0095472	0.0	0.0048481	0.0104319999999999	0.0	0.0076352	0.0138333	0.0046047	0.0096379999999999	0.0031471999999999	0.0008384999999999	0.0061957	0.0050535	1.39e-05	0.0030823	0.0	0.0088489	0.0221694999999999	0.0	0.0139947999999999	0.0	0.0	0.0	0.0	0.0	0.0	0.0	0.0001014999999999	0.028036	0.0	0.0095684	0.0382165999999999	0.0	0.0	0.0	0.0	0.0	0.0266958	0.0	0.0357731	0.0	0.0	0.0	0.0068631	0.0	0.0380628	0.0	0.0003092	0.0158207	0.0049288	0.0	0.0022179	0.0	0.0386123	0.0	0.0
Alistipes_shahii	0.0007434999999999	0.0	0.0057969	0.0067701	0.0022091999999999	0.0028409	0.0027768	0.0030456999999999	0.0057788999999999	0.0016499	0.0	0.0004246999999999	0.0008836	0.0	0.000322	0.0058747	8.87e-05	0.0037893	0.0	0.0	0.0002355999999999	0.0006292	0.0	1.7100000000000002e-05	0.0	0.0007035	0.0087872	0.0	0.0026392	0.0	0.0	0.0028318	0.0	0.0	0.0	0.0	0.0	0.0	0.0	0.0006383	0.0	0.0	0.0	0.0024010999999999	0.0	0.0	0.0035814	0.0	0.0019484	0.0	0.0	0.0	0.0005412	0.0013295	0.0015912	0.0	0.0	0.0	0.0132944	0.0	0.0	0.0	0.0029917	0.0	0.0
Alistipes_sp_AP11	0.0	0.0	0.0	0.0029851	0.0	0.0	0.0	0.0	0.0	0.0	0.0	0.0	0.0	0.0	0.0	0.0106385	0.0	0.0036851999999999	0.0	0.0	0.0	0.0	0.0	0.0	0.0	0.0	0.0	0.0	0.0065873	0.0	0.0	0.0	0.0	0.0	0.0	0.0	0.0	0.0	0.0	0.0	0.0	0.0	0.0	0.0	0.0	0.0	0.0	0.0	0.0014850999999999	0.0	0.0	0.0	0.0	0.0	0.0024613	0.0	0.0	0.0	0.0	0.0	0.0	0.0	0.0	0.0	0.0
Alistipes_unclassified	0.0	0.0085128999999999	0.0336503	0.0	0.0	0.0	0.0	0.0	0.0	0.0	0.0	0.0	0.0	0.0156256	0.0	0.0	0.0	0.0	0.0	0.0007887	0.0	0.0	1.6800000000000002e-05	0.0	0.0	0.0	0.0	0.0	0.0	0.0004832	0.0513082	0.0	0.0	0.0	0.0	0.0008603999999999	0.0067071	0.0	0.0	0.0	0.0	0.0	0.0	0.0057875	0.0	0.0	0.0	0.0	0.0	0.0	0.0	0.0	0.0	0.0105772	0.0	0.0126399	0.00057	0.0	0.0	0.0	0.0	0.0202076	0.0	0.0174299	0.0009255
Streptococcus_mutans	0.0	0.0	0.0	0.0002320999999999	0.0	0.0	0.0	0.0	0.0	0.0022447	6.77e-05	0.0	0.0	0.0	0.0	0.0	0.0001801	0.0	0.0	5.47e-05	4e-06	0.0	0.0	0.0	0.0	0.0001421	0.0	0.0	0.0	0.0	0.0	0.0	0.0	0.0	0.0002379999999999	0.0055211999999999	0.0012722	0.0	0.0053475	0.0	0.0	0.0	0.0	0.0002055	0.0	0.0001262999999999	0.0	0.0	0.0	0.0006942	0.0054048	0.0004665	0.0012541	0.0	0.0002931999999999	0.0	0.0	0.0	0.0	0.0	0.0	0.0	0.0	0.0	0.0
Streptococcus_parasanguinis	0.0002942	0.0	0.0002186999999999	0.0036533	0.0023638	0.0	0.0010561	0.000335	2.31e-05	0.004569	0.0011647	0.0001164	9.77e-05	0.0001705	0.0024815	0.0	0.0012424	0.0001013	0.002133	0.0031421	7.609999999999999e-05	0.0008368	0.0008496	0.0033926	0.0	0.0157606	5.67e-05	0.000636	0.0006762	0.0022389	0.0024241999999999	0.0006322	0.0002184	0.0005116	0.0007647	0.0241427	0.0120346	0.0072599999999999	0.0552802	0.0047281999999999	0.0009869	0.000872	0.0082364999999999	0.0003992	0.0012311	0.000723	0.0011897	0.0	0.0001821	0.0108361	0.033248	0.0078459999999999	0.0343044	0.0005172	0.0033231	0.0005992	0.0013199	0.0003358	0.0420566999999999	0.0013050999999999	0.0002039	0.0	0.000301	0.0003764	0.0018008
Streptococcus_salivarius	0.0031655	0.0028905999999999	0.0037243	0.0215965999999999	0.0052837	0.00206	0.0085922999999999	0.0023779	0.0030854	0.0166982	0.006062	0.0012422	0.0004028	0.0017698	0.0146002	0.0	0.0008853999999999	0.0003157	0.0062708999999999	0.0074551999999999	0.0003685	0.0056139	0.0034978	0.0020448	0.0010142999999999	0.0452467	9.1e-06	0.0018829	0.0031739	0.0025818	9.82e-05	0.0142947	0.0003513	0.0010352	0.0248457	0.0123055	0.0117511	0.0030269	0.253446	0.0235944	0.0048696999999999	0.0071917	0.0214859	0.0075213	0.0016732	0.0006939	0.0029546999999999	0.000452	0.0010602	0.0225259999999999	0.0849549999999999	0.0202812	0.0825655	0.0007177	0.0112199	0.0008465	0.0021794	0.0011994	0.0618655	0.0031774999999999	0.0005767	0.0	0.0007115	0.0016061	0.0074058
Streptococcus_thermophilus	0.0006381	0.0	0.000296	7.53e-05	1.11e-05	0.0029162	0.0191264	0.0023507	0.0016727	0.0059811	0.0478824	0.0006538	0.0	0.0009211	0.0022673	0.0023696999999999	0.0	0.0010602	0.0532067	0.0251436	0.0055546	0.0361975	0.0	0.0	0.0	4.47e-05	0.0014423	0.0	0.0005027	0.0681638999999999	0.0	0.0121428	0.0027386999999999	0.0327392	0.0014265999999999	0.0049956	0.0037351999999999	0.0326721	0.000719	1.13e-05	0.0311765	5.2900000000000005e-05	0.0	0.0	0.104244	0.0	0.0	0.0002056	0.0051485	4.95e-05	0.0219340999999999	0.0263993	0.0053016	0.0	0.0018012999999999	0.0029045	0.0028866	0.0005987	0.0	0.0	2.68e-05	0.0	0.0	0.034298	0.0033088
Streptococcus_vestibularis	0.0	0.0	0.0	0.0008468	0.0	0.0	0.0001821999999999	4.99e-05	0.0	0.0006077	0.0001167999999999	0.0	0.0	0.0	0.0002381999999999	0.0	0.0	0.0	0.0006567	0.0	0.0	0.0003672	6.37e-05	0.0003652	0.0	0.0	0.0	0.0	0.0	0.0	0.0002305	0.0	0.0	0.0	0.0010147	0.0122116	0.0234383	0.0	0.0055851999999999	0.0	0.0001710999999999	0.0	0.0	0.0002032	7.8e-05	0.0	0.0	0.0	0.0001286	0.0	0.0218935	0.0006212999999999	0.0036753	0.0005759	0.0	0.0	0.0	0.0003153	0.0027333	0.0	0.0003198999999999	0.0	0.0	0.0	0.0001111
Clostridium_bolteae	0.0	0.0	0.0013107999999999	0.0	5e-05	0.0	0.0	3.73e-05	0.0	0.0	0.0	0.0	0.0	0.0	0.0	0.0	0.0	0.0	0.0017986	0.0	0.0	0.0	0.0	0.0	0.0109006	0.0	9.79e-05	0.0003901999999999	7.28e-05	0.0013276	0.0001036999999999	0.0	0.0	3.570000000000001e-05	0.0001010999999999	0.0057924	0.0	0.0003831	0.0	0.0	0.0002771	0.0	0.000333	0.0152662	5.4600000000000006e-05	0.0029264	2.68e-05	0.0	0.0001609	1.93e-05	0.0004333	0.0	0.0	0.0116701	1.05e-05	0.0	0.0072873999999999	0.001523	0.0265362	0.0	0.0	0.0	0.0	0.0007865	0.0003458
Clostridium_clostridioforme	0.0	0.0	0.0029335	0.0	0.0	0.0	0.0	0.0	0.0	0.0	0.0	0.0	0.0	0.0	0.0	0.0	0.0	0.0	0.0	0.0	0.0	0.0	0.0	0.0	0.0039226999999999	0.0	0.0	0.0	0.0	0.0003978999999999	0.0486884999999999	0.0	0.0	4.3e-06	0.0	0.0	0.0	0.0	0.0	0.0	0.0	0.0	0.0	0.0002045999999999	0.0501093	0.0094616	0.0025329	0.0	0.0	0.0	0.0	0.0	0.0	0.0012478	0.0	0.0	0.0743083	0.0	0.0080165	0.0	0.0	0.0	0.0	0.0011290999999999	0.0009103
Clostridium_hathewayi	0.0	0.0	0.0028259	5.86e-05	0.0	0.0	0.0	0.0001675	0.0	0.0	0.0	0.0	0.0	0.0	0.0	1.01e-05	0.0	0.0	0.0	0.0	0.0	0.0	0.0	0.0	0.0	0.0	0.0017902	0.0	0.0	0.0006152999999999	0.0	0.0	0.0	9.7e-05	0.0	0.0	0.0	0.0	0.0	0.0	0.0012933	0.0	0.0004201	0.0163918	0.0006576	0.0	2.97e-05	0.0	0.0	0.0	0.0	0.0	0.0	0.0002645	0.0	0.0	0.0005272	0.0005537999999999	0.005399	0.0	0.0	0.0	0.0	5.15e-05	8.36e-05
Clostridium_leptum	0.0	0.0002551	0.0022083	0.0006058	0.0005585	0.0006399	0.0004243	0.0012533	0.000612	0.0003522	0.0003094	8.590000000000001e-05	0.0002623	0.000541	0.0001518	0.0016665	0.0009135	9.37e-05	0.0027406999999999	0.0004224	0.0002921	0.0052357	0.0001952	0.0002568	0.0	6.17e-05	7.32e-05	0.0	0.0002666	0.0489089	0.0	0.0	0.0	0.023143	0.012579	0.013872	0.0004581	0.0	0.0	6.17e-05	0.0011082	0.0	0.0001993	0.0050808	0.0	2.28e-05	0.0040557	0.0004653	0.0007021	0.0006712	8.92e-05	0.0057396	0.000224	0.0009577	0.000179	0.0020691999999999	0.0	0.0021483	0.0	0.0	0.0	0.0140413999999999	0.0	0.0008033	0.0
Clostridium_nexile	0.0	0.0	0.0116102999999999	0.0	0.0	0.0	0.0	0.0	0.0	0.0	0.0	0.0	0.0026319	0.0	0.0	0.0	0.0	0.0	0.0025629999999999	0.0	0.0	0.0	2.43e-05	0.0	0.007127	0.0	0.0	0.0	0.0	0.0042831	0.184636	0.0	0.0	0.0	0.0	0.0	0.0	0.0	0.0001289	0.0	0.0018022	0.0	0.0	0.0	0.0	0.0043282	0.0	0.0	0.0	0.0	0.0	0.0	0.0	0.0	0.0995515	0.0	0.0002044999999999	0.0	0.0	0.0	0.0	0.0	0.0033439	0.0	0.0
Clostridium_symbiosum	0.0	0.0	0.0	0.0	0.0	0.0	0.0	0.0	0.0	0.0	0.0	0.0	0.0	0.0	0.0	0.0	0.0	0.0	2.88e-05	0.0	0.0	0.0	0.0	0.0	0.0	0.0	0.0	0.0	0.0	0.0028101999999999	0.0	0.0	0.0	6.790000000000001e-05	2.46e-05	0.0	0.0	0.0	0.0	0.0	0.0003218999999999	0.0	0.0	0.0020461	0.0172525	0.0	6.56e-05	0.0	0.0001655	0.0011558	0.0	0.0	0.0	0.0055417	0.0003342	0.0	0.0	0.0003798	0.0038488	0.0	0.0	0.0	0.0	0.0010317	0.0
Clostridiales_bacterium_1_7_47FAA	0.0	0.0	0.0013713	0.0	0.0	0.0	0.0	0.0007137	0.0	0.0	0.0	0.0	0.0	0.0	0.0	0.0	0.0	0.0	0.0	0.0	0.0	0.0	0.0	0.0	0.0010333	0.0	0.0	3.9500000000000005e-05	0.0	7.35e-05	0.0006026	0.0	8.14e-05	0.0001419	0.0	0.0	0.0	0.0	0.0	0.0	7.69e-05	0.0	0.0	8.05e-05	0.0079425	0.0	6.670000000000001e-05	0.0	0.0	0.0	1.31e-05	0.0	0.0	1.31e-05	0.0	0.0	0.001446	0.000571	0.0009539999999999	0.0	0.0	0.0	0.0	0.0010604	4.22e-05
Flavonifractor_plautii	0.0	0.0	0.0	1.29e-05	3.75e-05	0.0	0.0	0.0007779	0.0	0.0	0.0	0.0	8.5e-06	0.0	0.0	0.0002617	0.0	0.0	0.0002656	0.0	0.0	0.0	0.0	0.0	0.0	7.269999999999999e-05	0.0	4.77e-05	0.0006143	0.0013035	0.0001695	0.0	0.0002883999999999	6.57e-05	8.62e-05	0.0001441999999999	0.0	0.0	0.0	4.84e-05	0.0012136	0.0	0.0	0.0001264999999999	0.0015564	0.0	0.0004109	0.0	0.0016167999999999	0.0003259	6.07e-05	0.0	0.0	0.0002856999999999	0.0	0.0	0.0012939	0.001935	0.0	0.0	0.0	0.0010226	0.0	0.0004222999999999	4.72e-05
Eubacterium_eligens	0.0231525	0.0028552	0.0	0.0036039	0.0004327	0.0	0.012874	0.0275114	0.010104	0.0026024999999999	0.0002927	0.0002261	0.0006062	0.0009891	0.0021098	0.0	0.0001678	0.0006473	0.0	0.0	0.0007189	0.0035823	0.0	0.0037083	0.0133906	0.001426	0.0044917	0.0099099	0.0057947	0.0372916	0.0	0.0686267	0.0049571	0.0	0.0030544	0.0	0.0050398999999999	0.0044513	0.0	0.0	0.0006938	0.0	0.0	0.0	0.0	0.0	0.0	0.0009881	0.0	0.0179084	0.0	0.0012734	0.0004178999999999	0.0	0.0011981	0.0035591	0.0	0.0	0.0	0.0	0.0	0.0031736	0.0	0.0050533999999999	0.0
Eubacterium_hallii	0.0214137	0.0115371	0.221023	0.0262121	0.0275021999999999	0.0056683	0.0411278	0.0110959	0.0168456	0.0509563	0.0226979	0.0491329999999999	0.00419	0.0402682	0.0502748	0.0354754	0.0332345	0.0354479	0.0	0.0162229	0.0196269	0.0631629	0.0100001	0.0173296	0.0640196	0.0257934	0.0039555	0.0348702	0.0275959	0.0	0.0	0.0094186	0.0209228	0.0304367	0.0028645	0.0	0.0133013	0.0267782	0.0	0.0133608	0.0113307	0.0075388	0.0405731	0.0095717	0.0180107	0.0	0.0	0.0203373	0.0264098	0.0282418	0.0323241	0.0028785	0.0148109	0.075913	0.0238009	0.0	0.0	0.0	0.0127976	0.0	0.0	0.0	0.0295812999999999	0.0	0.0279825999999999
Eubacterium_ramulus	0.0016017	0.0022642	0.0	0.0014722	0.003268	0.0098866	0.0114848	0.0002254	0.0001383	0.0029351	0.0179405999999999	0.007503	8.65e-05	0.0061348	0.013965	5.62e-05	0.0041583	0.0005451	0.0117312	0.0017572	0.0022061999999999	0.0225498	0.0037223	0.0006382	0.0	0.0	0.0	0.0311095	0.04104	0.0	0.0	0.0065283	0.0361222	0.0	0.002495	0.0	0.002998	0.0004994	0.0	0.0049299999999999	0.0	0.003675	0.0002565	0.0	0.0	0.0	0.0	0.0048223999999999	0.004201	0.0	0.0220884	0.0122419	0.0	0.0	0.0005467	0.0	0.0	0.0	0.0003561	0.0	0.0349468999999999	0.0	0.0131408999999999	0.0102633	0.0
Eubacterium_rectale	0.151892	0.0191138	0.0	0.0001932	0.104451	0.0372845	0.0010831	0.0036067	0.0585348	0.000347	0.2314159999999999	0.365297	0.0317542	0.267782	0.108708	0.0020805999999999	0.053396	0.0160254999999999	0.0531866	0.0227242	0.131053	0.0192863	0.2145909999999999	0.105104	0.0831423999999999	0.150105	0.0241525	0.176165	0.114724	0.0	4.64e-05	0.0578854	0.0443663	0.0361909	0.0	0.0	0.21556	0.0419099	0.0	0.0324401999999999	0.0004997	0.113453	0.0798866999999999	0.0007204	0.0	0.0027384	0.0	0.0067605	0.136174	0.0601556	0.0	0.008623	0.149203	0.167993	0.0070596999999999	0.0955797	0.230796	0.0982952	2.69e-05	0.0441268	0.0	0.0526573	0.0220703	0.109263	0.3442429999999999
Eubacterium_siraeum	0.209564	0.0	0.0	0.0	0.0	0.0012605	0.000291	0.0161887	0.0028986	0.0	0.0	0.0028905	0.0106212	0.0030094	0.0	0.0044976999999999	0.0003913	0.0051902	0.0	0.0	0.0	0.0040830999999999	0.0	0.0	0.0	0.0164333	0.0553438999999999	0.0	0.0015869999999999	0.0036731999999999	0.0	0.0418631999999999	0.0	0.0	0.0	0.0	0.0001929	0.0005644	0.0	0.0	0.0027294	0.0	0.0	0.0	0.0	0.0	0.0	0.0	0.0001149	0.000343	0.0	0.0	0.0	0.0	0.0	0.0055446	0.0	0.0015482	0.0	0.0	0.0	0.0	0.0	0.0	0.0
Eubacterium_ventriosum	0.0020322	0.0004255	0.0	0.0029296	0.0063123	0.0001763	0.0068958	0.0086736	0.0023146	0.0	0.0041542	0.0	0.0005076	0.0	0.0057346	0.0002474	0.0024404	0.0006067	0.0	0.0002491	0.0002953	1.03e-05	0.0	0.0089446	0.0	0.0	0.0014647	7.299999999999999e-06	0.0018017	0.0	0.0	0.0	0.0	0.0110534	0.0	0.0	0.002522	0.0076044	0.0	0.0017921	0.0021943	0.0075331	0.0	0.0	0.0	0.0	0.0	0.0	0.0026936	0.0	0.0099557999999999	0.0234451	0.0018223	0.0	0.0	0.0002114	0.0033943	0.0001517	0.0012305	0.0	0.0	0.0	0.0064566	0.0	0.0
Anaerostipes_hadrus	0.0018840999999999	0.0055523	0.0	0.0077113999999999	0.0109619	0.0015174	0.0012952	0.0047261	0.0002125	0.0057401	0.0009702	0.0064516999999999	0.000127	0.000398	0.0005358	0.0006757	0.001266	0.0012339	0.0331416999999999	8.170000000000001e-05	0.0114042	0.0029034	0.0007714999999999	0.0011236	0.0001837	0.0	0.0011462	0.0010463	0.0014831	0.0012905999999999	0.0	0.0001226	0.0012443	0.0017695999999999	0.0018594	0.0	0.0011434	0.010402	0.0	0.0033575	0.0	0.0001527	0.0093388	0.0	0.0	0.0062558	0.0005198	0.0003035	0.0014602999999999	0.0073606999999999	0.0002939	0.0088959	0.0001468	1.62e-05	1.86e-05	0.0	0.0008289999999999	0.0035838	0.0015632999999999	0.0	0.0	0.0022363	0.0015357	0.0007597	0.0007565
Anaerostipes_unclassified	0.0	0.0	0.0083289	0.0	0.0	0.0	0.0	0.0	0.0	0.0	0.0	0.0	0.0	0.0	0.0	0.0	0.0	0.0	0.0	0.0	0.0	0.0	0.0	0.0	0.0	0.0	0.0	0.0	0.0	0.0027843	0.0284836999999999	0.0	0.0	0.0	0.0	0.0	0.0	0.0	0.0	0.0	0.0	0.0	0.0	0.0010607	0.0	0.0	0.0008118	0.0	0.0	0.0	0.0004373	0.0	0.0	0.00043	0.0	0.0	0.0112702999999999	0.0	0.0007404	0.0	0.0	0.0	0.0	0.0	0.0
Blautia_hydrogenotrophica	0.0	0.0	0.0	0.0	0.0008456	0.0	0.0	0.0	0.0	9.61e-05	0.0	0.0	0.0	0.0003887999999999	0.0	4.77e-05	0.0	0.0	0.0	0.0	0.0	6.07e-05	0.0	0.0038071	0.0	0.0	0.0	0.0	0.0	0.0	0.0	0.0	0.0	0.0	0.0	0.0	0.0	0.0270267	0.0	0.0	0.0	0.0	0.0	0.0	0.0	0.0	0.0	0.0	0.0096341	0.0	0.0	0.0	0.0041177	0.0	0.0002159	0.0	0.0	0.0	0.0	0.0	0.0021866999999999	0.0040199	0.0	0.0	0.0106419
Blautia_producta	0.0	0.0	0.0025623	0.0	0.0	0.0	0.0	0.0	0.0	0.0	0.0	0.0	0.0	0.0	0.0	0.0	0.0	0.0	0.0010061	0.0	0.0	0.0	0.0	0.0	0.0	0.0	0.0	0.0002213	0.0011448	0.0018291	0.0	0.0	0.0	0.0008964	0.0	0.000323	0.0	0.0	0.0	0.0	0.0	0.0	0.0	3.289999999999999e-05	0.0018588	0.0028571	0.0004923999999999	0.0	2.59e-05	8.73e-05	1.02e-05	0.0	0.0	0.0	0.0	0.0	0.0002573	0.0010364	0.0	0.0	0.0	0.0	0.0	0.0001595999999999	0.0005787
Ruminococcus_gnavus	0.0	0.0	0.0030496	0.0	0.0003133	0.0	0.0	0.0	0.0	0.0001568	0.0042381	0.0022091999999999	0.1884559999999999	0.0	0.0	0.0	0.0	0.0	0.0854101999999999	0.0	0.0	0.0047672	0.0373983	0.0	0.0337760999999999	0.0	0.0	0.0607905999999999	0.0033325	0.0099473	0.177207	0.0	0.0001291999999999	0.0241421	0.0	0.0014479	0.0002755	0.0067259	0.0002003	0.0027899	0.0	0.0009789	0.0029803	0.0008725	0.28326	0.0395518	0.0164865	0.0013257999999999	0.0005161	0.0002508	0.0303132	0.0	0.0004176	0.0116595	0.0006893	0.0	0.0213836	0.0336078	0.0	0.0	0.0006176	0.001045	0.03893	0.0031306999999999	0.0327219
Ruminococcus_obeum	0.0140995	0.0199182	0.0032101	0.0176634	0.0353763	0.0187965	0.0170126	0.0109907	0.0230425	0.0240965	0.0464018	0.0212664	0.0071426999999999	0.0057441	0.0349006999999999	0.0025932	0.0224883	0.0094311	0.0126877999999999	0.0142886	0.0160360999999999	0.0398225	0.0019754	0.0109371	0.0111451	0.0184959	0.0090107	0.033016	0.0201089	0.0006546	0.0	0.0190185999999999	0.0160358	0.0002785	0.0095852	0.0844174999999999	0.0242287	0.0629156999999999	0.0	0.0061412	0.0126037	0.0001826	0.0282983	0.0005478	0.0006607	0.000469	0.0070036	0.0596481	0.0269874	0.0065481	0.0153777	0.0076871	0.0045411	0.0030279	0.031699	0.0199888	0.0028717	0.0024982	0.0299406999999999	0.0	0.0001538	0.006784	0.0304205	0.0044313	0.0031327
Ruminococcus_torques	0.0080636	0.0187912	0.0115369	0.005576	0.0183967999999999	0.0145663999999999	0.0301618	0.0811151	0.0079113	0.0284080999999999	0.0484936	0.0138032	0.0182632	0.0073146	0.0413915	0.0258270999999999	0.0113137999999999	0.0043579	0.121957	0.0096731	0.0098807	0.0493248	0.0234824	0.0250494	0.0053427	0.0170442	0.0299824	0.0107996	0.0662736999999999	0.0055186	0.0084339	0.0032895	0.0032171	0.0111007	0.0123417	0.0056413	0.0107552999999999	0.0500616	0.0	0.0057379	0.0053896	0.0129480999999999	0.0091092999999999	0.0974691	0.0083677	0.0109311	0.109074	0.0064638	0.0056983	0.0051388	0.170972	0.022215	0.0051876	0.0357011	0.0342684	0.0030981	0.307319	0.263185	0.0415202	0.0002901	0.016744	0.0929245	0.0263856	0.0180440999999999	0.0159347
Coprococcus_catus	0.0074306	0.0016547999999999	0.0	0.003812	0.0	0.0075873999999999	0.0073125	0.0101095	0.0038632	0.0101536	0.0040188	0.0079534	0.0050243	0.0	0.007055	0.00857	0.0068182	0.0076901	0.0	0.0026491999999999	0.007437	0.0030903	0.0012889	0.0066483	0.0	0.0112726	0.0045461	0.0	0.0	0.0	0.0	0.0078478	0.0195979999999999	0.0	0.0273692	0.0020644	0.008595	0.0188135	0.0	0.0013604	0.0010019999999999	0.0	0.0014365	0.0026677	0.0	0.0	0.0122855	0.0087802	0.0	0.0	0.0	0.0	0.0012695	0.0071947	0.0073358999999999	0.0085602	0.0	0.0	0.0070383	0.0	0.0	0.006143	0.0077351	0.0	0.0055138
Coprococcus_comes	0.0075144999999999	0.0215709	0.0	0.0102135	0.0133195	0.0172119	0.0334936	0.0098236	0.0191907999999999	0.0180054	0.0303104	0.0277199	0.010423	0.0323228	0.0328509	0.0007104	0.0187	0.0042422	0.0372014	0.0149681	0.0129644	0.0383388	0.019418	0.0273084	0.0439296	0.0165754	0.0123253999999999	0.0	0.0283792	0.0	0.0	0.0175127	0.0593195	0.0052133999999999	0.0097862	0.030143	0.0279172	0.0	0.0	0.0278308	0.0	0.0	0.0122107999999999	0.0	0.0	0.0	0.0	0.0020047999999999	1.2e-05	0.0055111999999999	0.0011869	0.0337724	0.001155	0.0	0.0026998	0.0297690999999999	0.0	0.0168028	0.0	0.0	0.0	0.0147282999999999	0.0	0.0	0.0
Coprococcus_sp_ART55_1	0.0	0.118698	0.0	0.0	0.023144	0.0	0.0	0.0030076	0.0	0.0337224	0.0	0.019867	0.0	0.0	0.0	0.0033306999999999	0.0	0.0159265	0.0	0.0	0.0207234	0.0	0.0	0.0	0.0	0.0	0.0	0.0	0.0	0.0	0.0	0.0	0.0	0.0	0.0	0.0	0.0	0.0	0.0	0.0	0.0	0.0	0.0	0.0	0.0	0.0	0.0	0.0	0.0	0.0	0.0	0.0	0.0	0.0	0.0	0.0	0.0	0.0	0.004308	0.0	0.0	0.0	0.0	0.0	0.0
Dorea_formicigenerans	0.0084862	0.0	0.0	0.0063409	0.0079877	0.0107975	0.020718	0.0021715999999999	0.0082625	0.0170388	0.0078301	0.0142997	0.0064475999999999	0.0085624	0.0199485	0.0010998	0.0185305999999999	0.0086289	0.0047321	0.0062214	0.0043427	0.0136908999999999	0.004007	0.0085105	0.0	0.0119172	0.0049381	0.0307694999999999	0.0247254	0.0086267	0.0	0.0059583	0.0030983	0.011765	0.0007145	0.0	0.0045781999999999	0.0210968	0.0	0.0086887	0.0074754999999999	0.0241818	0.0121964	0.0001668	0.0	0.0	0.0151548	0.0120186	0.0272344	0.0264295999999999	0.0437011999999999	0.0032470999999999	0.0070222999999999	0.0	0.0126955	0.0124811	0.0	0.0	0.0	0.0193455999999999	0.0	0.0183974	0.0330583	0.0105995	0.0200882
Dorea_longicatena	0.0197114	0.0053279	0.0141953	0.0037378999999999	0.0053121999999999	0.0377917	0.00862	0.0058477	0.0096412	0.0255254	0.0650307	0.0570033999999999	0.0151377	0.0277789	0.073384	0.012976	0.0255645	0.0462954	0.0777876	0.0277069	0.0056213999999999	0.038459	0.0166257	0.0527963	0.0	0.0096879999999999	0.0303589	0.0910995	0.0044625	0.0	0.0	0.0075514	0.0134807	0.0	0.0	0.0	0.0052728	0.0	0.0	0.0158587	0.0190710999999999	0.0397318	0.0062156999999999	0.000638	0.0	0.0	0.0	0.0285229	0.0108581	0.0072503999999999	0.0291378	0.0112934	0.0166096	0.0069216	0.0089975	0.0336965	0.0	0.0	0.0829561	0.0	0.0	0.0	0.0398561999999999	0.034189	0.0
Dorea_unclassified	0.0	0.0	0.0	0.0	0.0	0.0	0.0	0.0	0.0	0.0	0.0	0.0	0.0	0.0	0.0	0.0	0.0	0.0	0.0	0.0	0.0	0.0	0.0	0.0	0.0119637	0.0	0.0	0.0	0.0	0.0	0.0	0.0	0.0	0.0	0.0007931	0.0001262999999999	0.0	0.0	0.0	0.0	0.0	0.0	0.0	0.0014128	0.0	0.0016222	0.0	0.0	0.0	0.0	0.0	0.0	0.0	0.0075088	0.0	0.0	0.0013349	0.0	0.0	0.0	0.0016393	0.0	0.0	0.0	0.0
Lachnospiraceae_bacterium_1_1_57FAA	0.0001385	0.0	7.58e-05	0.0017422	0.0	0.0	0.0	0.0060799999999999	0.0029370999999999	0.0013655	0.0	0.0073821	0.0047598	0.0013158	0.0	0.0051107	0.0	0.0	0.0	0.0	0.0029825	0.0022611	0.0668423	0.0	0.0028833	0.0	0.0	0.0003018999999999	0.0063126999999999	0.0013337	0.0046401	0.0	0.0001604	0.0372846	0.0001152	0.196011	0.0	0.0051018999999999	0.0	0.125436	0.0030814	0.0	0.0221222	0.0016722999999999	0.0	0.0557661999999999	0.0201168	0.0094454	0.0007633	0.0001469	0.0015437	0.0032969	0.0	0.0071978	0.0066336	0.0012147	0.0	0.0	0.0047038	0.0	0.0038993	0.0048818	0.0401631	0.0025504	0.0009957
Lachnospiraceae_bacterium_1_4_56FAA	0.0	0.0	0.0	0.0	0.0001976999999999	0.0	0.0	0.0	0.0	0.0001094	0.0	0.0001143	0.0	0.0	0.0	0.0	0.0	0.0	0.0	0.0	0.0	0.0	8.590000000000001e-05	0.0011895999999999	0.0	0.0	0.0	0.0008301	0.0012550999999999	0.0	0.0	0.0	0.0	0.001223	0.0	0.0	0.0	0.004114	0.0	0.0	4.8200000000000006e-05	0.0002281	0.0012722	0.0	0.0	0.0	0.0	0.0	0.0003295	0.0001072999999999	0.0132562	0.0001948	0.0	0.0026339	0.0	0.0	0.0285596999999999	0.0044778	0.0	0.0	0.0	0.0015477	0.0012068	0.0006071	0.0
Lachnospiraceae_bacterium_2_1_58FAA	0.0	0.0010912	0.0	0.0	7.6e-06	0.0	0.0	0.0	0.0	0.0	0.0011647	0.0	0.0001493	0.0	0.0	0.0	0.0	0.0	0.0002706	0.0	0.0	0.0	0.0	0.0	0.0013517	0.0	0.0	0.0017731	0.0004581	0.0	0.0	0.0	0.0	0.0020581999999999	0.0	6.54e-05	0.0	0.0090625	0.0	0.0	0.0	0.0	0.0001227	0.0	0.0007622	0.0	0.0028964	0.0	0.0	0.0	0.0024406999999999	0.0	0.0	0.0003443	0.0	0.0	0.0	0.0	0.0	0.0	0.0	0.0	0.0	0.0	0.0014197
Lachnospiraceae_bacterium_3_1_46FAA	0.0	0.0005503999999999	0.0	0.00077	0.0004455	0.0023361	0.0005992	0.001261	0.0	0.0002501	0.0056333999999999	0.001041	0.0036275999999999	0.0	0.0038552	0.0033396	6.04e-05	0.0032192	0.0104741	0.0004967	0.0005434999999999	0.0008275	0.0003606	0.0092107	0.0	0.0016148	0.0003263	0.0001124	0.0002404	0.0	0.0	9.16e-05	0.0001464	0.0	0.0006721	0.0002498	0.0	0.0030424	0.0	0.0038904	0.0	0.0	0.0002389	0.0024758	0.0	0.0	4.68e-05	0.0002353	0.0008265	0.0	0.0047861999999999	0.0003938	2.21e-05	0.0027776999999999	0.0022725	0.014456	0.0	0.0019687	0.0070793	0.0	0.0	0.0043777	0.0030730999999999	0.0075407	3.2200000000000003e-05
Lachnospiraceae_bacterium_5_1_57FAA	0.0	0.0	0.003528	0.0	2.8300000000000003e-05	0.0	0.0	0.0	0.0	0.0	0.0	0.0	0.0	6.56e-05	8.88e-05	0.0	0.0	0.0	0.0	0.0	0.0	0.0	0.0	0.0	0.0018094	0.0	0.0	0.0005321	0.0	0.0059247	0.0	0.0	0.0	0.0001553	0.0	0.0	0.0	0.0	0.0	0.0	0.0	0.0	0.0	0.0	0.0229368	0.0	0.0110966	0.0	0.0	0.0	0.0001465	0.0	0.0	0.000518	0.0	0.0	0.0046484	0.0037536	0.0001291	0.0	0.0	0.0004971	0.0	0.0	0.0004144999999999
Lachnospiraceae_bacterium_5_1_63FAA	0.0017737	0.0016981	0.0	0.0006707	0.001181	0.0018604	0.001268	0.0016989999999999	0.0008531	0.0022265	0.0003438999999999	0.0015664	0.0002334	0.0044959	0.0097897	0.0004243999999999	0.0004227	0.001484	0.0079824	8.7e-05	3.570000000000001e-05	0.002129	0.0003142	0.0012085	0.0365221	0.0001481	0.0009587999999999	0.0404427	3.78e-05	0.0014596	0.0	0.0057605	0.0041025	0.0014384	0.0026980999999999	0.0	0.0003425	0.0116773	0.0	0.0001457	0.00685	0.0114259	0.003374	0.0	1.83e-05	0.0008474	0.0058101	0.0010505999999999	0.0005878	0.0025934	0.0037597	0.0012799	7.840000000000001e-05	0.0005877	7.62e-05	0.0	0.0002082	0.0028739	0.0040748	0.0	0.0	0.0090959	0.0051533	0.0209444	0.0188048
Lachnospiraceae_bacterium_7_1_58FAA	0.0055056	0.0	0.0	0.0001996	1.46e-05	0.0002129	0.0001152	0.0004024	0.0	0.0001665	0.0001737	4.4e-05	2.6e-05	0.0001169	6.55e-05	0.0017349	1.53e-05	4.99e-05	0.0005385	0.0	4.31e-05	0.0001104	0.0	0.0004007	0.0	0.0002051	0.0004622	5.64e-05	0.0020067	0.0002207	0.0001100999999999	0.0	5.8e-06	0.0002497	5.379999999999999e-05	0.0008147	4.63e-05	0.0014673	0.0	0.000373	0.0003275	0.0	0.0	0.0003691	0.0	0.0	0.0017307	7.41e-05	0.0003498	0.0017417	0.0	0.0001200999999999	6.28e-05	0.0019579	0.0002715	0.0005434	0.0002973	0.0030939	0.0	0.0	0.0	0.0001966	0.0	0.0010129	0.0010416
Lachnospiraceae_bacterium_8_1_57FAA	0.0	0.0	0.01394	0.0064921	0.0	0.0	0.0	0.0	0.001963	0.0	0.0	0.0	0.0	0.0103015	0.0050268	0.0	0.0	0.0017641999999999	0.0	0.0053497	0.0	0.0	0.0	0.011859	0.0028351	0.0	0.0	0.0128697	0.0	0.0008657	0.0	0.0020339	0.0017018	0.0	0.0	0.0	0.0	0.0	0.0	0.0	0.0011108	0.0094165	0.0	0.0	0.0005369	0.0	0.0	0.0	0.0059773	0.0091349	0.0	0.0	0.001238	0.0	0.0	0.0009578	0.0	0.0	0.0	0.0	0.013953	0.0	0.0	0.0	0.0
Roseburia_hominis	0.0145042	0.0002742	0.0	0.0018315999999999	0.0043863999999999	0.0001807	0.0024613	0.0009228	0.0013158	0.0058943999999999	0.0	0.0068468	0.0003753999999999	0.0036625	0.0029358	0.0009793	0.0002119	0.0008374	4.46e-05	0.0	0.0	0.0049221	5.6e-06	0.001714	0.0	0.0	0.0011719	0.0	0.0008500999999999	0.0	0.0	0.0	0.0010464	0.0	0.0	0.0	0.0127686	0.0111548	0.0	0.0	0.0181495	0.0	0.0004559	0.0	0.0	0.0	0.0011158	0.0003613	3.24e-05	0.0001213	0.0	0.0069162999999999	0.0005685999999999	0.0030891	0.0002289	0.0028043	0.0	0.0	0.0	0.0	0.0196476	0.0	0.0	0.0204844	0.0
Roseburia_intestinalis	0.0009984	0.0208328	0.0082217	0.0	0.0017987	0.0016965	0.0002164	1.87e-05	0.0004741	0.0016534	0.0037866999999999	0.0	0.0023015	0.0029151	0.0120107	0.0006579	0.0	0.0003711999999999	0.0154255	0.0001049	0.0	1.02e-05	5.5700000000000005e-05	0.0	0.0505837	4.66e-05	0.0	0.0425709	0.0	0.0240791	0.0	0.0	0.0003126	0.0	0.0014879	0.0	0.051168	0.0192379	0.0	0.0	0.0	0.0	0.0025041	0.0	0.0986743	0.0	0.0	0.0	0.0015832	0.0210704	0.0	0.0008345	0.0039699	0.0237459	0.0001448	0.0	0.0	0.0008791	0.0149124	0.0	0.0113571	0.0864805	0.0137296	0.0266574	0.0
Roseburia_inulinivorans	0.0022728	0.0018723	0.0035695999999999	0.0021002	0.0112707	0.0044632	0.0028209	0.0	0.0040101999999999	0.0006383	0.00053	0.0020819	0.0002165999999999	0.0025877	0.0013682	0.0011989	0.0011033	0.0009663	0.0016729	0.0017785	0.0009722999999999	0.0330106	0.0001010999999999	0.0039637	0.0065168	0.0355599	0.0001053	0.0013012	0.0091808	0.0019055	0.0	0.0043815	0.0037784	0.0	0.0	0.0	0.0380991999999999	0.0004494	0.0	9.76e-05	4.9000000000000005e-06	0.0	0.0	0.0041198	0.0	0.0	0.0	0.001428	0.0001739	0.0099709	0.0	0.0020113	0.0037295	0.0254902	0.00011	0.0	0.0017737999999999	0.0019638	0.0104334	0.0	0.0137711	0.006248	0.0	0.0134942	0.0
Roseburia_unclassified	0.0	0.0	0.0	0.0070965	0.0	0.0018064	0.0001605	0.0007377999999999	0.0	0.0	0.0	0.0	0.0017786999999999	0.0	0.0	0.0	0.000982	0.0004418	0.0	0.0030866	0.0005602	0.0	0.0	0.0	0.0	0.0	0.0	0.0	0.0	0.016491	0.0	0.0058188999999999	0.0	0.0013289	0.0021275	0.0002282	0.0	0.0	0.0	0.000659	0.0	0.0001446	0.0008599	0.0	0.0	8.340000000000001e-05	0.0166896	0.0006829	0.0007961	0.0	0.0	0.0053283	0.0020835	0.0	0.0001047	0.0	0.0	0.0077429	0.0	0.0	0.0	0.0	0.0	0.0	0.0004335
Oscillibacter_unclassified	0.0005618	0.0019868	0.0013224	0.0114976	0.0043991	0.0020591	0.0065893999999999	0.0018840999999999	0.0012427999999999	0.0014632999999999	0.0008474	0.0019564	0.0099174	0.0088607	0.0002953	0.0132632	0.0003738	0.0022716	0.0090892999999999	0.000594	0.0003191	0.0038539	3.4899999999999995e-05	0.0025633	0.0	0.0016771	0.0010431	0.0005139	0.0049293	0.0073431	0.0	0.0004887	0.0014777999999999	0.0109602	0.0128287999999999	0.0026963	0.0053888999999999	0.0053417	0.0	0.0019882999999999	0.0039711999999999	0.0	0.0011305999999999	0.0004128	0.0	0.0036100999999999	0.0138021	0.0040354	0.0019165	0.0042736999999999	0.0004311	0.0071605	0.0024925	0.0155704	0.0008787	0.0032897	0.0233539	0.0070706999999999	0.0016632	0.0	0.0017019	0.0029971	0.0006746	0.0089223999999999	0.0038329
Clostridium_bartlettii	0.0010424	0.0016239	0.0007832	0.0037007	0.0	0.0027688	0.0001896	0.0001416999999999	0.0020821	0.0	0.0061088	0.0004359	0.0019827	0.000221	0.0014077999999999	0.0027381999999999	0.0	0.0001426999999999	0.0070525	0.0018320999999999	0.0011187	5.58e-05	0.0014215	0.0026417	0.0038623	0.0	0.0001520999999999	0.0001100999999999	0.0019003	0.0	0.0	0.002288	0.0002921	0.0010111	0.003922	0.0020558	0.014518	0.0003038999999999	0.0	0.0047201	0.0	0.0	0.0057552	0.0010791	0.0082736	0.0	0.0027145	0.0004327	0.0030096999999999	0.0003656	0.0	0.0018357	0.0011044	0.0017369	0.0017319	0.0003301	0.0	0.0177953	0.0008933999999999	0.0	0.0002028	0.0	0.0016453	0.0015594	0.0016783
Peptostreptococcaceae_noname_unclassified	0.0021436999999999	0.0026189	0.0024393	0.0	0.0005192	0.0010081	0.0005842	0.005836	0.0209587	0.0024281	0.006925	0.0009539999999999	0.0	0.0003296	0.0004279	0.0018054	6.890000000000001e-05	0.0077816999999999	0.0036111999999999	0.0125054	0.0	0.0032551999999999	0.0	0.0041249	0.0	0.0	0.0034366	0.0005777	0.0118712	0.000709	0.0004246	0.0077389	0.002105	0.0017097	0.0	0.0061303999999999	0.0	0.0018307	0.1014559999999999	0.0036494999999999	0.0101409999999999	0.0005847	0.0035003	0.0	0.0	0.0	0.0	0.0	0.0	0.0070312	0.0	0.0019576	0.0016081	0.0	0.0004266999999999	1.97e-05	0.0	0.0	0.0	0.0	0.0045623	0.0007659	0.0025556	0.0064433	0.0001964
Faecalibacterium_prausnitzii	0.0791463999999999	0.154411	0.0448258	0.0526223	0.0924781	0.0867251	0.0467649	0.0214025999999999	0.0341064	0.0539116	0.0440515	0.070372	0.0609550999999999	0.067534	0.0660105	0.0021831	0.0562585	0.0224002	0.0016232	0.0677251	0.0506360999999999	0.095651	0.0015936	0.102654	0.0	0.0372808	0.0132429	0.0610464	0.0734628999999999	0.117795	0.0	0.1086559999999999	0.191358	0.0528400999999999	0.0224220999999999	0.177842	0.133871	0.106178	0.0	0.0693143999999999	0.0354006	0.0228926	0.0577086	0.0	0.0026603	0.0	0.0	0.0648591999999999	0.0386121999999999	0.0651831	3.700000000000001e-06	0.1942829999999999	0.0380084	0.0429602	0.0399632	0.0722096	0.0	0.0010792	0.0003313	0.0	0.287851	0.0825383	0.0678692	0.0411285	0.0
Ruminococcaceae_bacterium_D16	0.0	0.0	0.0032311	3.4e-05	0.0	0.0002209	0.0	9e-05	0.0	0.0	0.0	0.0	4.78e-05	0.0	0.0	0.0001815	0.0	0.0	0.0	0.0	0.0	0.0	0.0	0.0006192	0.0	0.0001215	0.0	0.0	0.0	0.0	0.0	8.3e-06	0.0	0.0	0.0	0.000678	0.0001919	0.0002061	0.0	3.19e-05	1.32e-05	0.0	0.0	0.0011539999999999	0.0	0.0	0.0	0.000267	0.0022804	6.68e-05	0.0	0.0034357	0.0004985	2.53e-05	0.0	0.0026494	0.0	0.0	0.0	0.0	0.0009743	0.0007365	0.0	0.0	0.0
Ruminococcus_bromii	0.0436845	0.140458	0.0867091	0.0	4.05e-05	0.0813452	0.0399987	0.0006649	0.219482	0.118101	0.0692127	0.0	0.185564	0.0001283	3.73e-05	0.0584503	0.13128	3.33e-05	0.000139	4.69e-05	0.049142	8.51e-05	0.0	0.0	0.0	0.0051037	0.0	0.0	0.0486561	0.0	0.0	0.0	0.0	0.0	0.0	0.0	5.03e-05	0.0	0.0	0.0	0.038709	0.0	0.0	0.0815357	0.0	0.0	0.0	0.222752	0.2092949999999999	0.0	0.0	0.0956353	0.0965327	0.0009835	0.0	0.0615415999999999	0.0	0.0	0.0	0.0	5.04e-05	0.0	0.0	0.170775	0.0
Ruminococcus_callidus	0.0	0.0243804	0.0002569999999999	0.0011998	0.0219789	0.0071103	6.01e-05	0.0008535999999999	0.0012847	0.0	0.0	0.0001129	0.0	0.0016565999999999	0.0	0.0002189999999999	0.0001054999999999	0.0	0.0	2.9e-06	0.0	0.0	0.0	0.0	0.0	7.01e-05	0.0	0.0	0.0	0.0	0.0	0.023656	0.0	0.0	0.0290519	0.0	0.0003638999999999	0.0	0.0	0.0	0.0	0.0	0.0893614	0.0	0.0	0.0	0.0	0.0	0.0	0.0	0.0	0.0	0.0087943	0.0	4.92e-05	0.0	0.0	0.0	0.0004849999999999	0.0	0.0021057	0.0	0.0	0.0	0.0
Ruminococcus_lactaris	0.0036748	0.0242294	0.0	4.3e-06	0.0	0.0	0.0	0.0026118	0.0013019	0.0203509	2.01e-05	0.0	0.0015182	0.0	0.0028568	0.0007913	0.0048786	0.0	9.7e-06	0.0	6.6e-05	0.0	0.0	0.0	0.0	0.0296104	0.0062546	0.0	0.0015482	0.0	0.0	0.0005472	0.008225	0.0	0.0	0.0	0.0092196	0.0	0.0	0.0	0.0179717	0.0001437	0.0	0.0	0.0	0.0	0.0	0.0036578	0.0	0.0029522	0.0	0.0091809	0.0036111999999999	0.0405559	2.99e-05	0.0	0.0	0.0	0.0161118	0.0	0.0	0.0	0.0050998	0.0	0.0
Ruminococcus_sp_5_1_39BFAA	0.0	0.058258	0.0	0.0243438	0.135148	0.0567035999999999	0.0724896999999999	0.0680455	0.0529269	0.131576	0.1832069999999999	0.0458388	0.0311042	0.0451194	0.110077	0.0062284	0.0948046	0.0167567	0.2194179999999999	0.0352940999999999	0.0504008	0.148167	0.0337393	0.0	0.0	0.0373324	0.0	0.157452	0.03792	0.0	0.0	0.0123847	0.0287846999999999	0.0818383	0.0	0.0	0.0159735	0.0	0.0	0.0250725	0.0	0.0731697	0.143905	0.0583326	0.0	0.0	0.118565	0.0743988	0.0481756	0.0756442	0.247156	0.1176	0.0414045	0.0636265	0.0503427	0.0	0.0	0.0	0.0	0.0	0.0	0.186748	0.0	0.145169	0.0
Subdoligranulum_unclassified	0.0274026	0.0293630999999999	0.0092639	0.027929	0.15524	0.274826	0.0484668	0.165748	0.0915268	0.0306684	0.0447216	0.0411225	0.019427	0.0108659999999999	0.116881	0.132109	0.0252692999999999	0.106422	0.020912	0.028185	0.0974538	0.0697398	0.0005481	0.0786223	0.0140763	0.0878789	0.195405	0.0017502	0.0290859	0.0017015	0.0131773	0.1166349999999999	0.0405352	0.0055841	0.0415194	0.0094638999999999	0.0420431	0.0280211	0.0	0.0288106	0.022754	0.0003628999999999	0.0047233999999999	0.0282004	0.0039915	0.0027383	0.0072483	0.0156673	0.0082861	0.0656076	0.0086185	0.0526533999999999	0.0078453	0.0312356	0.0838995	0.0728904	0.0106131	0.196399	0.0098697	5.96e-05	0.0222629999999999	0.0195548	0.005632	0.0941781999999999	0.0063344
Coprobacillus_unclassified	0.0	0.0	0.0195488	7.97e-05	0.0	0.0	0.0	0.0	0.0	0.0	0.0	0.0	0.0002008999999999	0.0	0.0	0.0	0.0	0.0	0.0006053	0.0	0.0	0.0	0.0	0.0	0.0020629999999999	0.0	0.0	0.0028127	3.3100000000000005e-05	0.0029649999999999	0.0409075999999999	0.0	0.0	0.0002821	0.0	2.7399999999999995e-05	0.0	0.0	0.0	0.0	0.0	0.0	0.0	0.0008667999999999	0.0057215	0.0021006	0.0009977	0.0	0.0	0.0	0.0033186	0.0	0.0	0.0	0.0	0.0	0.0018170999999999	0.0009628999999999	0.0015083	0.0	0.0	0.0020373	0.0	0.0006977999999999	0.0006967
Clostridium_ramosum	0.0	0.0	0.0046317	0.0	0.0	0.0	0.0	0.0	0.0	0.0	0.0	0.0	0.0002435	0.0	0.0	0.0	0.0	0.0	2.85e-05	0.0	0.0	0.0	0.0	0.0	0.0002329	0.0	0.0	0.0027758	0.0001052	0.0003952	0.0208387	0.0	0.0	0.0	0.0	0.0	0.0	0.0	0.0	0.0	0.0	0.0	0.0	0.0001827	0.0037861999999999	0.0013445	0.0004368	0.0	0.0	0.0	0.004374	0.0	0.0	0.0	0.0	0.0	0.000339	0.0002017	0.0003669	0.0	0.0	0.0003926	0.0	3.87e-05	0.0008687
Eubacterium_biforme	0.0092129999999999	0.0	0.0	0.0	0.0	0.0	0.0	0.0005598	0.0005392	0.0643729	0.0	0.0	0.0052759999999999	0.0	0.0	0.0	0.0823827999999999	0.0	1.91e-05	0.031556	0.0	0.0	0.0	0.0629283	0.0	0.0044553999999999	0.0062229	0.0	0.0	0.0	0.0	0.0043743	0.0	0.0	0.0	0.0157939	0.0	0.0	0.0	0.0262086	0.0	0.0	0.0	0.0	0.0	0.0	0.0303873	0.0	0.0326359	0.0	0.0	0.0	0.0329294	0.02978	0.0063116	0.167546	0.0	0.0	0.0	0.0	0.0	0.0	0.0	0.0	0.0
Eubacterium_cylindroides	1.67e-05	0.0	0.0	0.0138524	0.0	0.0	0.0	0.0	0.0006492999999999	0.0	0.0	0.0	0.001101	0.0	0.0	0.0	0.0	0.0	0.0	0.0	0.0030552	0.0	0.0	0.0	0.0	0.0118257	0.0	0.0	0.0	0.0	0.0	0.0	0.0	0.0	0.0	0.0520008	0.0	0.0	0.0	0.0	0.0	0.0	0.0	0.0	0.0	0.0	0.0	0.0	0.0	0.0159741	0.0	0.0	0.0	0.0	0.0	0.0016182	0.0	0.0	0.0	0.0	0.0	0.0	0.0	0.0	0.0
Phascolarctobacterium_succinatutens	0.0	0.0	0.0	0.0	0.0	0.0161428	0.0321209	0.0	0.0	0.0052868	0.0	0.0	0.0088871	0.0	0.0	0.0	0.0	0.0	0.0	0.0	0.0088583	0.0	0.0	0.0208465	0.0	0.0	0.0	0.0	0.0	0.0	0.0	0.0294822	0.0	0.0	0.0	0.0	0.0	0.0	0.0	0.0	0.0	0.0	0.0	0.0	0.0	0.0	0.0	0.0	0.0	0.0	0.0197783	0.0	0.0	0.0	0.0	0.0141123999999999	0.0	0.0	0.0	0.0	0.0	0.0	0.0	0.0	0.0
Dialister_invisus	0.0494123	0.0343343	0.0	0.0	0.0613965	0.0	0.0	0.0002781	0.0132387	0.0	0.0	0.0535765999999999	0.0	0.0	0.0705857	0.0	0.0	0.0	0.0721026999999999	0.0	0.0	0.0978755	0.0	0.0	0.0	0.0	0.0	0.0399153	0.0	0.054269	0.0	0.0	0.0399212	0.0306739	0.0146656	0.0106457	0.0	0.0	0.0	0.0485729	0.0013227	0.1076859999999999	0.0674765	0.002008	0.0	0.0	0.0421079	0.0	0.0	0.0344921	0.0	0.0957531	0.0	0.08137	0.0395275	0.0	0.0469264999999999	0.0	0.155216	0.0034231	0.0027788	0.0386675	0.0471981999999999	0.0555409	0.0673388
Veillonella_parvula	0.0	0.0	0.0	0.0	0.0	0.0	0.0	0.0	0.0	0.0	0.0	0.0	0.0	0.0	0.0	0.0	0.0	0.0	0.0	0.0	0.0	1.02e-05	0.0004304999999999	0.0	0.0	0.0001069	0.0	0.0	0.0	5.12e-05	0.0117127999999999	0.0	0.0	0.0	0.0	0.0002437	0.0004832	0.0	0.0203249	0.0	0.0	0.0	0.0018405	0.0	0.0	0.105849	0.0	0.0	0.0	0.0045073	4.11e-05	0.0	0.0003214	0.0	1.36e-05	0.0	0.0	0.0	0.0003045	0.0504273	0.0	0.0	0.0007635	0.0	0.0
Sutterella_wadsworthensis	0.0	0.0	0.0006868999999999	0.0055986	0.0	0.0008565	0.0	0.0002666	0.0026972	6.42e-05	0.0	0.0	1.99e-05	0.0	0.0	0.0024847	0.0	0.0001165	0.0	0.0	0.0	0.0	0.0	0.0	0.0	4.92e-05	0.0	0.0	0.0	0.0	0.0	0.0059033	0.0011984	0.0051998	0.0	0.0	0.0001661	0.0	0.0	0.0	0.0	0.0166524	0.0	0.0	0.0	0.0	0.0009517	0.0	0.0034771	0.0	0.0	0.0	0.000244	0.0	0.0	0.0001662	0.0	0.0	0.0	0.0	0.0	0.0	0.0323315	0.0	0.0
Bilophila_unclassified	0.0	0.0027214	0.0073891	0.0030243	0.0004763999999999	0.0035446999999999	0.0046148999999999	0.0001608	0.0002065999999999	0.0	0.0	0.0009653999999999	0.0001695	0.0002703	9.63e-05	0.0009117	0.0	0.0013174	5.629999999999999e-05	0.0	4.81e-05	0.0	0.0	0.0	0.0	0.0012742	0.0025818	0.0	0.0	0.002751	0.0	0.0	0.0	0.0021495	0.0	0.0	0.0	0.0	0.0	0.0006638999999999	0.0	0.0	0.0	0.0	0.0	0.0	0.0022363	0.00015	0.0020445	0.0013493	0.0	0.0	0.0005643	0.0017672999999999	0.0050885	0.0	0.0	0.0	0.0041473	0.0	0.0005137	0.0002053	0.0	0.0	0.0
Escherichia_coli	0.0	0.0069087	0.0015748	0.0012152999999999	0.0003258	0.0006104	0.0008295999999999	0.0016729	0.0031049	6.1e-05	0.0002606	0.000552	0.0379124	0.0	0.0	0.0157621	8.65e-05	0.0011876	0.0149397	0.0	0.0007197	0.0003714	0.0001281999999999	0.0	0.0250697	0.0055144	0.0016367	0.0	0.0	0.0	0.0116176	0.0007024	0.0	0.0	0.0	0.0002813999999999	0.0	0.0	0.0348731	0.0006764	0.0130342999999999	0.0	0.0	0.0003355	0.0462567	0.0422385999999999	0.0	0.0	0.0	0.0	0.0003415	0.0	0.0	0.0021198	0.0104707	0.0002682	0.0047373999999999	0.0008579	0.0009587999999999	0.0018566	0.0	0.0010019	0.0166567	0.0	0.0004248
Escherichia_unclassified	7.47e-05	0.0061553	0.0013725999999999	0.0	0.0001006	0.0012177	0.0003393999999999	0.0008334	0.0	0.0004081	0.0005717	5.9e-06	0.0042374	0.0	0.0	0.0	0.0001623	0.0	0.0003997	0.0	0.0009652	0.0001724	5.31e-05	0.0	8.87e-05	0.000851	0.0	0.0	0.0	0.0	0.0046521999999999	0.0	0.0	0.0004766	0.0001274	5.69e-05	0.0	0.0	0.0018034	0.0	0.0	0.0	0.0	0.000239	0.0093152	0.002624	0.0	0.0	0.0	0.0	0.0	0.0002265	0.0	0.000188	0.0	0.0	0.0038424999999999	0.0	0.0	0.0009042999999999	0.0	0.0	0.0073503	0.0	0.0004646
Akkermansia_muciniphila	0.0	0.0	0.0	0.1241369999999999	0.0164662	0.0	0.233289	0.057164	0.0	0.0655791999999999	1.85e-05	0.0	0.0	0.1461569999999999	0.0002748	0.155269	0.0013544	0.0718383	0.0	0.0020148	0.0631646999999999	1.8e-06	0.0	0.0	0.0	0.0	0.110025	0.0	0.0264995	0.0	0.3175389999999999	0.0	0.0	0.019231	0.0	0.0	0.0	0.0	0.0	0.0	0.0	0.0	0.0	0.0	0.0	0.0004981	0.0192784	0.0166022	0.0	0.0	0.0	0.0280592	0.0103769	2.55e-05	0.0037724	0.0	0.0	0.0	0.0	0.0	0.0	0.0593462	0.0	0.0	0.0
Methanobrevibacter_unclassified	0.007443	0.0	0.0	0.0	0.0	0.0	0.0017865	0.0	0.0	0.0	0.0	0.0	0.001644	0.0	2.07e-05	0.0	0.0	0.029586	0.0	0.0008789	0.0024233	0.0	0.0	0.0	0.0	0.0040311	0.0322791	0.0	0.0	0.0	0.0	0.0	0.0	0.0	0.0	0.0062825	0.0	0.0	0.0	0.0	0.0	0.0	0.0	0.0	0.0	0.0	0.0	0.0	0.0	0.0	0.0	0.0	0.0	0.0	0.0	0.0026695	0.0	0.0	0.0	0.0	0.0121627999999999	0.0	0.0	0.0	0.0
Collinsella_stercoris	0.0	0.0	0.0	0.0	0.0011137	0.0	0.0	0.0	0.0	0.0	0.0	0.0	0.0	0.0	0.0	0.0	0.0	0.0	0.0	0.0	0.0	0.0	0.0032106	0.0	0.0	0.0	0.0	0.0	0.0	0.0	0.0	0.0	0.0	0.0	0.0	0.0	0.0	0.0	0.0	0.001045	0.0	0.0	0.0	0.0	0.0	0.0	0.0	0.0	0.0	0.0	0.0228437999999999	0.0	0.0	0.0	0.0	0.0	0.0	0.0	0.0	0.0	0.0015282	0.0	0.0	0.0	0.0
Bacteroides_clarus	0.0	0.0013265999999999	0.0	0.0024113	0.0	4.42e-05	0.0005025	0.0012962	0.0001	0.0	0.0	0.0	0.0	0.0	0.0	0.0162962	0.0	0.0	0.0	0.0	0.0	0.0	0.0	0.0	0.0	0.0	0.0004825	0.0	0.0073861	0.0	0.0	0.0	0.0057594	0.0	0.0	0.0	0.0	0.0	0.0	0.0	0.0	0.0	0.0117532	0.0	0.0	0.0	0.0	0.0030711	0.0027389	0.0	0.0	0.0	0.0	0.0	0.0004306	0.0	0.0	0.0	0.0	0.0	0.0	0.0	0.0	0.0	0.0
Bacteroides_plebeius	0.0	0.0	0.0	0.0	0.0	0.0	0.0	0.0	0.0197986	0.0	0.0	0.0	0.0	0.0	0.0	0.0	0.0	0.0	0.0	0.0	0.0	0.0	0.0	0.0041937	0.0	0.0	0.0	0.0	0.0	0.0	0.0	0.0060888999999999	0.0	0.0	0.0	0.0	0.0	0.0	0.0	0.0	0.0	0.0	0.0	0.0	0.0	0.0	0.0	0.0	0.0	0.0	0.0	0.0	0.0160643	0.0	0.0	0.0011120999999999	0.0	0.0	0.0	0.0	0.0	0.0	0.0	0.0	0.0
Lactobacillus_delbrueckii	0.0	0.0	0.0	0.0	0.0	0.0	0.0	0.0	0.0	0.0278065999999999	0.0008817	0.0	0.0	0.0	0.0	0.0025353999999999	0.0	0.0039454	0.0	0.0108386	0.0	0.0	0.0	0.0	0.0	0.0	0.0	0.0	0.0	0.0058055	0.0	0.0	0.0	0.0	0.0	0.0001595999999999	0.0	0.0320856	0.0	0.0	0.0	4.8200000000000006e-05	0.0	0.0	0.156907	0.0	0.0	0.0	0.0	0.0006634	0.0	0.0341681	0.0	0.0	0.0002763	0.0	0.0005612999999999	0.0	0.0	0.194522	0.0	0.0	0.0	0.002892	0.0
Lactobacillus_sakei	0.0	0.0	0.0	0.0	0.0	0.0	0.0	0.0	0.0	0.0	0.0	0.0	0.0	0.0	0.0	0.0	0.0012760999999999	0.0	0.0	6.11e-05	0.0	0.0004661	0.0025831	0.0	0.0	0.0015474	0.0	0.000131	0.0	0.0	0.0	0.0	0.0	0.0	0.0	0.0015054	0.0	0.0	0.0	0.0	0.0081415999999999	0.0	0.0	0.0	0.0	0.0	0.0	0.0	0.0001825	0.0006777	0.0029224	0.0	0.0	0.0002168	0.004369	0.0	0.0	0.0001102	0.0	0.0	0.0026443	0.0	0.0	0.0	0.0003151999999999
